,level_0,index,Name,School,Conf,Season,SOS,G,GS,MP,PTS,DRB,ORB,TRB,AST,STL,BLK,TOV,PF,FG,FGA,FG%,FT,FTA,FT%,2P,2PA,2P%,3P,3PA,3P%,year,last
0,1,1,Blake Griffin,Oklahoma,Big 12,2009,6.88,35,35,33.3,22.7,10.5,3.9,14.4,2.3,1.1,1.2,3.3,2.5,8.6,13.1,0.654,5.5,9.3,0.59,8.5,12.9,0.659,0.1,0.2,0.375,2,1
1,4,5,Hasheem Thabeet,UConn,Big East,2009,8.57,36,36,31.8,13.6,7.1,3.7,10.8,0.5,0.6,4.2,1.9,2.5,4.9,7.7,0.64,3.7,5.9,0.627,4.9,7.7,0.64,0.0,0.0,0.0,3,1
2,6,8,James Harden,Arizona State,Pac-10,2009,7.82,35,35,35.8,20.1,4.2,1.4,5.6,4.2,1.7,0.3,3.4,2.8,6.3,12.9,0.489,5.8,7.7,0.7559999999999999,4.7,8.3,0.564,1.7,4.7,0.35600000000000004,2,1
3,7,10,Tyreke Evans,Memphis,CUSA,2009,4.63,37,35,29.0,17.1,4.1,1.3,5.4,3.9,2.1,0.8,3.6,2.4,6.2,13.6,0.455,3.7,5.2,0.711,5.3,10.3,0.514,0.9,3.4,0.274,1,1
4,9,13,Jonny Flynn,Syracuse,Big East,2009,9.48,38,38,37.3,17.4,2.2,0.6,2.7,6.7,1.4,0.2,3.4,1.4,5.8,12.5,0.46,4.7,6.0,0.7859999999999999,4.6,8.8,0.521,1.2,3.7,0.317,2,1
5,12,17,Stephen Curry,Davidson,Southern,2009,-3.33,34,34,33.7,28.6,3.8,0.6,4.4,5.6,2.5,0.2,3.7,2.4,9.2,20.2,0.454,6.5,7.4,0.8759999999999999,5.4,10.3,0.519,3.8,9.9,0.387,3,1
6,15,21,Jordan Hill,Arizona,Pac-10,2009,8.8,34,34,35.7,18.3,6.8,4.2,11.0,1.5,0.9,1.7,2.9,3.0,7.4,13.8,0.537,3.4,5.3,0.654,7.4,13.8,0.537,0.0,0.0,0.0,3,1
7,16,23,DeMar DeRozan,USC,Pac-10,2009,9.15,35,35,33.4,13.9,3.3,2.4,5.7,1.5,0.9,0.4,2.1,2.1,5.5,10.5,0.523,2.7,4.2,0.6459999999999999,5.3,9.5,0.562,0.2,1.0,0.16699999999999998,1,1
8,20,28,Terrence Williams,Louisville,Big East,2009,8.41,37,36,34.2,12.5,7.2,1.4,8.6,5.0,2.3,0.8,2.3,1.7,4.6,10.6,0.431,1.8,3.2,0.581,3.0,6.6,0.459,1.5,4.0,0.385,4,1
9,24,33,Tyler Hansbrough,UNC,ACC,2009,8.35,34,34,30.3,20.7,5.1,3.0,8.1,1.0,1.2,0.4,1.9,2.3,6.6,12.8,0.514,7.3,8.7,0.841,6.3,12.1,0.521,0.3,0.7,0.391,4,1
10,27,37,Earl Clark,Louisville,Big East,2009,8.41,37,36,34.3,14.2,5.9,2.8,8.7,3.2,1.0,1.4,3.2,1.9,5.5,11.9,0.457,2.4,3.8,0.647,4.6,9.4,0.493,0.8,2.6,0.326,3,1
11,29,40,Austin Daye,Gonzaga,WCC,2009,3.55,34,33,26.3,12.7,5.8,1.1,6.8,1.1,0.7,2.1,2.1,2.9,4.7,9.8,0.477,2.3,3.2,0.706,3.6,7.3,0.494,1.1,2.5,0.429,2,1
12,30,42,Jrue Holiday,UCLA,Pac-10,2009,7.18,35,35,27.1,8.5,2.5,1.3,3.8,3.7,1.6,0.5,2.1,2.1,3.2,7.1,0.45,1.3,1.8,0.726,2.4,4.6,0.528,0.8,2.5,0.307,1,1
13,33,46,Ty Lawson,UNC,ACC,2009,8.35,35,35,29.9,16.6,2.3,0.7,3.0,6.6,2.1,0.1,1.9,1.7,5.2,9.8,0.532,4.7,5.9,0.7979999999999999,3.7,6.7,0.56,1.5,3.1,0.472,3,1
14,35,49,Jeff Teague,Wake Forest,ACC,2009,7.36,31,31,32.0,18.8,2.8,0.5,3.3,3.5,1.9,0.6,3.4,2.2,5.8,12.0,0.485,5.8,7.1,0.8170000000000001,4.4,8.7,0.502,1.5,3.3,0.441,2,1
15,39,54,Eric Maynor,VCU,CAA,2009,-0.65,34,34,35.5,22.4,3.1,0.5,3.6,6.2,1.7,0.2,3.0,2.4,7.3,15.8,0.463,5.8,7.1,0.815,5.4,10.4,0.516,1.9,5.4,0.361,4,1
16,43,59,Darren Collison,UCLA,Pac-10,2009,7.18,35,35,31.5,14.4,1.9,0.5,2.4,4.7,1.6,0.1,2.5,1.5,5.0,9.8,0.509,3.2,3.6,0.897,3.8,6.9,0.5579999999999999,1.2,3.0,0.394,4,1
17,44,61,BJ Mullens,Ohio State,Big Ten,2009,8.23,33,2,20.3,8.8,3.0,1.7,4.7,0.3,0.5,1.1,1.5,2.1,3.6,5.7,0.638,1.6,2.8,0.5589999999999999,3.6,5.7,0.642,0.0,0.0,0.0,1,1
18,47,65,Taj Gibson,USC,Pac-10,2009,9.15,35,35,33.7,14.3,5.5,3.5,9.0,1.3,1.0,2.9,2.1,2.9,5.4,9.0,0.601,3.4,5.2,0.659,5.4,9.0,0.601,0.0,0.0,0.0,3,1
19,51,70,DeMarre Carroll,Missouri,Big 12,2009,6.72,38,38,28.0,16.6,4.8,2.4,7.2,2.2,1.6,0.7,1.5,2.2,6.5,11.6,0.5579999999999999,3.2,5.0,0.634,6.1,10.4,0.579,0.4,1.2,0.364,4,1
20,54,74,Wayne Ellington,UNC,ACC,2009,8.35,38,37,30.4,15.8,3.4,1.5,4.9,2.7,0.9,0.2,1.6,1.5,5.7,11.7,0.483,2.3,2.9,0.777,3.4,6.3,0.539,2.2,5.4,0.417,3,1
21,58,79,Toney Douglas,Florida State,ACC,2009,7.91,35,35,36.5,21.5,3.1,0.8,3.9,2.9,1.8,0.4,2.5,2.2,6.8,15.3,0.446,5.4,6.6,0.81,4.4,9.0,0.489,2.4,6.3,0.385,4,1
22,62,84,Jeff Pendergraph,Arizona State,Pac-10,2009,7.82,35,35,32.5,14.5,5.7,2.5,8.2,0.9,0.5,0.9,1.2,2.7,5.7,8.6,0.66,3.2,4.1,0.779,5.7,8.5,0.662,0.0,0.0,0.0,4,1
23,66,89,Jermaine Taylor,UCF,CUSA,2009,1.26,31,31,31.9,26.2,3.3,1.9,5.2,1.9,1.3,0.8,2.8,1.8,9.4,19.5,0.48,4.5,5.5,0.812,6.4,11.6,0.551,3.0,7.9,0.376,4,1
24,70,94,Dante Cunningham,Villanova,Big East,2009,8.72,38,38,31.6,16.1,4.9,2.6,7.5,1.2,1.2,1.2,2.2,2.7,6.4,12.2,0.525,3.3,4.7,0.6970000000000001,6.4,12.2,0.527,0.0,0.1,0.0,4,1
25,73,98,DaJuan Summers,Georgetown,Big East,2009,8.97,31,31,29.4,13.6,3.0,1.2,4.1,1.3,1.1,0.7,2.6,2.6,4.4,9.3,0.474,3.1,4.4,0.713,2.7,5.0,0.552,1.7,4.4,0.385,3,1
26,77,103,Sam Young,Pitt,Big East,2009,8.61,36,36,31.8,19.2,4.3,1.9,6.3,1.1,1.0,0.8,2.4,1.7,7.3,14.4,0.502,3.2,4.3,0.74,5.8,10.4,0.552,1.5,4.0,0.3720000000000001,4,1
27,79,106,DeJuan Blair,Pitt,Big East,2009,8.61,35,35,27.3,15.7,6.8,5.6,12.3,1.2,1.5,1.0,1.3,2.7,6.5,10.9,0.593,2.8,4.6,0.605,6.5,10.9,0.593,0.0,0.0,0.0,2,1
28,83,111,Jon Brockman,Washington,Pac-10,2009,8.19,34,34,30.5,14.9,7.3,4.2,11.5,1.1,0.9,0.1,1.9,3.0,5.6,10.6,0.526,3.7,5.8,0.64,5.6,10.6,0.528,0.0,0.0,0.0,4,1
29,86,115,Derrick Brown,Xavier,A-10,2009,4.65,35,35,29.5,13.7,3.7,2.3,6.1,1.9,0.7,0.9,1.7,2.5,4.9,9.6,0.504,2.9,3.9,0.741,3.7,7.1,0.53,1.1,2.6,0.433,3,1
30,89,119,Jodie Meeks,Kentucky,SEC,2009,4.82,36,36,34.4,23.7,2.9,0.5,3.4,1.8,1.3,0.1,2.7,1.9,7.3,15.8,0.463,5.9,6.5,0.902,4.1,7.8,0.521,3.3,8.0,0.406,3,1
31,91,122,Marcus Thornton,LSU,SEC,2009,3.27,35,35,31.9,21.1,3.5,2.0,5.5,2.1,1.6,0.4,1.8,2.1,7.3,15.5,0.472,4.3,5.7,0.745,5.1,9.7,0.522,2.2,5.7,0.388,2,1
32,94,126,Chase Budinger,Arizona,Pac-10,2009,8.8,35,35,37.6,18.0,4.8,1.4,6.2,3.4,1.4,0.5,2.4,1.9,6.3,13.0,0.48,3.6,4.5,0.8009999999999999,4.3,8.2,0.528,1.9,4.8,0.399,3,1
33,96,129,Nick Calathes,Florida,SEC,2009,3.88,36,35,33.3,17.2,4.5,0.9,5.3,6.4,1.9,0.2,3.3,1.9,5.7,11.8,0.482,3.8,5.3,0.7070000000000001,3.7,6.6,0.555,2.0,5.2,0.39,2,1
34,100,134,Danny Green,UNC,ACC,2009,8.35,38,38,27.4,13.1,2.8,1.8,4.7,2.7,1.8,1.3,1.7,2.2,4.8,10.3,0.471,1.4,1.6,0.852,2.8,5.4,0.517,2.0,4.8,0.418,4,1
35,104,139,Taylor Griffin,Oklahoma,Big 12,2009,6.88,36,36,30.0,9.6,3.6,2.3,5.8,1.3,1.3,1.0,1.7,2.8,3.5,6.5,0.536,2.5,3.6,0.7,3.3,6.1,0.5479999999999999,0.1,0.4,0.35700000000000004,4,1
36,108,144,Goran Suton,Michigan State,Big Ten,2009,9.37,32,29,26.7,10.4,5.5,2.9,8.4,1.6,1.1,0.5,1.8,2.5,3.8,7.4,0.521,2.1,2.5,0.848,3.2,5.9,0.5429999999999999,0.7,1.5,0.438,4,1
37,112,149,Jack McClinton,Miami (FL),ACC,2009,9.04,32,31,32.2,19.3,2.5,0.6,3.1,2.8,0.8,0.0,2.6,1.6,6.3,13.9,0.449,3.6,4.1,0.885,3.1,6.9,0.446,3.2,7.0,0.453,4,1
38,115,153,A.J. Price,UConn,Big East,2009,8.57,35,35,31.8,14.7,2.9,0.6,3.5,4.7,0.7,0.0,2.7,1.3,4.9,11.9,0.408,2.7,3.7,0.721,2.5,6.1,0.413,2.3,5.8,0.402,3,1
39,119,158,Robert Vaden,Alabama-Birmingham,CUSA,2009,3.67,34,34,36.5,17.6,4.2,0.7,4.9,2.1,1.0,0.6,2.5,1.8,6.1,15.4,0.397,2.2,2.9,0.74,2.8,5.8,0.48,3.3,9.5,0.34600000000000003,4,1
40,121,161,Patrick Mills,Saint Mary's,WCC,2009,1.49,26,24,33.3,18.4,1.9,0.5,2.4,3.9,2.2,0.2,2.9,1.7,6.3,15.6,0.402,3.3,3.8,0.8590000000000001,3.7,8.0,0.464,2.6,7.6,0.338,2,1
41,125,166,Ahmad Nivins,St. Joseph's,A-10,2009,2.21,32,32,39.3,19.2,7.9,3.9,11.8,1.0,0.8,1.8,2.7,2.2,6.4,10.5,0.612,6.3,8.1,0.787,6.4,10.4,0.614,0.0,0.0,0.0,4,1
42,127,169,Lester Hudson,UT-Martin,OVC,2009,-4.9,32,32,36.0,27.5,5.8,2.2,7.9,4.2,2.3,0.6,3.3,2.7,9.8,21.8,0.449,4.6,5.3,0.8809999999999999,6.5,12.4,0.52,3.3,9.3,0.355,2,1
43,130,173,Chinemelu Elonu,Texas A&M,Big 12,2009,6.13,34,30,23.8,9.8,4.5,2.9,7.3,0.3,0.3,1.6,1.8,2.8,3.8,5.7,0.665,2.2,3.6,0.628,3.8,5.7,0.665,0.0,0.0,0.0,3,1
44,134,178,Robert Dozier,Memphis,CUSA,2009,4.63,37,36,30.2,12.9,4.6,2.9,7.5,1.4,1.3,1.6,2.0,2.7,4.5,8.6,0.519,3.4,4.6,0.721,3.9,7.1,0.5489999999999999,0.6,1.5,0.375,4,1
45,135,180,John Wall,Kentucky,SEC,2010,6.82,37,37,34.8,16.6,3.5,0.8,4.3,6.5,1.8,0.5,4.0,1.9,5.5,11.8,0.461,4.7,6.3,0.754,4.5,8.8,0.509,1.0,3.1,0.325,1,1
46,138,184,Evan Turner,Ohio State,Big Ten,2010,7.37,31,31,35.7,20.4,7.2,2.0,9.2,6.0,1.7,0.9,4.4,2.8,7.6,14.7,0.519,4.5,5.9,0.754,7.0,13.0,0.54,0.6,1.8,0.364,3,1
47,139,186,Derrick Favors,Georgia Tech,ACC,2010,9.02,36,35,27.5,12.4,5.4,3.0,8.4,1.0,0.9,2.1,2.5,2.6,5.0,8.1,0.611,2.5,4.0,0.629,5.0,8.1,0.613,0.0,0.0,0.0,1,1
48,140,188,DeMarcus Cousins,Kentucky,SEC,2010,6.82,38,37,23.5,15.1,5.8,4.1,9.8,1.0,1.0,1.8,2.1,3.2,5.4,9.7,0.5579999999999999,4.3,7.1,0.604,5.4,9.6,0.565,0.0,0.2,0.16699999999999998,1,1
49,143,192,Ekpe Udoh,Baylor,Big 12,2010,8.03,36,36,35.1,13.9,6.2,3.6,9.8,2.7,0.8,3.7,2.4,2.4,5.3,10.8,0.49,3.1,4.5,0.685,5.1,10.1,0.505,0.2,0.7,0.269,3,1
50,145,195,Greg Monroe,Georgetown,Big East,2010,9.55,34,34,34.2,16.1,7.5,2.2,9.6,3.8,1.2,1.5,3.3,2.6,5.9,11.3,0.525,4.1,6.1,0.66,5.7,10.5,0.545,0.2,0.8,0.259,2,1
51,147,198,Al-Farouq Aminu,Wake Forest,ACC,2010,8.85,31,30,31.3,15.8,6.4,4.3,10.7,1.3,1.4,1.4,3.2,2.9,5.4,12.1,0.447,4.5,6.4,0.698,4.8,9.9,0.484,0.6,2.1,0.273,2,1
52,149,201,Gordon Hayward,Butler,Horizon,2010,5.08,37,37,33.5,15.5,6.3,1.9,8.2,1.7,1.1,0.8,2.3,2.1,4.7,10.1,0.464,4.8,5.8,0.8290000000000001,3.4,5.8,0.5920000000000001,1.3,4.3,0.294,2,1
53,151,204,Paul George,Fresno State,WAC,2010,1.31,29,29,33.2,16.8,5.3,1.9,7.2,3.0,2.2,0.8,3.2,2.9,5.3,12.5,0.424,4.1,4.6,0.909,3.3,6.8,0.485,2.0,5.8,0.353,2,1
54,154,208,Cole Aldrich,Kansas,Big 12,2010,8.25,36,36,26.8,11.3,6.8,3.1,9.8,0.9,0.8,3.5,1.6,2.6,4.1,7.4,0.562,3.0,4.4,0.679,4.1,7.4,0.562,0.0,0.0,0.0,3,1
55,155,210,Xavier Henry,Kansas,Big 12,2010,8.25,36,36,27.5,13.4,3.2,1.2,4.4,1.5,1.5,0.5,1.9,1.8,4.5,9.8,0.458,2.5,3.2,0.7829999999999999,2.6,5.3,0.4920000000000001,1.9,4.6,0.418,1,1
56,157,213,Ed Davis,UNC,ACC,2010,9.83,23,23,27.9,13.4,6.7,2.9,9.6,1.0,0.4,2.8,2.0,1.8,4.8,8.3,0.578,3.8,5.7,0.659,4.8,8.3,0.578,0.0,0.0,0.0,2,1
57,160,217,Patrick Patterson,Kentucky,SEC,2010,6.82,38,38,33.0,14.3,4.4,3.1,7.4,0.9,0.7,1.3,1.1,1.6,5.7,9.8,0.575,2.4,3.4,0.6920000000000001,5.0,8.0,0.626,0.6,1.8,0.348,3,1
58,163,221,Larry Sanders,VCU,CAA,2010,0.64,35,32,26.9,14.4,6.1,3.0,9.1,1.0,0.7,2.6,1.7,2.9,5.6,10.5,0.534,3.1,4.8,0.6409999999999999,5.5,10.0,0.547,0.1,0.5,0.25,3,1
59,165,224,Luke Babbitt,Nevada,WAC,2010,2.56,34,34,37.1,21.9,6.9,2.1,8.9,2.1,1.0,0.8,2.4,2.6,7.4,14.8,0.5,5.9,6.4,0.917,6.1,11.8,0.521,1.2,3.0,0.416,2,1
60,166,226,Eric Bledsoe,Kentucky,SEC,2010,6.82,37,35,30.3,11.3,2.6,0.5,3.1,2.9,1.4,0.3,3.0,2.2,3.9,8.4,0.462,2.2,3.3,0.667,2.6,5.0,0.516,1.3,3.5,0.383,1,1
61,167,228,Avery Bradley,Texas,Big 12,2010,7.38,34,32,29.5,11.6,1.9,1.0,2.9,2.1,1.3,0.5,1.5,2.4,4.7,10.8,0.4320000000000001,1.1,1.9,0.545,3.4,7.5,0.457,1.2,3.3,0.375,1,1
62,170,232,Craig Brackins,Iowa State,Big 12,2010,8.37,32,32,35.1,16.5,6.4,2.1,8.5,2.2,0.8,1.2,2.1,2.0,6.0,14.3,0.42,3.7,4.8,0.76,5.2,11.6,0.446,0.8,2.7,0.31,3,1
63,172,235,Elliot Williams,Memphis,CUSA,2010,3.65,34,34,33.3,17.9,3.2,0.7,4.0,3.8,1.3,0.1,2.9,2.0,5.2,11.4,0.459,5.7,7.5,0.758,3.5,6.6,0.527,1.8,4.8,0.366,2,1
64,176,240,Trevor Booker,Clemson,ACC,2010,7.9,32,32,30.8,15.2,5.6,2.8,8.4,2.5,1.3,1.4,1.9,2.0,5.9,11.3,0.521,3.2,5.3,0.591,5.6,10.2,0.547,0.3,1.1,0.265,4,1
65,180,245,Damion James,Texas,Big 12,2010,7.38,34,34,30.3,18.0,7.1,3.1,10.3,1.0,1.7,1.2,2.0,2.9,6.2,12.3,0.501,4.6,6.8,0.674,5.1,9.6,0.535,1.1,2.8,0.383,4,1
66,183,249,Dominique Jones,South Florida,Big East,2010,7.21,33,33,37.1,21.4,5.0,1.1,6.1,3.6,1.7,0.6,2.9,2.8,6.7,14.9,0.45,6.3,8.5,0.741,5.2,9.9,0.521,1.6,5.1,0.311,3,1
67,187,254,Quincy Pondexter,Washington,Pac-10,2010,7.49,36,36,32.3,19.3,4.4,3.0,7.4,1.8,1.3,0.6,1.9,2.5,6.8,12.9,0.528,5.2,6.3,0.8270000000000001,6.3,11.5,0.55,0.5,1.4,0.353,4,1
68,189,257,Jordan Crawford,Xavier,A-10,2010,5.94,35,34,32.8,20.5,3.8,1.0,4.7,2.9,1.3,0.2,2.4,1.6,7.4,16.1,0.462,3.4,4.4,0.773,5.2,10.3,0.501,2.3,5.8,0.391,2,1
69,193,262,Greivis Vasquez,Maryland,ACC,2010,7.95,33,32,33.9,19.6,3.5,1.2,4.6,6.3,1.7,0.4,3.4,2.1,6.7,15.5,0.429,4.2,4.9,0.857,4.6,9.7,0.47,2.1,5.8,0.359,4,1
70,194,264,Daniel Orton,Kentucky,SEC,2010,6.82,38,0,13.2,3.4,2.1,1.2,3.3,0.4,0.6,1.4,1.0,2.3,1.3,2.4,0.527,0.9,1.7,0.524,1.3,2.3,0.539,0.0,0.1,0.0,1,1
71,198,269,Lazar Hayward,Marquette,Big East,2010,8.23,34,34,32.3,18.1,5.4,2.1,7.5,1.5,1.9,0.5,2.0,3.4,6.5,15.1,0.4320000000000001,3.1,3.7,0.843,4.6,9.6,0.479,1.9,5.5,0.349,4,1
72,202,274,Dexter Pittman,Texas,Big 12,2010,7.38,34,34,19.1,10.4,2.9,3.0,5.9,0.5,0.4,1.9,1.8,2.6,4.1,6.3,0.654,2.2,4.0,0.556,4.1,6.3,0.654,0.0,0.0,0.0,4,1
73,203,276,Hassan Whiteside,Marshall,CUSA,2010,1.57,34,23,26.1,13.1,6.2,2.7,8.9,0.3,0.6,5.4,1.9,2.4,4.9,9.4,0.524,3.2,5.5,0.588,4.8,9.2,0.522,0.1,0.1,0.6,1,1
74,206,280,Armon Johnson,Nevada,WAC,2010,2.56,34,34,34.5,15.7,2.6,0.8,3.4,5.6,0.8,0.4,3.4,1.8,6.4,13.0,0.495,2.4,3.5,0.6779999999999999,5.9,10.9,0.544,0.5,2.1,0.239,3,1
75,208,283,Terrico White,Ole Miss,SEC,2010,5.77,35,34,31.5,15.1,3.0,1.6,4.6,1.5,0.9,0.2,1.3,1.8,5.5,12.8,0.43,2.4,3.4,0.7140000000000001,3.7,7.7,0.489,1.7,5.1,0.341,2,1
76,209,285,Darington Hobson,New Mexico,MWC,2010,3.84,35,35,33.6,15.9,7.1,2.1,9.3,4.6,1.3,0.4,3.0,1.9,5.5,12.5,0.44,3.7,5.7,0.653,4.4,9.5,0.465,1.1,3.1,0.361,1,1
77,213,290,Andy Rautins,Syracuse,Big East,2010,7.21,35,35,32.5,12.1,2.9,0.5,3.4,4.9,2.0,0.2,2.8,2.2,3.7,8.5,0.438,1.9,2.3,0.815,0.9,1.6,0.5710000000000001,2.8,6.9,0.407,4,1
78,217,295,Landry Fields,Stanford,Pac-10,2010,6.5,32,32,36.3,22.0,6.2,2.5,8.8,2.8,1.6,0.8,2.6,2.0,7.8,15.8,0.49,5.6,8.0,0.696,6.8,13.1,0.521,0.9,2.7,0.337,4,1
79,218,297,Lance Stephenson,Cincinnati,Big East,2010,8.45,34,32,28.2,12.3,3.5,1.9,5.4,2.5,0.9,0.2,2.4,1.9,4.8,10.8,0.44,2.3,3.5,0.664,4.3,8.7,0.495,0.5,2.1,0.219,1,1
80,222,302,Jarvis Varnado,Mississippi State,SEC,2010,4.6,36,36,31.7,13.8,7.3,3.0,10.3,0.9,0.7,4.7,2.0,2.4,5.1,8.8,0.5820000000000001,3.6,5.8,0.61,5.1,8.8,0.5820000000000001,0.0,0.0,0.0,4,1
81,226,307,Da'Sean Butler,West Virginia,Big East,2010,10.26,38,38,35.8,17.2,4.6,1.6,6.2,3.1,1.0,0.4,1.8,2.2,5.5,13.2,0.414,4.4,5.6,0.789,3.6,8.0,0.452,1.8,5.2,0.354,4,1
82,228,310,Devin Ebanks,West Virginia,Big East,2010,10.26,34,31,34.1,12.0,5.2,2.9,8.1,2.4,1.1,0.7,2.2,1.6,4.2,9.3,0.457,3.4,4.5,0.77,4.1,8.4,0.495,0.1,0.9,0.1,2,1
83,232,315,Jerome Jordan,Tulsa,CUSA,2010,2.84,35,35,29.8,15.4,6.7,2.4,9.1,1.3,0.5,2.3,2.3,2.8,5.3,9.6,0.5489999999999999,4.9,7.1,0.688,5.3,9.6,0.5489999999999999,0.0,0.0,0.0,4,1
84,235,319,Gani Lawal,Georgia Tech,ACC,2010,9.02,36,36,25.8,13.1,5.6,2.9,8.5,0.4,0.4,1.4,2.2,2.1,4.8,9.0,0.529,3.5,6.2,0.5720000000000001,4.8,9.0,0.531,0.0,0.0,0.0,3,1
85,236,321,Tiny Gallon,Oklahoma,Big 12,2010,7.79,30,21,24.0,10.3,5.2,2.8,7.9,0.8,0.7,0.8,2.3,2.8,4.1,7.4,0.547,2.1,3.0,0.6970000000000001,3.9,6.9,0.573,0.1,0.6,0.235,1,1
86,239,325,Solomon Alabi,Florida State,ACC,2010,6.79,32,32,25.6,11.7,3.7,2.5,6.2,0.5,0.6,2.3,1.9,2.3,4.2,7.8,0.534,3.4,4.3,0.794,4.2,7.8,0.534,0.0,0.0,0.0,3,1
87,243,330,Magnum Rolle,Louisiana Tech,WAC,2010,-0.4,34,33,30.1,13.9,4.9,3.5,8.4,0.8,0.8,2.1,2.0,2.8,5.6,10.8,0.514,2.7,4.1,0.66,5.6,10.8,0.514,0.0,0.0,0.0,4,1
88,247,335,Luke Harangody,Notre Dame,Big East,2010,6.22,30,25,33.0,21.8,6.9,2.2,9.1,1.6,0.5,0.7,1.8,2.3,8.1,16.9,0.481,4.7,5.9,0.787,7.3,14.2,0.514,0.8,2.7,0.309,4,1
89,249,338,Willie Warren,Oklahoma,Big 12,2010,7.79,21,19,32.3,16.3,2.6,0.7,3.3,4.1,1.0,0.0,3.8,2.3,5.0,11.5,0.438,4.8,6.0,0.795,3.6,6.9,0.524,1.4,4.6,0.309,2,1
90,253,343,Jeremy Evans,Western Kentucky,Sun Belt,2010,-2.18,34,34,26.5,10.0,3.9,3.0,6.9,0.7,0.8,1.8,1.1,2.9,4.0,6.2,0.649,1.9,2.7,0.688,3.9,5.9,0.6729999999999999,0.1,0.4,0.25,4,1
91,257,348,Hamady N'Diaye,Rutgers,Big East,2010,5.91,32,25,28.3,9.4,4.8,2.4,7.1,0.4,0.4,4.5,1.5,2.9,3.6,6.2,0.579,2.3,3.8,0.617,3.6,6.2,0.579,0.0,0.0,0.0,4,1
92,261,353,Ryan Reid,Florida State,ACC,2010,6.79,31,29,22.7,6.8,2.1,1.9,4.0,1.1,0.6,0.5,1.6,1.5,2.6,5.4,0.491,1.5,2.5,0.597,2.6,5.4,0.491,0.0,0.0,0.0,4,1
93,264,357,Derrick Caracter,UTEP,CUSA,2010,1.96,27,22,26.7,14.1,5.4,2.7,8.1,1.1,1.0,0.9,2.9,3.0,5.5,9.7,0.5670000000000001,3.0,4.4,0.672,5.3,9.1,0.585,0.1,0.6,0.267,3,1
94,268,362,Stanley Robinson,UConn,Big East,2010,9.15,34,34,34.2,14.5,5.0,2.7,7.6,1.0,0.9,1.2,2.3,1.5,6.0,11.4,0.525,1.8,2.9,0.629,5.2,9.1,0.5710000000000001,0.8,2.3,0.342,4,1
95,272,367,Dwayne Collins,Miami (FL),ACC,2010,7.01,29,28,24.7,12.0,4.8,2.9,7.8,1.2,0.6,1.1,2.4,2.3,4.4,7.3,0.604,3.1,5.5,0.569,4.4,7.3,0.604,0.0,0.0,0.0,4,1
96,273,369,Kyrie Irving,Duke,ACC,2011,8.31,11,8,27.5,17.5,2.8,0.5,3.4,4.3,1.5,0.5,2.5,2.1,5.0,9.5,0.529,5.8,6.5,0.901,3.4,5.9,0.569,1.6,3.5,0.462,1,1
97,277,374,Tristan Thompson,North Texas,Sun Belt,2011,-5.07,33,31,32.0,18.0,2.7,0.5,3.2,1.8,0.7,0.1,2.2,1.9,4.8,10.4,0.459,6.4,7.7,0.8340000000000001,2.8,5.6,0.495,2.0,4.8,0.418,4,1
98,278,376,Brandon Knight,Kentucky,SEC,2011,8.91,38,38,35.9,17.3,3.4,0.7,4.0,4.2,0.7,0.2,3.2,2.2,5.7,13.5,0.423,3.6,4.5,0.795,3.4,7.4,0.461,2.3,6.1,0.377,1,1
99,281,380,Kemba Walker,UConn,Big East,2011,10.44,41,41,37.6,23.5,4.1,1.3,5.4,4.5,1.9,0.2,2.3,1.4,7.7,18.0,0.428,6.3,7.7,0.8190000000000001,5.9,12.5,0.471,1.8,5.5,0.33,3,1
100,285,385,Jimmer Fredette,BYU,MWC,2011,5.76,37,37,35.8,28.9,2.8,0.6,3.4,4.3,1.3,0.0,3.5,1.3,9.4,20.7,0.452,6.8,7.6,0.894,6.0,12.2,0.491,3.4,8.5,0.396,4,1
101,288,389,Klay Thompson,Washington State,Pac-10,2011,6.81,34,33,34.7,21.6,4.5,0.7,5.2,3.7,1.6,0.9,3.4,2.9,7.1,16.2,0.436,4.6,5.4,0.838,4.2,9.0,0.466,2.9,7.2,0.398,3,1
102,290,392,Alec Burks,Colorado,Big 12,2011,5.61,38,37,31.4,20.5,4.1,2.4,6.5,2.9,1.1,0.3,2.6,2.3,6.6,14.1,0.469,6.6,7.9,0.825,5.9,11.6,0.508,0.7,2.5,0.292,2,1
103,293,396,Markieff Morris,Kansas,Big 12,2011,7.62,38,34,24.4,13.6,5.6,2.7,8.3,1.4,0.8,1.1,2.1,2.8,5.1,8.7,0.589,2.7,4.0,0.6729999999999999,4.5,7.2,0.625,0.7,1.6,0.424,3,1
104,296,400,Marcus Morris,Kansas,Big 12,2011,7.62,38,35,28.3,17.2,5.0,2.6,7.6,1.6,0.8,0.6,1.8,2.6,6.3,11.1,0.57,3.9,5.7,0.688,5.6,9.1,0.62,0.7,2.0,0.342,3,1
105,298,403,Kawhi Leonard,San Diego State,MWC,2011,6.36,36,36,32.6,15.5,7.5,3.1,10.6,2.5,1.4,0.6,2.1,2.5,5.9,13.2,0.444,3.1,4.0,0.759,5.2,10.8,0.478,0.7,2.4,0.29100000000000004,2,1
106,301,407,Nikola Vucevic,USC,Pac-10,2011,7.96,34,34,34.9,17.1,7.4,2.9,10.3,1.6,0.5,1.4,1.7,2.8,6.3,12.5,0.505,3.6,4.8,0.755,5.5,10.1,0.542,0.9,2.4,0.349,3,1
107,304,411,Iman Shumpert,Georgia Tech,ACC,2011,5.68,31,31,32.0,17.3,4.2,1.7,5.9,3.5,2.7,0.2,2.3,2.8,5.7,14.1,0.406,4.5,5.6,0.8059999999999999,4.4,9.2,0.474,1.4,4.9,0.278,3,1
108,307,415,Chris Singleton,Florida State,ACC,2011,6.45,28,25,29.1,13.1,4.8,2.1,6.8,1.2,2.0,1.5,2.2,3.2,4.4,10.2,0.434,3.0,4.5,0.667,3.2,6.8,0.466,1.3,3.4,0.368,3,1
109,308,417,Tobias Harris,Tennessee,SEC,2011,8.73,34,33,29.2,15.3,5.3,2.0,7.3,1.3,0.7,0.9,1.8,2.1,5.4,11.8,0.46,3.8,5.0,0.753,4.8,9.6,0.4970000000000001,0.7,2.2,0.303,1,1
110,312,422,Nolan Smith,Duke,ACC,2011,8.31,37,37,34.0,20.6,3.3,1.2,4.5,5.1,1.2,0.1,3.2,1.9,7.0,15.4,0.458,5.1,6.2,0.813,5.5,10.9,0.501,1.5,4.4,0.35,4,1
111,316,427,Kenneth Faried,Morehead State,OVC,2011,-3.13,35,34,34.7,17.3,8.8,5.7,14.5,1.1,1.9,2.3,2.6,3.1,6.7,10.7,0.623,4.0,6.9,0.5770000000000001,6.7,10.7,0.623,0.0,0.0,0.0,4,1
112,319,431,Reggie Jackson,Boston College,ACC,2011,7.31,34,32,34.1,18.2,3.3,1.0,4.3,4.5,1.1,0.5,2.4,1.7,6.4,12.8,0.503,3.2,4.0,0.7959999999999999,4.4,7.8,0.556,2.1,5.0,0.42,3,1
113,323,436,MarShon Brooks,Providence,Big East,2011,6.44,32,31,36.5,24.6,4.8,2.3,7.0,2.5,1.5,1.2,3.1,2.5,8.6,17.8,0.483,5.3,6.8,0.772,6.5,11.7,0.5589999999999999,2.1,6.2,0.34,4,1
114,327,441,JaJuan Johnson,Purdue,Big Ten,2011,8.69,34,33,35.4,20.5,6.1,2.4,8.6,1.0,0.9,2.3,1.6,1.6,7.6,15.3,0.494,5.0,6.1,0.809,7.1,13.8,0.516,0.4,1.5,0.294,4,1
115,331,446,Norris Cole,Cleveland State,Horizon,2011,1.74,36,36,35.7,21.7,5.1,0.8,5.8,5.3,2.2,0.1,2.7,2.4,7.0,15.9,0.439,6.3,7.4,0.853,5.6,11.8,0.473,1.4,4.1,0.342,4,1
116,332,448,Cory Joseph,Texas,Big 12,2011,7.96,36,36,32.4,10.4,2.9,0.6,3.6,3.0,1.0,0.3,1.5,1.8,3.8,8.9,0.422,1.4,2.0,0.6990000000000001,2.3,5.4,0.429,1.4,3.5,0.413,1,1
117,335,452,Jimmy Butler,Marquette,Big East,2011,8.51,37,35,34.6,15.7,3.6,2.4,6.1,2.3,1.4,0.4,1.5,1.3,5.1,10.3,0.49,5.1,6.5,0.7829999999999999,4.5,8.8,0.515,0.5,1.6,0.345,3,1
118,339,457,Justin Harper,Richmond,A-10,2011,2.79,37,37,31.8,17.9,5.2,1.7,6.9,1.2,0.6,1.2,1.5,2.2,6.6,12.4,0.534,2.5,3.2,0.797,4.5,7.8,0.585,2.1,4.6,0.448,4,1
119,343,462,Kyle Singler,Duke,ACC,2011,8.31,37,37,34.8,16.9,4.5,2.4,6.8,1.6,0.9,0.3,1.9,2.6,5.9,13.8,0.43,3.4,4.2,0.8059999999999999,4.2,8.5,0.4970000000000001,1.7,5.2,0.321,4,1
120,346,466,Shelvin Mack,Butler,Horizon,2011,5.02,38,37,32.1,16.0,3.8,0.7,4.5,3.4,0.8,0.1,2.4,1.7,5.3,13.0,0.408,3.2,4.1,0.769,3.0,6.5,0.462,2.3,6.5,0.354,3,1
121,348,469,Tyler Honeycutt,UCLA,Pac-10,2011,7.93,33,33,35.0,12.8,5.7,1.5,7.2,2.8,0.9,2.0,3.0,1.6,4.4,10.8,0.406,2.4,3.2,0.736,2.7,6.2,0.438,1.7,4.6,0.362,2,1
122,350,472,Jordan Williams,Maryland,ACC,2011,5.76,33,33,32.5,16.9,8.1,3.7,11.8,0.6,0.7,1.4,1.6,2.4,6.5,12.0,0.5379999999999999,4.0,6.9,0.575,6.5,12.0,0.5379999999999999,0.0,0.0,0.0,2,1
123,353,476,Trey Thompkins,Georgia,SEC,2011,6.13,30,29,31.2,16.4,5.8,1.9,7.6,1.4,1.1,1.7,2.5,2.2,6.5,13.4,0.481,2.7,4.0,0.6890000000000001,5.7,11.0,0.52,0.8,2.5,0.311,3,1
124,357,481,Chandler Parsons,Florida,SEC,2011,7.57,36,35,34.1,11.3,5.7,2.1,7.8,3.8,0.9,0.4,2.3,1.9,4.3,9.0,0.48,1.5,2.7,0.557,3.1,5.7,0.544,1.2,3.3,0.368,4,1
125,361,486,Jon Leuer,Wisconsin,Big Ten,2011,9.41,34,34,33.5,18.3,5.6,1.7,7.2,1.6,0.5,0.9,1.6,2.2,6.7,14.2,0.47,3.3,3.9,0.843,5.1,9.9,0.513,1.6,4.3,0.37,4,1
126,363,489,Darius Morris,Michigan,Big Ten,2011,10.68,35,34,34.8,15.0,3.1,0.9,4.0,6.7,1.0,0.0,2.9,2.1,5.7,11.7,0.489,3.1,4.3,0.715,5.3,9.9,0.5329999999999999,0.5,1.8,0.25,2,1
127,366,493,Malcolm Lee,UCLA,Pac-10,2011,7.93,33,33,33.1,13.1,2.4,0.7,3.1,2.0,0.7,0.2,1.7,2.4,4.3,9.8,0.4370000000000001,3.4,4.4,0.778,3.1,5.8,0.534,1.2,4.0,0.295,3,1
128,370,498,Charles Jenkins,Hofstra,CAA,2011,0.13,33,33,37.3,22.6,2.8,0.5,3.4,4.8,1.7,0.7,2.2,2.0,7.5,14.6,0.517,5.5,6.7,0.8240000000000001,5.5,9.8,0.563,2.0,4.8,0.42,4,1
129,373,502,Josh Harrellson,Kentucky,SEC,2011,8.91,38,38,28.5,7.6,5.0,3.7,8.7,0.8,0.9,1.5,0.7,2.4,3.3,5.5,0.611,0.9,1.5,0.589,3.3,5.2,0.631,0.1,0.3,0.2,3,1
130,377,507,Andrew Goudelock,College of Charleston,Southern,2011,-1.04,37,37,35.2,23.7,3.2,0.7,3.9,4.2,0.9,0.2,3.2,1.8,8.6,18.9,0.455,3.0,3.6,0.821,5.1,10.2,0.496,3.5,8.7,0.407,4,1
131,380,511,Travis Leslie,Georgia,SEC,2011,6.13,33,33,32.2,14.4,4.0,3.2,7.2,2.9,1.2,0.6,2.2,1.9,5.4,10.9,0.4920000000000001,3.3,4.1,0.8009999999999999,5.0,9.6,0.517,0.4,1.3,0.302,3,1
132,384,516,Keith Benson,Oakland,Summit,2011,0.1,35,35,32.4,17.9,7.5,2.7,10.1,1.1,0.8,3.6,1.9,3.1,6.6,12.1,0.547,4.5,7.0,0.643,6.3,11.4,0.556,0.3,0.7,0.391,4,1
133,385,518,Josh Selby,Kansas,Big 12,2011,7.62,26,11,20.4,7.9,1.8,0.4,2.2,2.2,0.8,0.0,2.0,1.7,2.8,7.4,0.373,1.1,1.4,0.757,1.5,3.8,0.384,1.3,3.6,0.362,1,1
134,389,523,Lavoy Allen,Temple,A-10,2011,4.23,33,33,33.9,11.6,5.9,2.7,8.6,2.3,0.7,1.8,1.6,2.3,4.7,9.7,0.48,2.1,3.0,0.6970000000000001,4.5,9.2,0.49,0.2,0.5,0.294,4,1
135,393,528,Jon Diebler,Ohio State,Big Ten,2011,8.38,37,36,35.7,12.6,2.3,0.4,2.6,2.4,1.0,0.1,0.9,1.0,3.9,7.7,0.507,1.7,2.1,0.81,0.8,1.6,0.525,3.1,6.1,0.502,4,1
136,397,533,Vernon Macklin,Florida,SEC,2011,7.57,37,35,24.5,11.6,3.2,2.2,5.4,0.8,0.4,0.7,1.7,2.5,5.2,8.7,0.593,1.2,2.8,0.451,5.2,8.7,0.593,0.0,0.0,0.0,4,1
137,400,537,DeAndre Liggins,Kentucky,SEC,2011,8.91,38,28,31.6,8.6,3.4,0.6,4.0,2.5,1.2,0.7,1.4,2.5,2.9,6.9,0.424,1.8,2.8,0.648,2.0,4.5,0.442,0.9,2.4,0.391,3,1
138,404,542,E'Twaun Moore,Purdue,Big Ten,2011,8.69,34,33,33.9,18.0,3.6,1.5,5.1,3.2,1.2,0.5,1.8,2.1,6.5,14.5,0.447,2.9,4.1,0.7090000000000001,4.4,9.4,0.473,2.1,5.1,0.4,4,1
139,407,546,Isaiah Thomas,Washington,Pac-10,2011,7.74,35,35,31.9,16.8,2.8,0.7,3.5,6.1,1.3,0.1,3.0,2.1,5.4,12.1,0.445,4.3,6.0,0.7190000000000001,3.7,7.1,0.512,1.7,4.9,0.349,3,1
140,408,548,Michael Kidd-Gilchrist,Kentucky,SEC,2012,7.93,40,39,31.1,11.9,4.9,2.6,7.4,1.9,1.0,0.9,2.2,2.4,4.0,8.2,0.491,3.6,4.8,0.745,3.7,6.9,0.535,0.3,1.3,0.255,1,1
141,409,550,Bradley Beal,Florida,SEC,2012,7.33,37,37,34.2,14.8,5.4,1.4,6.7,2.2,1.4,0.8,2.1,2.1,4.7,10.6,0.445,3.6,4.7,0.769,3.0,5.6,0.541,1.7,5.0,0.339,1,1
142,411,553,Dion Waiters,Syracuse,Big East,2012,8.02,37,0,24.1,12.6,1.8,0.5,2.3,2.5,1.8,0.3,1.3,1.9,4.6,9.6,0.476,2.3,3.2,0.7290000000000001,3.5,6.6,0.529,1.1,3.1,0.363,2,1
143,414,557,Thomas Robinson,Kansas,Big 12,2012,9.93,39,39,31.8,17.7,9.0,2.9,11.9,1.8,1.1,0.9,2.7,2.7,6.7,13.3,0.505,4.2,6.1,0.682,6.5,12.9,0.505,0.2,0.4,0.5,3,1
144,418,562,Damian Lillard,Weber State,Big Sky,2012,-3.65,32,32,34.5,24.5,4.5,0.5,5.0,4.0,1.5,0.2,2.3,1.9,7.2,15.5,0.467,7.1,8.0,0.887,4.3,8.3,0.517,2.9,7.2,0.409,4,1
145,420,565,Harrison Barnes,UNC,ACC,2012,7.07,38,37,29.2,17.1,3.3,1.9,5.2,1.1,1.1,0.3,1.9,1.8,6.0,13.7,0.44,3.7,5.1,0.723,4.7,10.1,0.469,1.3,3.6,0.358,2,1
146,422,568,Terrence Ross,Washington,Pac-10,2012,5.27,35,35,31.1,16.4,5.1,1.4,6.4,1.4,1.3,0.9,2.0,2.8,6.1,13.4,0.457,2.1,2.7,0.7659999999999999,4.1,7.9,0.518,2.1,5.5,0.371,2,1
147,423,570,Andre Drummond,UConn,Big East,2012,8.07,34,30,28.4,10.0,4.2,3.4,7.6,0.4,0.8,2.7,1.5,2.2,4.6,8.6,0.5379999999999999,0.8,2.6,0.295,4.6,8.5,0.541,0.0,0.1,0.0,1,1
148,424,572,Austin Rivers,Duke,ACC,2012,8.4,34,33,33.2,15.5,2.8,0.6,3.4,2.1,1.0,0.0,2.3,2.2,5.1,11.8,0.433,3.6,5.4,0.6579999999999999,3.4,7.1,0.477,1.7,4.7,0.365,1,1
149,426,575,Meyers Leonard,Illinois,Big Ten,2012,7.99,32,29,31.8,13.6,5.9,2.3,8.2,1.3,0.5,1.9,2.1,2.9,5.3,9.1,0.584,2.9,4.0,0.732,5.3,8.8,0.604,0.0,0.3,0.091,2,1
150,428,578,Jeremy Lamb,UConn,Big East,2012,8.07,34,34,37.2,17.7,3.9,0.9,4.9,1.7,1.2,0.6,2.0,1.7,6.4,13.4,0.478,2.9,3.6,0.81,4.3,7.1,0.601,2.1,6.2,0.336,2,1
151,430,581,Kendall Marshall,UNC,ACC,2012,7.07,36,35,33.0,8.1,2.4,0.2,2.6,9.8,1.2,0.2,2.8,1.6,2.9,6.3,0.467,1.5,2.2,0.696,2.1,4.1,0.527,0.8,2.2,0.354,2,1
152,433,585,John Henson,UNC,ACC,2012,7.07,35,34,29.1,13.7,7.4,2.5,9.9,1.3,0.6,2.9,1.3,1.6,5.9,11.7,0.5,2.0,3.9,0.511,5.9,11.7,0.5,0.0,0.0,0.0,3,1
153,434,587,Maurice Harkless,St. John's (NY),Big East,2012,6.98,32,32,36.1,15.5,5.9,2.8,8.6,1.5,1.6,1.4,2.5,2.3,6.0,13.3,0.452,2.9,4.3,0.6759999999999999,5.5,10.9,0.506,0.5,2.5,0.215,1,1
154,435,589,Royce White,Iowa State,Big 12,2012,7.32,34,33,31.5,13.4,6.8,2.5,9.3,5.0,1.2,0.9,3.8,2.6,5.1,9.6,0.534,3.0,6.0,0.498,5.0,9.3,0.541,0.1,0.4,0.333,1,1
155,439,594,Tyler Zeller,UNC,ACC,2012,7.07,38,38,28.2,16.3,5.8,3.8,9.6,0.9,0.9,1.5,1.9,2.7,5.8,10.5,0.5529999999999999,4.8,5.9,0.8079999999999999,5.8,10.5,0.5529999999999999,0.0,0.0,0.0,4,1
156,441,597,Terrence Jones,Kentucky,SEC,2012,7.93,38,34,29.3,12.3,4.6,2.5,7.2,1.3,1.3,1.8,1.6,2.4,4.7,9.3,0.5,2.6,4.2,0.627,4.2,8.0,0.528,0.4,1.3,0.327,2,1
157,445,602,Andrew Nicholson,St. Bonaventure,A-10,2012,2.84,32,32,30.1,18.5,5.8,2.6,8.4,1.0,0.7,2.0,2.5,2.8,6.9,12.0,0.5710000000000001,4.0,5.2,0.7759999999999999,6.2,10.4,0.593,0.7,1.7,0.434,4,1
158,447,605,Jared Sullinger,Ohio State,Big Ten,2012,9.07,37,36,30.4,17.5,6.1,3.1,9.2,1.2,1.2,1.1,1.9,2.9,6.2,11.9,0.519,4.7,6.2,0.768,5.7,10.8,0.531,0.4,1.1,0.4,2,1
159,449,608,Fab Melo,Syracuse,Big East,2012,8.02,30,30,25.4,7.8,3.2,2.7,5.8,0.7,0.5,2.9,1.4,2.8,3.3,5.8,0.5660000000000001,1.3,2.0,0.633,3.3,5.8,0.5660000000000001,0.0,0.0,0.0,2,1
160,452,612,John Jenkins,Vanderbilt,SEC,2012,8.04,35,35,33.6,19.9,2.4,0.5,2.9,1.2,0.8,0.3,1.6,1.2,6.2,13.1,0.474,3.7,4.4,0.8370000000000001,2.4,4.4,0.542,3.8,8.7,0.439,3,1
161,453,614,Tony Wroten,Washington,Pac-10,2012,5.27,35,27,30.3,16.0,2.7,2.3,5.0,3.7,1.9,0.4,3.8,2.7,5.7,12.8,0.443,4.4,7.5,0.583,5.4,11.2,0.483,0.3,1.6,0.161,1,1
162,457,619,Miles Plumlee,Duke,ACC,2012,8.4,34,16,20.5,6.6,4.2,2.9,7.1,0.5,0.5,0.9,1.2,2.3,2.6,4.3,0.61,1.4,2.2,0.632,2.6,4.3,0.61,0.0,0.0,0.0,4,1
163,460,623,Arnett Moultrie,Mississippi State,SEC,2012,4.86,30,30,35.8,16.4,6.8,3.7,10.5,1.2,0.8,0.8,2.4,2.2,6.0,10.9,0.5489999999999999,4.1,5.3,0.78,5.7,10.3,0.555,0.3,0.6,0.444,3,1
164,462,626,Perry Jones,Baylor,Big 12,2012,8.03,33,33,30.7,13.5,4.9,2.7,7.6,1.3,0.8,0.6,1.7,2.3,5.5,11.0,0.5,2.2,3.1,0.696,5.2,10.0,0.52,0.3,1.0,0.303,2,1
165,463,628,Marquis Teague,Kentucky,SEC,2012,7.93,40,40,32.6,10.0,2.1,0.4,2.5,4.8,0.9,0.3,2.7,2.3,3.6,8.8,0.412,2.1,3.0,0.7140000000000001,3.0,6.8,0.438,0.7,2.0,0.325,1,1
166,467,633,Festus Ezeli,Vanderbilt,SEC,2012,8.04,26,22,23.2,10.1,3.5,2.4,5.9,0.3,0.4,2.0,2.2,3.2,3.4,6.3,0.539,3.2,5.3,0.604,3.4,6.3,0.539,0.0,0.0,0.0,4,1
167,469,636,Bernard James,Florida State,ACC,2012,7.62,35,35,28.0,10.8,5.0,3.1,8.1,0.5,0.7,2.3,2.1,1.9,4.5,7.4,0.606,1.8,3.3,0.552,4.5,7.4,0.606,0.0,0.0,0.0,2,1
168,471,639,Jae Crowder,Marquette,Big East,2012,7.5,35,35,32.9,17.5,6.4,2.0,8.4,2.1,2.5,1.0,1.3,2.7,6.2,12.5,0.498,3.4,4.6,0.735,4.5,7.4,0.602,1.7,5.1,0.345,2,1
169,475,644,Draymond Green,Michigan State,Big Ten,2012,9.81,37,36,33.2,16.2,8.5,2.1,10.6,3.8,1.5,0.9,3.0,2.8,5.7,12.8,0.449,3.4,4.7,0.723,4.3,9.1,0.473,1.4,3.6,0.388,4,1
170,479,649,Orlando Johnson,UCSB,Big West,2012,-1.38,31,31,34.4,19.7,4.1,1.7,5.8,2.9,1.1,0.7,2.5,1.8,6.7,14.8,0.451,4.1,5.9,0.698,4.4,9.5,0.464,2.3,5.3,0.4270000000000001,4,1
171,483,654,Quincy Acy,Baylor,Big 12,2012,8.03,38,38,29.7,12.0,4.8,2.6,7.4,1.0,0.9,1.8,1.9,3.1,4.2,7.2,0.5770000000000001,3.6,4.6,0.782,4.1,7.1,0.5760000000000001,0.1,0.1,0.6,4,1
172,484,656,Quincy Miller,Baylor,Big 12,2012,8.03,37,35,24.4,10.6,3.5,1.5,4.9,1.4,0.7,0.6,1.8,1.9,3.7,8.4,0.447,2.5,3.1,0.816,3.1,6.5,0.475,0.6,1.9,0.348,1,1
173,487,660,Khris Middleton,Texas A&M,Big 12,2012,6.54,20,17,28.8,13.2,3.7,1.3,5.0,2.3,1.0,0.3,2.2,1.9,5.1,12.3,0.415,2.0,2.6,0.75,4.1,8.5,0.485,1.0,3.9,0.26,3,1
174,489,663,Will Barton,Memphis,CUSA,2012,5.26,35,34,35.3,18.0,6.0,2.0,8.0,2.9,1.4,0.7,2.1,2.1,6.6,12.9,0.509,3.8,5.1,0.7490000000000001,5.5,9.9,0.5589999999999999,1.1,3.1,0.34600000000000003,2,1
175,493,668,Tyshawn Taylor,Kansas,Big 12,2012,9.93,39,38,33.4,16.6,2.1,0.2,2.3,4.8,1.3,0.2,3.5,2.0,5.8,12.2,0.477,3.5,5.1,0.688,4.3,8.3,0.522,1.5,3.9,0.382,4,1
176,495,671,Doron Lamb,Kentucky,SEC,2012,7.93,40,35,31.2,13.7,2.3,0.4,2.7,1.5,0.5,0.1,1.1,1.8,4.4,9.2,0.474,3.1,3.7,0.826,2.5,5.2,0.481,1.9,4.1,0.466,2,1
177,499,676,Kim English,Missouri,Big 12,2012,5.68,35,35,33.6,14.5,3.4,0.9,4.2,1.6,1.3,0.3,1.7,2.4,4.9,9.4,0.521,2.5,3.4,0.725,2.7,4.5,0.589,2.2,4.9,0.459,4,1
178,503,681,Darius Miller,Kentucky,SEC,2012,7.93,40,11,26.1,9.9,1.9,0.9,2.8,2.1,0.8,0.3,1.5,2.2,3.6,7.6,0.474,1.4,1.7,0.797,2.2,3.8,0.569,1.4,3.7,0.376,4,1
179,507,686,Kevin Murphy,Tennessee Tech,OVC,2012,-3.06,33,32,34.5,20.6,4.3,0.9,5.2,2.3,0.8,0.2,3.3,2.2,7.2,16.3,0.444,3.8,5.2,0.721,4.8,10.5,0.46,2.4,5.8,0.416,4,1
180,511,691,Kyle O'Quinn,Norfolk State,MEAC,2012,-5.39,36,36,31.3,15.9,7.2,3.2,10.3,1.4,0.7,2.7,2.6,3.3,5.7,9.9,0.573,4.3,6.2,0.696,5.5,9.1,0.61,0.2,0.9,0.188,4,1
181,515,696,Kris Joseph,Syracuse,Big East,2012,8.02,37,37,32.2,13.4,3.2,1.5,4.7,1.5,1.4,0.6,1.5,1.7,4.4,10.5,0.421,3.2,4.2,0.745,3.1,6.5,0.467,1.4,4.0,0.345,4,1
182,518,700,Darius Johnson-Odom,Marquette,Big East,2012,7.5,34,33,32.9,18.3,2.9,0.6,3.5,2.7,0.9,0.1,2.4,2.0,6.2,13.8,0.447,3.7,4.9,0.764,3.9,7.9,0.493,2.3,5.9,0.385,3,1
183,522,705,Robbie Hummel,Purdue,Big Ten,2012,8.05,35,35,32.2,16.4,5.6,1.6,7.2,1.9,0.7,1.2,0.9,2.1,5.5,13.3,0.417,3.2,3.9,0.825,3.5,7.9,0.44,2.1,5.4,0.383,4,1
184,526,710,Marcus Denmon,Missouri,Big 12,2012,5.68,35,35,34.6,17.7,4.0,1.0,5.0,2.1,1.5,0.0,1.2,1.0,5.7,12.4,0.46,3.4,3.8,0.8959999999999999,2.9,5.5,0.526,2.8,6.9,0.407,4,1
185,531,716,Robert Sacre,Gonzaga,WCC,2012,3.25,33,33,26.3,11.6,4.3,2.0,6.3,0.7,0.4,1.4,1.8,2.2,3.5,6.9,0.511,4.5,6.0,0.7609999999999999,3.5,6.9,0.515,0.0,0.1,0.0,5,1
186,532,718,Anthony Bennett,UNLV,MWC,2013,5.71,35,31,27.1,16.1,5.7,2.5,8.1,1.0,0.7,1.2,1.9,2.3,5.8,10.8,0.5329999999999999,3.5,5.1,0.701,4.7,8.1,0.5870000000000001,1.0,2.7,0.375,1,1
187,535,722,Victor Oladipo,Indiana,Big Ten,2013,8.38,36,36,28.4,13.6,3.7,2.6,6.3,2.1,2.2,0.8,2.3,2.5,5.1,8.4,0.599,2.7,3.6,0.746,4.2,6.6,0.644,0.8,1.9,0.441,3,1
188,537,725,Otto Porter,Georgetown,Big East,2013,7.59,31,30,35.4,16.2,5.7,1.8,7.5,2.7,1.8,0.9,1.5,2.0,5.4,11.3,0.48,3.9,5.1,0.777,4.0,8.0,0.504,1.4,3.3,0.422,2,1
189,539,728,Cody Zeller,Indiana,Big Ten,2013,8.38,36,36,29.5,16.5,5.2,2.8,8.0,1.3,1.0,1.3,2.3,2.2,5.5,9.8,0.564,5.4,7.2,0.757,5.5,9.8,0.5670000000000001,0.0,0.1,0.0,2,1
190,541,731,Alex Len,Maryland,ACC,2013,4.66,38,37,26.4,11.9,5.0,2.9,7.8,1.0,0.2,2.1,1.6,2.7,4.6,8.5,0.534,2.8,4.0,0.6859999999999999,4.5,8.3,0.544,0.0,0.2,0.125,2,1
191,542,733,Nerlens Noel,Kentucky,SEC,2013,5.78,24,24,31.9,10.5,6.8,2.7,9.5,1.6,2.1,4.4,1.9,2.6,4.1,6.9,0.59,2.3,4.3,0.529,4.1,6.9,0.59,0.0,0.0,0.0,1,1
192,543,735,Ben McLemore,Kansas,Big 12,2013,7.54,37,36,32.2,15.9,3.9,1.3,5.2,2.0,1.0,0.7,2.1,1.9,5.4,10.8,0.495,3.2,3.7,0.87,3.4,6.1,0.5529999999999999,2.0,4.7,0.42,1,1
193,545,738,Kentavious Caldwell-Pope,Georgia,SEC,2013,6.09,32,30,33.9,18.5,5.9,1.2,7.1,1.8,2.0,0.5,2.0,2.2,5.8,13.4,0.433,4.2,5.3,0.799,3.2,6.4,0.498,2.6,7.0,0.373,2,1
194,547,741,Trey Burke,Michigan,Big Ten,2013,10.05,39,39,35.3,18.6,2.6,0.5,3.2,6.7,1.6,0.5,2.2,1.9,6.6,14.4,0.463,3.4,4.3,0.8009999999999999,4.7,9.3,0.506,1.9,5.1,0.384,2,1
195,551,746,CJ McCollum,Lehigh,Patriot,2013,-3.01,12,11,31.0,23.9,4.0,1.0,5.0,2.9,1.4,0.3,2.7,1.8,8.0,16.2,0.495,5.2,6.1,0.8490000000000001,5.3,10.8,0.485,2.8,5.3,0.516,4,1
196,553,749,Michael Carter-Williams,Syracuse,Big East,2013,8.57,40,40,35.2,11.9,3.7,1.3,5.0,7.3,2.7,0.5,3.5,2.3,3.9,9.9,0.393,3.2,4.7,0.6940000000000001,3.0,6.9,0.436,0.9,3.0,0.294,2,1
197,554,751,Steven Adams,Pitt,Big East,2013,5.63,32,32,23.4,7.2,3.5,2.8,6.3,0.6,0.7,2.0,1.1,1.6,3.1,5.5,0.5710000000000001,1.0,2.2,0.443,3.1,5.5,0.5710000000000001,0.0,0.0,0.0,1,1
198,557,755,Kelly Olynyk,Gonzaga,WCC,2013,4.18,32,27,26.4,17.8,4.9,2.4,7.3,1.7,0.7,1.1,2.4,2.3,6.7,10.7,0.629,4.1,5.3,0.7759999999999999,6.4,9.8,0.66,0.3,0.9,0.3,3,1
199,558,757,Shabazz Muhammad,UCLA,Pac-10,2013,7.82,32,30,30.8,17.9,2.5,2.7,5.2,0.8,0.7,0.1,1.6,1.7,6.3,14.3,0.443,4.0,5.6,0.711,5.1,10.9,0.463,1.3,3.3,0.377,1,1
200,560,760,Shane Larkin,Miami (FL),ACC,2013,7.88,36,35,36.4,14.5,3.4,0.5,3.8,4.6,2.0,0.1,2.3,1.6,5.1,10.6,0.479,2.4,3.1,0.777,3.2,5.9,0.5379999999999999,1.9,4.7,0.406,2,1
201,563,764,Tony Snell,New Mexico,MWC,2013,6.63,35,35,31.2,12.5,2.2,0.4,2.6,2.9,0.8,0.5,2.1,1.3,4.1,9.7,0.422,2.5,2.9,0.843,2.3,5.1,0.452,1.8,4.7,0.39,3,1
202,566,768,Gorgui Dieng,Louisville,Big East,2013,9.13,33,32,31.1,9.8,6.0,3.4,9.4,2.0,1.3,2.5,1.8,2.6,3.8,7.1,0.534,2.2,3.4,0.652,3.8,7.1,0.534,0.0,0.0,0.0,3,1
203,570,773,Mason Plumlee,Duke,ACC,2013,9.54,36,36,34.7,17.1,7.2,2.7,9.9,1.9,1.0,1.4,2.9,2.6,6.1,10.3,0.599,4.8,7.1,0.6809999999999999,6.1,10.3,0.599,0.0,0.0,0.0,4,1
204,574,778,Solomon Hill,Arizona,Pac-10,2013,7.47,35,35,33.0,13.4,3.6,1.7,5.3,2.7,1.1,0.6,2.2,2.2,4.5,9.9,0.458,2.7,3.5,0.7659999999999999,2.9,5.7,0.508,1.6,4.2,0.39,4,1
205,577,782,Andre Roberson,Colorado,Big 12,2013,7.95,31,30,33.4,10.9,8.2,3.0,11.2,1.4,2.2,1.3,2.4,2.5,4.3,8.9,0.48,1.7,3.2,0.551,3.6,7.0,0.521,0.6,1.9,0.328,3,1
206,578,784,Archie Goodwin,Kentucky,SEC,2013,5.78,33,33,31.8,14.1,3.2,1.5,4.6,2.7,1.1,0.5,3.1,2.9,4.8,10.8,0.44,4.1,6.4,0.637,4.2,8.9,0.478,0.5,1.9,0.266,1,1
207,581,788,Allen Crabbe,California,Pac-10,2013,7.77,33,33,36.2,18.4,5.1,1.0,6.1,2.6,1.1,0.7,2.5,2.1,6.5,14.2,0.459,3.4,4.2,0.813,4.6,8.6,0.532,1.9,5.6,0.348,3,1
208,584,792,Carrick Felix,Arizona State,Pac-10,2013,4.6,35,34,35.3,14.6,6.1,2.1,8.1,1.6,1.4,1.1,2.0,3.0,5.4,10.8,0.5,2.3,3.5,0.664,3.9,6.8,0.573,1.5,4.0,0.374,3,1
209,588,797,Isaiah Canaan,Murray State,OVC,2013,-2.89,31,30,36.5,21.8,2.9,0.6,3.5,4.3,1.5,0.1,3.2,1.9,6.9,16.1,0.431,4.9,6.0,0.8220000000000001,3.9,7.9,0.494,3.0,8.2,0.37,4,1
210,592,802,Nate Wolters,South Dakota State,Summit,2013,-3.27,33,33,38.1,22.3,4.5,1.1,5.6,5.8,1.7,0.1,2.3,1.5,7.3,15.1,0.485,5.7,7.0,0.813,5.4,10.0,0.539,1.9,5.1,0.379,4,1
211,596,807,Jeff Withey,Kansas,Big 12,2013,7.54,37,36,30.9,13.7,6.4,2.1,8.5,0.9,0.8,3.9,2.0,2.1,5.0,8.6,0.5820000000000001,3.7,5.2,0.7140000000000001,5.0,8.6,0.58,0.0,0.0,1.0,4,1
212,597,809,Grant Jerrett,Arizona,Pac-10,2013,7.47,34,2,17.8,5.2,2.5,1.1,3.6,0.5,0.5,1.0,0.6,1.3,1.9,4.5,0.409,0.5,0.6,0.818,0.9,2.2,0.413,0.9,2.3,0.405,1,1
213,600,813,Jamaal Franklin,San Diego State,MWC,2013,6.19,32,32,33.1,16.9,7.8,1.8,9.5,3.3,1.6,0.8,3.4,2.6,5.2,12.5,0.411,5.3,6.8,0.7809999999999999,3.9,7.9,0.4920000000000001,1.3,4.6,0.272,3,1
214,602,816,Pierre Jackson,Baylor,Big 12,2013,7.13,36,35,34.8,19.8,3.1,0.7,3.8,7.1,1.5,0.0,3.4,2.2,6.0,14.1,0.4270000000000001,5.3,6.7,0.8,3.6,7.3,0.49,2.4,6.8,0.359,2,1
215,606,821,Mike Muscala,Bucknell,Patriot,2013,-1.96,34,34,31.7,18.7,8.2,2.9,11.1,2.3,0.5,2.4,1.7,2.2,6.7,13.1,0.509,5.3,6.7,0.789,6.6,12.6,0.519,0.1,0.5,0.25,4,1
216,610,826,Erick Green,Virginia Tech,ACC,2013,6.27,32,32,36.4,25.0,3.5,0.5,4.0,3.8,1.3,0.2,2.2,1.4,8.2,17.2,0.475,6.8,8.3,0.816,6.3,12.3,0.509,1.9,4.9,0.389,4,1
217,614,831,Erik Murphy,Florida,SEC,2013,6.83,36,34,26.4,12.2,3.9,1.6,5.5,1.4,0.6,0.7,1.4,2.8,4.6,8.8,0.516,1.1,1.4,0.784,2.6,4.4,0.579,2.0,4.4,0.453,4,1
218,616,834,James Ennis,Long Beach State,Big West,2013,1.92,33,32,33.1,16.5,4.7,2.0,6.7,2.1,1.8,1.3,3.0,2.3,5.5,11.2,0.491,3.8,4.6,0.8340000000000001,3.8,6.6,0.585,1.7,4.7,0.35700000000000004,2,1
219,620,839,Romero Osby,Oklahoma,Big 12,2013,7.09,32,31,28.5,16.0,5.0,2.1,7.0,1.3,0.6,0.8,1.3,2.4,5.4,10.3,0.526,4.8,6.1,0.794,5.2,9.8,0.525,0.3,0.5,0.529,4,1
220,623,843,Lorenzo Brown,NC State,ACC,2013,7.17,33,32,34.2,12.4,3.7,0.7,4.3,7.2,2.0,0.6,3.5,2.0,4.2,10.1,0.419,3.3,4.2,0.7709999999999999,3.6,7.8,0.465,0.6,2.3,0.263,3,1
221,627,848,Colton Iverson,Colorado State,MWC,2013,5.89,35,35,29.5,14.2,6.4,3.3,9.8,1.3,0.6,0.7,2.0,2.6,5.2,8.8,0.596,3.7,6.3,0.59,5.2,8.8,0.596,0.0,0.0,0.0,4,1
222,631,853,Arsalan Kazemi,Oregon,Pac-12,2013,5.77,35,27,29.0,9.4,7.2,2.8,10.0,1.4,2.0,0.7,1.5,1.9,3.2,5.4,0.595,2.9,4.3,0.675,3.2,5.4,0.598,0.0,0.0,0.0,4,1
223,635,858,Peyton Siva,Louisville,Big East,2013,9.13,40,40,31.2,10.0,2.1,0.3,2.4,5.7,2.3,0.2,2.7,2.6,3.5,8.6,0.404,2.1,2.5,0.867,2.5,5.3,0.476,1.0,3.3,0.28800000000000003,4,1
224,639,863,Alex Oriakhi,Missouri,Big 12,2013,6.0,34,34,25.8,11.2,5.3,3.1,8.4,0.4,0.6,1.6,1.4,2.3,4.1,6.4,0.639,3.1,4.2,0.746,4.1,6.4,0.639,0.0,0.0,0.0,4,1
225,642,867,Deshaun Thomas,Ohio State,Big Ten,2013,9.32,37,37,35.4,19.8,4.2,1.7,5.9,1.3,0.5,0.3,1.4,1.5,7.0,15.8,0.444,3.8,4.6,0.8340000000000001,5.1,10.1,0.5,1.9,5.6,0.344,3,1
226,643,869,Andrew Wiggins,Kansas,Big 12,2014,11.4,35,35,32.8,17.1,3.7,2.2,5.9,1.5,1.2,1.0,2.3,2.7,5.4,12.1,0.448,5.0,6.5,0.775,4.2,8.5,0.493,1.2,3.6,0.341,1,1
227,644,871,Jabari Parker,Duke,ACC,2014,8.48,35,35,30.7,19.1,5.7,3.0,8.7,1.2,1.1,1.2,2.3,2.4,6.7,14.3,0.473,4.6,6.1,0.748,5.7,11.2,0.504,1.1,3.0,0.358,1,1
228,645,873,Joel Embiid,Kansas,Big 12,2014,11.4,28,20,23.1,11.2,5.8,2.3,8.1,1.4,0.9,2.6,2.4,3.4,3.8,6.1,0.626,3.5,5.1,0.685,3.8,5.9,0.639,0.0,0.2,0.2,1,1
229,646,875,Aaron Gordon,Arizona,Pac-10,2014,9.04,38,38,31.2,12.4,5.3,2.7,8.0,2.0,0.9,1.0,1.4,2.4,5.0,10.1,0.495,2.0,4.7,0.422,4.6,8.9,0.513,0.4,1.2,0.35600000000000004,1,1
230,648,878,Marcus Smart,Oklahoma State,Big 12,2014,8.34,31,31,32.7,18.0,4.5,1.4,5.9,4.8,2.9,0.6,2.6,2.9,5.3,12.5,0.422,5.9,8.1,0.728,3.7,7.2,0.514,1.6,5.3,0.299,2,1
231,649,880,Julius Randle,Kentucky,SEC,2014,9.89,40,40,30.8,15.0,6.9,3.5,10.4,1.4,0.5,0.8,2.5,2.3,4.9,9.8,0.501,5.1,7.2,0.706,4.8,9.3,0.517,0.1,0.5,0.16699999999999998,1,1
232,651,883,Nik Stauskas,Michigan,Big Ten,2014,9.65,36,36,35.6,17.5,2.5,0.4,2.9,3.3,0.6,0.3,1.9,1.3,5.1,10.9,0.47,4.7,5.7,0.8240000000000001,2.6,5.2,0.5,2.6,5.8,0.442,2,1
233,652,885,Noah Vonleh,Indiana,Big Ten,2014,6.64,30,29,26.5,11.3,6.6,2.4,9.0,0.6,0.9,1.4,2.1,2.7,3.8,7.2,0.523,3.2,4.5,0.716,3.2,6.1,0.53,0.5,1.1,0.485,1,1
234,655,889,Elfrid Payton,Louisiana,Sun Belt,2014,-0.28,35,34,35.9,19.2,3.7,2.3,6.0,5.9,2.3,0.6,3.6,2.4,6.8,13.3,0.509,5.3,8.6,0.609,6.4,11.8,0.541,0.4,1.5,0.259,3,1
235,659,894,Doug McDermott,Creighton,MVC,2014,7.17,35,35,33.7,26.7,5.3,1.6,7.0,1.6,0.2,0.1,1.8,1.9,9.4,17.9,0.526,5.1,5.9,0.8640000000000001,6.7,11.8,0.5670000000000001,2.7,6.1,0.449,4,1
236,660,896,Zach LaVine,UCLA,Pac-10,2014,7.62,37,1,24.4,9.4,2.1,0.5,2.5,1.8,0.9,0.2,1.1,2.0,3.4,7.8,0.441,1.3,1.8,0.691,2.1,4.3,0.494,1.3,3.5,0.375,1,1
237,662,899,T.J. Warren,NC State,ACC,2014,7.44,35,35,35.4,24.9,3.9,3.2,7.1,1.1,1.8,0.6,2.4,2.8,9.8,18.6,0.525,4.5,6.5,0.69,8.9,15.3,0.58,0.9,3.3,0.267,2,1
238,666,904,Adreian Payne,Michigan State,Big Ten,2014,9.38,31,28,28.1,16.4,5.7,1.5,7.3,1.3,0.5,0.9,2.0,2.6,5.7,11.4,0.503,3.5,4.5,0.79,4.3,8.1,0.536,1.4,3.4,0.423,4,1
239,667,906,James Young,Kentucky,SEC,2014,9.89,40,39,32.4,14.3,3.3,1.0,4.3,1.7,0.8,0.2,1.9,2.1,4.6,11.3,0.407,3.1,4.4,0.706,2.5,5.4,0.47,2.1,5.9,0.349,1,1
240,668,908,Tyler Ennis,Syracuse,Big East,2014,7.25,34,34,35.7,12.9,2.6,0.8,3.4,5.5,2.1,0.2,1.7,2.0,4.4,10.6,0.411,3.4,4.4,0.765,3.5,8.1,0.429,0.9,2.5,0.353,1,1
241,670,911,Gary Harris,Michigan State,Big Ten,2014,9.38,35,34,32.3,16.7,2.9,1.1,4.0,2.7,1.8,0.4,1.7,2.1,5.6,13.0,0.429,3.3,4.1,0.81,3.3,6.4,0.507,2.3,6.6,0.35200000000000004,2,1
242,672,914,Mitch McGary,Michigan,Big Ten,2014,9.65,8,4,24.8,9.5,5.4,2.9,8.3,1.5,1.9,0.8,1.6,3.1,3.8,6.9,0.545,2.0,3.0,0.667,3.8,6.6,0.5660000000000001,0.0,0.3,0.0,2,1
243,674,917,Jordan Adams,UCLA,Pac-10,2014,7.62,36,36,30.1,17.4,3.5,1.9,5.3,2.3,2.6,0.1,1.5,2.2,5.8,11.9,0.485,4.4,5.3,0.836,4.3,7.9,0.551,1.4,4.1,0.35600000000000004,2,1
244,676,920,Rodney Hood,Duke,ACC,2014,8.48,35,33,32.9,16.1,3.1,0.8,3.9,2.1,0.7,0.3,1.5,2.6,5.5,11.8,0.464,3.1,3.9,0.807,3.4,6.9,0.494,2.0,4.8,0.42,2,1
245,680,925,Shabazz Napier,UConn,Big East,2014,8.62,40,40,35.1,18.0,4.9,1.0,5.9,4.9,1.8,0.3,2.9,2.1,5.3,12.4,0.429,5.2,6.0,0.87,3.2,7.0,0.448,2.2,5.4,0.405,4,1
246,684,930,C.J. Wilcox,Washington,Pac-10,2014,6.45,32,31,34.9,18.3,3.0,0.7,3.7,2.5,1.0,1.0,1.7,2.3,6.2,13.6,0.453,3.2,3.7,0.873,3.3,6.4,0.522,2.8,7.2,0.391,4,1
247,688,935,Josh Huestis,Stanford,Pac-10,2014,9.0,36,36,35.2,11.2,5.7,2.5,8.2,1.2,0.6,1.9,1.2,2.1,4.3,9.6,0.451,1.8,2.8,0.627,3.6,7.5,0.483,0.7,2.1,0.338,4,1
248,690,938,Kyle Anderson,UCLA,Pac-10,2014,7.62,36,36,33.2,14.6,7.5,1.3,8.8,6.5,1.8,0.8,3.1,1.7,5.0,10.5,0.48,3.8,5.2,0.737,4.3,8.9,0.48,0.8,1.6,0.483,2,1
249,693,942,K.J. McDaniels,Clemson,ACC,2014,5.97,36,35,33.7,17.1,4.7,2.4,7.1,1.6,1.1,2.8,2.3,2.2,5.8,12.6,0.459,4.3,5.1,0.8420000000000001,4.6,8.8,0.527,1.2,3.8,0.304,3,1
250,695,945,Cleanthony Early,Wichita State,MVC,2014,1.73,36,36,27.4,16.4,4.6,1.3,5.9,0.8,0.8,0.8,1.9,2.3,5.2,10.7,0.484,4.2,5.0,0.8440000000000001,3.4,5.8,0.579,1.8,4.9,0.373,2,1
251,698,949,Jarnell Stokes,Tennessee,SEC,2014,7.84,37,37,32.4,15.1,6.4,4.2,10.6,2.0,0.7,0.9,2.1,2.0,5.4,10.1,0.531,4.3,6.2,0.696,5.4,10.1,0.531,0.0,0.0,0.0,3,1
252,701,953,Johnny O'Bryant III,LSU,SEC,2014,6.61,34,34,30.0,15.4,4.7,3.0,7.7,1.6,0.5,0.9,3.2,3.2,5.9,12.0,0.494,3.5,5.5,0.634,5.9,11.9,0.495,0.0,0.1,0.333,3,1
253,704,957,DeAndre Daniels,UConn,Big East,2014,8.62,38,38,29.0,13.1,4.6,1.4,6.0,0.4,0.7,1.4,1.5,2.4,4.9,10.6,0.469,1.8,2.3,0.787,3.6,7.4,0.491,1.3,3.2,0.417,3,1
254,707,961,Spencer Dinwiddie,Colorado,Big 12,2014,8.8,17,17,31.1,14.7,2.6,0.5,3.1,3.8,1.5,0.2,1.8,1.9,3.6,7.7,0.466,6.0,7.0,0.857,2.1,4.0,0.515,1.5,3.7,0.413,3,1
255,709,964,Jerami Grant,Syracuse,Big East,2014,7.25,32,20,31.4,12.1,4.3,2.4,6.8,1.4,0.8,0.6,1.2,2.3,4.2,8.4,0.496,3.8,5.6,0.674,4.2,8.2,0.506,0.0,0.2,0.0,2,1
256,711,967,Glenn Robinson III,Michigan,Big Ten,2014,9.65,37,37,32.3,13.1,3.0,1.5,4.4,1.2,0.9,0.3,1.2,1.5,4.9,10.1,0.488,2.4,3.1,0.757,4.0,7.2,0.562,0.9,2.9,0.306,2,1
257,714,971,Nick Johnson,Arizona,Pac-10,2014,9.04,38,38,33.1,16.3,3.2,0.8,4.1,2.8,1.1,0.7,1.7,2.0,5.4,12.5,0.4320000000000001,3.8,4.9,0.7809999999999999,3.8,8.0,0.469,1.6,4.4,0.3670000000000001,3,1
258,718,976,Markel Brown,Oklahoma State,Big 12,2014,8.34,34,34,35.3,17.2,4.2,1.1,5.3,2.9,1.0,1.0,1.6,2.5,5.6,11.8,0.473,4.4,5.7,0.768,4.0,7.6,0.525,1.6,4.3,0.379,4,1
259,722,981,Dwight Powell,Stanford,Pac-10,2014,9.0,36,36,32.4,14.0,4.9,1.9,6.9,3.1,1.3,0.8,2.9,3.1,4.9,10.5,0.462,4.0,5.9,0.687,4.6,9.4,0.485,0.3,1.1,0.256,4,1
260,725,985,Jordan Clarkson,Missouri,Big 12,2014,6.86,35,35,35.1,17.5,3.0,0.8,3.8,3.4,1.1,0.2,2.7,2.2,6.0,13.3,0.448,4.6,5.6,0.831,5.1,10.1,0.501,0.9,3.3,0.281,3,1
261,729,990,Russ Smith,Louisville,Big East,2014,4.79,37,36,29.3,18.2,2.5,0.8,3.3,4.6,2.0,0.1,2.8,2.5,6.1,13.0,0.468,4.1,5.9,0.705,4.2,8.1,0.517,1.9,4.9,0.387,4,1
262,734,996,Lamar Patterson,Pitt,Big East,2014,7.54,36,36,32.6,17.1,3.9,1.0,4.9,4.3,1.4,0.3,2.6,2.0,5.6,12.7,0.441,3.7,4.9,0.754,3.4,7.0,0.484,2.2,5.7,0.388,5,1
263,738,1001,Cameron Bairstow,New Mexico,MWC,2014,4.84,34,34,32.9,20.4,5.1,2.2,7.4,1.6,0.6,1.5,2.0,2.1,7.0,12.5,0.556,6.4,8.8,0.735,6.9,12.4,0.5579999999999999,0.0,0.1,0.333,4,1
264,742,1006,Alec Brown,Green Bay,Horizon,2014,0.11,30,30,30.3,15.3,3.6,2.1,5.7,1.0,0.5,3.1,2.2,2.2,5.5,11.6,0.476,2.9,4.0,0.727,4.1,8.2,0.498,1.4,3.3,0.42,4,1
265,744,1009,Semaj Christon,Xavier,A-10,2014,8.13,34,34,35.3,17.0,2.2,0.4,2.7,4.2,1.3,0.2,2.6,2.1,5.9,12.4,0.479,4.6,6.9,0.6679999999999999,5.4,10.9,0.491,0.6,1.4,0.388,2,1
266,748,1014,Roy Devyn Marble,Iowa,Big Ten,2014,7.43,33,33,30.2,17.0,2.4,0.8,3.2,3.6,1.8,0.2,1.7,1.9,5.5,13.2,0.42,4.3,6.0,0.7140000000000001,4.0,8.7,0.456,1.6,4.5,0.349,4,1
267,752,1019,Jordan McRae,Tennessee,SEC,2014,7.84,37,37,32.2,18.7,2.8,0.7,3.5,2.5,0.7,1.0,2.1,2.1,6.0,13.8,0.436,4.5,5.7,0.7879999999999999,3.9,7.8,0.502,2.1,6.1,0.35100000000000003,4,1
268,756,1024,Xavier Thames,San Diego State,MWC,2014,4.86,36,36,31.3,17.6,2.3,0.6,2.9,3.2,1.6,0.1,1.4,2.0,5.2,12.7,0.411,5.4,6.5,0.8340000000000001,3.5,8.2,0.4320000000000001,1.7,4.5,0.374,4,1
269,760,1029,Cory Jefferson,Baylor,Big 12,2014,10.11,38,38,29.0,13.7,5.4,2.8,8.2,1.0,0.4,1.3,1.3,2.2,4.8,9.7,0.5,3.6,5.6,0.64,4.5,8.7,0.515,0.4,1.0,0.368,4,1
270,761,1031,Karl-Anthony Towns,Kentucky,SEC,2015,8.67,39,39,21.1,10.3,4.3,2.4,6.7,1.1,0.5,2.3,1.4,2.9,3.7,6.6,0.5660000000000001,2.8,3.4,0.813,3.7,6.4,0.5770000000000001,0.1,0.2,0.25,1,1
271,762,1033,D'Angelo Russell,Ohio State,Big Ten,2015,7.37,35,34,33.9,19.3,4.7,1.0,5.7,5.0,1.6,0.3,2.9,2.1,6.6,14.7,0.449,3.4,4.5,0.7559999999999999,3.9,8.1,0.479,2.7,6.6,0.411,1,1
272,763,1035,Jahlil Okafor,Duke,ACC,2015,9.87,38,38,30.1,17.3,4.9,3.5,8.5,1.3,0.8,1.4,2.5,2.1,7.3,11.1,0.664,2.6,5.1,0.51,7.3,11.1,0.664,0.0,0.0,0.0,1,1
273,766,1039,Willie Cauley-Stein,Kentucky,SEC,2015,8.67,39,38,25.9,8.9,4.2,2.3,6.4,1.0,1.2,1.7,1.2,2.0,3.5,6.1,0.5720000000000001,2.0,3.3,0.617,3.5,6.1,0.5720000000000001,0.0,0.0,0.0,3,1
274,767,1041,Stanley Johnson,Arizona,Pac-10,2015,7.41,38,37,28.4,13.8,4.5,2.0,6.5,1.7,1.5,0.4,2.2,2.6,4.6,10.3,0.446,3.5,4.7,0.742,3.4,7.2,0.478,1.1,3.1,0.371,1,1
275,771,1046,Frank Kaminsky,Wisconsin,Big Ten,2015,10.29,39,39,33.6,18.8,6.7,1.5,8.2,2.6,0.8,1.5,1.6,1.7,6.8,12.5,0.547,4.0,5.1,0.78,5.8,9.9,0.581,1.1,2.6,0.416,4,1
276,772,1048,Justise Winslow,Duke,ACC,2015,9.87,39,39,29.1,12.6,5.2,1.3,6.5,2.1,1.3,0.9,1.8,2.8,4.4,9.1,0.486,2.6,4.0,0.6409999999999999,3.3,6.3,0.516,1.2,2.8,0.418,1,1
277,773,1050,Myles Turner,Texas,Big 12,2015,9.07,34,7,22.2,10.1,5.2,1.3,6.5,0.6,0.3,2.6,1.4,2.4,3.4,7.6,0.455,2.8,3.3,0.8390000000000001,2.9,5.7,0.513,0.5,1.8,0.274,1,1
278,774,1052,Trey Lyles,Kentucky,SEC,2015,8.67,36,21,23.0,8.7,3.4,1.8,5.2,1.1,0.5,0.4,1.1,1.6,3.3,6.7,0.488,2.1,2.8,0.735,3.1,5.9,0.536,0.1,0.8,0.138,1,1
279,776,1055,Cameron Payne,Murray State,OVC,2015,-2.81,35,35,32.2,20.2,3.1,0.6,3.7,6.0,1.9,0.5,2.5,2.1,7.0,15.3,0.456,3.8,4.8,0.787,4.6,9.0,0.513,2.4,6.4,0.377,2,1
280,777,1057,Kelly Oubre,Kansas,Big 12,2015,12.13,36,27,21.0,9.3,3.8,1.1,5.0,0.8,1.1,0.4,1.2,2.0,3.1,6.9,0.444,2.2,3.1,0.718,2.1,4.3,0.4970000000000001,0.9,2.6,0.358,1,1
281,779,1060,Terry Rozier,Louisville,Big East,2015,8.98,36,35,35.0,17.1,4.4,1.2,5.6,3.0,2.0,0.2,2.2,1.7,5.9,14.5,0.411,3.9,4.9,0.79,4.6,10.1,0.456,1.3,4.4,0.306,2,1
282,780,1062,Rashad Vaughn,UNLV,MWC,2015,3.38,23,23,32.3,17.8,4.2,0.6,4.8,1.6,0.8,0.3,2.2,2.3,6.3,14.3,0.439,3.0,4.3,0.6940000000000001,3.9,8.1,0.481,2.3,6.1,0.383,1,1
283,783,1066,Sam Dekker,Wisconsin,Big Ten,2015,10.29,40,40,31.0,13.9,3.6,1.9,5.5,1.2,0.5,0.5,0.9,1.1,5.3,10.2,0.525,2.0,2.8,0.708,4.1,6.4,0.639,1.3,3.8,0.331,3,1
284,787,1071,Jerian Grant,Notre Dame,Big East,2015,7.02,38,38,37.1,16.5,2.7,0.3,3.0,6.7,1.7,0.5,2.2,2.0,5.4,11.2,0.478,4.5,5.7,0.78,4.1,7.1,0.5720000000000001,1.3,4.2,0.316,4,1
285,789,1074,Delon Wright,Utah,Pac-12,2015,7.42,35,35,33.3,14.5,4.0,1.0,4.9,5.1,2.1,1.0,1.9,1.4,4.7,9.3,0.509,4.4,5.2,0.836,4.0,7.2,0.5539999999999999,0.7,2.1,0.35600000000000004,2,1
286,792,1078,Justin Anderson,Virginia,ACC,2015,7.81,26,22,27.8,12.2,3.4,0.7,4.0,1.7,0.7,0.5,1.2,1.2,4.0,8.5,0.466,2.5,3.2,0.78,2.2,4.5,0.479,1.8,4.0,0.452,3,1
287,794,1081,Bobby Portis,Arkansas,SEC,2015,6.79,36,36,29.9,17.5,5.2,3.7,8.9,1.2,1.1,1.4,1.6,2.2,6.9,12.9,0.536,3.2,4.3,0.737,6.6,12.1,0.541,0.4,0.8,0.467,2,1
288,796,1084,Rondae Hollis-Jefferson,Arizona,Pac-10,2015,7.41,38,25,28.7,11.2,4.8,2.0,6.8,1.6,1.2,0.8,1.6,2.5,3.6,7.2,0.502,3.8,5.4,0.7070000000000001,3.5,6.5,0.537,0.2,0.8,0.207,2,1
289,797,1086,Tyus Jones,Duke,ACC,2015,9.87,39,39,33.9,11.8,3.0,0.5,3.5,5.6,1.5,0.1,1.9,1.2,3.5,8.3,0.417,3.7,4.2,0.889,2.3,5.1,0.44,1.2,3.2,0.379,1,1
290,799,1089,Jarell Martin,LSU,SEC,2015,5.63,33,32,35.1,16.9,6.3,3.0,9.2,1.8,1.2,0.7,2.8,2.8,6.1,12.0,0.509,4.2,6.2,0.69,5.7,10.5,0.545,0.4,1.6,0.269,2,1
291,803,1094,Larry Nance Jr.,Wyoming,MWC,2015,-0.04,31,30,34.9,16.1,5.8,1.4,7.2,2.5,1.2,1.2,2.3,2.2,6.0,11.6,0.514,3.7,4.7,0.7859999999999999,5.5,10.3,0.5379999999999999,0.5,1.4,0.333,4,1
292,806,1098,R.J. Hunter,Georgia State,CAA,2015,-2.03,35,35,37.0,19.7,3.9,0.8,4.7,3.6,2.1,1.0,2.2,2.4,5.8,14.7,0.395,5.8,6.6,0.878,3.5,7.2,0.488,2.3,7.5,0.305,3,1
293,807,1100,Chris McCullough,Syracuse,Big East,2015,7.68,16,16,28.1,9.3,4.6,2.3,6.9,1.1,1.7,2.1,2.2,2.6,3.4,7.1,0.478,2.5,4.4,0.563,3.3,7.0,0.473,0.1,0.1,1.0,1,1
294,808,1102,Kevon Looney,UCLA,Pac-10,2015,8.27,36,36,30.9,11.6,5.8,3.4,9.2,1.4,1.3,0.9,1.3,2.9,4.2,8.9,0.47,2.6,4.1,0.626,3.6,7.4,0.481,0.6,1.5,0.415,1,1
295,811,1106,Montrezl Harrell,Louisville,Big East,2015,8.98,35,35,35.1,15.7,6.0,3.2,9.2,1.4,0.9,1.2,2.0,2.1,6.1,10.7,0.5660000000000001,3.3,5.5,0.597,5.8,9.7,0.602,0.3,1.1,0.243,3,1
296,813,1109,Jordan Mickey,LSU,SEC,2015,5.63,31,31,34.9,15.4,6.7,3.2,9.9,1.3,0.9,3.6,3.3,2.6,6.2,12.2,0.504,3.1,4.7,0.6459999999999999,6.1,11.9,0.514,0.0,0.3,0.111,2,1
297,817,1114,Rakeem Christmas,Syracuse,Big East,2015,7.68,31,31,34.3,17.5,6.0,3.1,9.1,1.5,0.9,2.5,2.5,3.4,6.5,11.9,0.552,4.4,6.2,0.7120000000000001,6.5,11.8,0.5529999999999999,0.0,0.0,0.0,4,1
298,820,1118,Richaun Holmes,Bowling Green State,MAC,2015,-1.25,31,30,28.8,14.7,5.2,2.8,8.0,0.8,0.7,2.7,1.9,2.5,5.3,9.5,0.563,3.5,4.9,0.7120000000000001,4.7,8.1,0.588,0.6,1.4,0.419,3,1
299,824,1123,Darrun Hilliard,Villanova,Big East,2015,7.55,35,35,28.8,14.3,2.7,0.5,3.1,2.1,1.8,0.3,1.2,2.2,4.9,11.0,0.44,2.3,2.9,0.7959999999999999,2.6,5.2,0.5,2.3,5.8,0.387,4,1
300,828,1128,Pat Connaughton,Notre Dame,Big East,2015,7.02,38,38,35.6,12.5,6.3,1.1,7.4,1.5,0.7,0.9,1.2,2.0,4.4,9.4,0.466,1.3,1.7,0.7809999999999999,1.9,3.6,0.537,2.4,5.8,0.423,4,1
301,831,1132,Olivier Hanlan,Boston College,ACC,2015,7.94,32,31,37.6,19.5,3.5,0.8,4.2,4.2,1.3,0.0,2.7,2.1,7.0,15.5,0.454,3.4,4.5,0.759,5.0,9.8,0.513,2.0,5.8,0.353,3,1
302,835,1137,Joseph Young,Oregon,Pac-12,2015,7.65,36,35,36.7,20.7,3.9,0.5,4.4,3.8,1.1,0.0,2.4,1.4,7.4,16.4,0.448,3.4,3.7,0.925,4.8,9.4,0.516,2.5,7.1,0.35700000000000004,4,1
303,837,1140,Andrew Harrison,Kentucky,SEC,2015,8.67,39,39,25.5,9.3,1.9,0.3,2.2,3.6,1.0,0.2,1.6,1.8,2.6,6.8,0.378,3.2,4.1,0.792,1.7,4.4,0.376,0.9,2.4,0.383,2,1
304,841,1145,Norman Powell,UCLA,Pac-10,2015,8.27,36,36,34.6,16.4,4.1,0.6,4.7,2.1,1.8,0.4,2.2,2.5,5.9,13.0,0.456,3.5,4.7,0.7509999999999999,4.9,9.7,0.503,1.1,3.3,0.319,4,1
305,843,1148,Dakari Johnson,Kentucky,SEC,2015,8.67,39,0,16.3,6.4,2.9,1.7,4.6,0.7,0.4,0.9,1.1,1.8,2.0,4.0,0.506,2.3,3.7,0.625,2.0,4.0,0.506,0.0,0.0,0.0,2,1
306,846,1152,Tyler Harvey,Eastern Washington,Big Sky,2015,-3.84,32,32,36.9,23.1,3.0,0.6,3.6,2.6,1.1,0.1,2.0,1.9,7.2,15.3,0.469,4.7,5.5,0.852,3.2,6.0,0.528,4.0,9.3,0.431,3,1
307,850,1157,Sir'Dominic Pointer,St. John's (NY),Big East,2015,9.04,33,32,34.6,13.7,5.7,1.9,7.7,3.0,1.9,2.4,2.0,3.0,5.3,10.1,0.524,3.0,4.2,0.725,5.2,9.4,0.56,0.1,0.8,0.08,4,1
308,854,1162,Cady Lalanne,UMass,A-10,2015,4.69,32,32,29.0,11.6,6.1,3.4,9.5,0.3,0.6,1.9,2.5,2.7,4.3,7.8,0.552,2.8,4.5,0.636,4.2,7.3,0.5820000000000001,0.1,0.6,0.16699999999999998,4,1
309,858,1167,Branden Dawson,Michigan State,Big Ten,2015,10.0,35,32,30.1,11.9,6.2,2.9,9.1,1.7,1.2,1.7,1.9,2.1,5.2,9.7,0.535,1.5,3.0,0.49,5.2,9.7,0.535,0.0,0.0,0.0,4,1
310,861,1171,J.P. Tokoto,UNC,ACC,2015,11.76,38,34,29.1,8.3,4.0,1.6,5.6,4.3,1.5,0.3,2.2,2.4,3.1,7.1,0.428,1.9,3.1,0.615,2.7,6.3,0.435,0.3,0.8,0.375,3,1
311,862,1173,Ben Simmons,LSU,SEC,2016,7.0,33,32,34.9,19.2,8.6,3.1,11.8,4.8,2.0,0.8,3.4,2.8,6.5,11.7,0.56,6.0,9.0,0.67,6.5,11.6,0.561,0.0,0.1,0.333,1,1
312,863,1175,Brandon Ingram,Duke,ACC,2016,10.59,36,34,34.6,17.3,4.9,1.9,6.8,2.0,1.1,1.4,2.0,2.1,5.9,13.4,0.442,3.2,4.7,0.682,3.7,8.0,0.464,2.2,5.4,0.41,1,1
313,864,1177,Jaylen Brown,California,Pac-10,2016,7.87,34,34,27.6,14.6,4.3,1.1,5.4,2.0,0.8,0.6,3.1,3.2,4.8,11.1,0.431,4.2,6.4,0.654,3.9,8.1,0.482,0.9,3.0,0.294,1,1
314,868,1182,Kris Dunn,Providence,Big East,2016,8.46,33,32,33.0,16.4,4.2,1.1,5.3,6.2,2.5,0.6,3.5,2.8,5.6,12.5,0.448,4.0,5.8,0.695,4.3,9.0,0.477,1.3,3.4,0.3720000000000001,4,1
315,872,1187,Buddy Hield,Oklahoma,Big 12,2016,11.14,37,37,35.4,25.0,4.5,1.2,5.7,2.0,1.1,0.5,3.1,2.1,8.1,16.2,0.501,4.8,5.4,0.88,4.2,7.5,0.552,4.0,8.7,0.457,4,1
316,873,1189,Jamal Murray,Kentucky,SEC,2016,8.84,36,36,35.2,20.0,3.7,1.5,5.2,2.2,1.0,0.3,2.3,2.1,6.8,14.9,0.454,3.3,4.2,0.7829999999999999,3.6,7.3,0.502,3.1,7.7,0.408,1,1
317,874,1191,Marquese Chriss,Washington,Pac-10,2016,8.12,34,34,24.9,13.7,2.9,2.5,5.4,0.8,0.9,1.6,2.0,4.1,5.3,9.9,0.53,2.6,3.8,0.682,4.6,8.2,0.568,0.6,1.8,0.35,1,1
318,876,1194,Jakob Poeltl,Utah,Pac-12,2016,8.79,36,36,30.4,17.2,6.3,2.8,9.1,1.9,0.6,1.6,2.1,2.3,6.3,9.8,0.6459999999999999,4.6,6.6,0.6890000000000001,6.3,9.8,0.6459999999999999,0.0,0.0,0.0,2,1
319,878,1197,Domantas Sabonis,Gonzaga,WCC,2016,4.23,36,31,31.9,17.6,8.8,3.1,11.8,1.8,0.6,0.9,2.6,3.2,6.6,10.9,0.611,4.2,5.4,0.769,6.5,10.5,0.621,0.1,0.4,0.35700000000000004,2,1
320,882,1202,Taurean Prince,Baylor,Big 12,2016,9.76,34,34,30.6,15.9,3.7,2.4,6.1,2.3,1.3,0.7,2.7,2.5,5.5,12.7,0.4320000000000001,3.3,4.3,0.774,3.9,8.4,0.469,1.6,4.3,0.361,4,1
321,886,1207,Denzel Valentine,Michigan State,Big Ten,2016,6.94,31,30,33.0,19.2,6.7,0.8,7.5,7.8,1.0,0.2,2.7,1.7,6.6,14.3,0.462,2.6,3.1,0.853,3.3,6.8,0.481,3.4,7.5,0.444,4,1
322,888,1210,Wade Baldwin,Vanderbilt,SEC,2016,8.68,33,30,30.4,14.1,3.6,0.4,4.0,5.2,1.2,0.3,2.8,2.6,4.1,9.6,0.4270000000000001,4.7,5.9,0.799,2.8,6.5,0.4370000000000001,1.2,3.1,0.406,2,1
323,889,1212,Henry Ellenson,Marquette,Big East,2016,5.57,33,33,33.5,17.0,7.6,2.2,9.7,1.8,0.8,1.5,2.4,2.5,5.9,13.2,0.446,4.3,5.8,0.7490000000000001,5.0,10.0,0.495,0.9,3.2,0.28800000000000003,1,1
324,890,1214,Malik Beasley,Florida State,ACC,2016,8.16,34,33,29.8,15.6,4.0,1.3,5.3,1.5,0.9,0.2,1.7,2.2,5.4,11.6,0.471,3.1,3.8,0.813,3.8,7.4,0.518,1.6,4.2,0.387,1,1
325,894,1219,Caris LeVert,Michigan,Big Ten,2016,7.92,15,14,30.9,16.5,4.7,0.6,5.3,4.9,1.0,0.2,1.7,1.2,5.5,10.8,0.506,3.6,4.5,0.794,3.5,6.5,0.546,1.9,4.3,0.446,4,1
326,897,1223,DeAndre Bembry,St. Joseph's,A-10,2016,4.93,36,35,37.3,17.4,6.3,1.4,7.8,4.5,1.4,0.8,2.0,2.4,6.6,13.8,0.479,3.3,4.9,0.657,5.7,10.3,0.5529999999999999,0.9,3.6,0.266,3,1
327,898,1225,Malachi Richardson,Syracuse,Big East,2016,9.75,37,37,34.4,13.4,3.8,0.5,4.3,2.1,1.1,0.3,2.1,2.5,4.1,11.1,0.369,3.1,4.2,0.72,2.0,5.1,0.388,2.1,6.1,0.353,1,1
328,902,1230,Brice Johnson,UNC,ACC,2016,10.69,40,39,28.0,18.2,7.5,2.9,10.4,1.5,1.1,1.5,1.8,2.7,7.2,11.6,0.617,3.9,4.9,0.794,7.2,11.6,0.617,0.0,0.0,0.0,4,1
329,904,1233,Pascal Siakam,New Mexico State,WAC,2016,-3.54,34,34,34.6,20.3,7.7,3.9,11.6,1.7,1.0,2.2,2.0,2.7,8.1,15.0,0.539,4.0,5.9,0.6779999999999999,8.0,14.6,0.5489999999999999,0.1,0.4,0.2,2,1
330,905,1235,Skal Labissiere,Kentucky,SEC,2016,8.84,36,18,15.8,6.6,2.2,1.0,3.1,0.3,0.3,1.6,0.9,3.0,2.7,5.3,0.516,1.1,1.7,0.6609999999999999,2.7,5.2,0.521,0.0,0.1,0.0,1,1
331,906,1237,Dejounte Murray,Washington,Pac-10,2016,8.12,34,34,33.5,16.1,4.6,1.4,6.0,4.4,1.8,0.3,3.2,2.6,5.9,14.3,0.416,3.2,4.9,0.6629999999999999,4.9,10.8,0.457,1.0,3.5,0.28800000000000003,1,1
332,909,1241,Damian Jones,Vanderbilt,SEC,2016,8.68,33,33,26.2,13.9,4.6,2.2,6.9,1.2,0.2,1.6,2.0,3.3,5.6,9.5,0.59,2.7,5.1,0.536,5.6,9.4,0.595,0.0,0.1,0.0,3,1
333,910,1243,Deyonta Davis,Michigan State,Big Ten,2016,6.94,35,16,18.6,7.5,3.4,2.1,5.5,0.7,0.3,1.8,0.9,2.3,3.4,5.7,0.598,0.7,1.1,0.605,3.4,5.7,0.598,0.0,0.0,0.0,1,1
334,911,1245,Cheick Diallo,Kansas,Big 12,2016,11.22,27,1,7.5,3.0,1.9,0.6,2.5,0.0,0.3,0.9,0.6,1.4,1.2,2.1,0.569,0.6,1.0,0.556,1.2,2.1,0.569,0.0,0.0,0.0,1,1
335,913,1248,Tyler Ulis,Kentucky,SEC,2016,8.84,35,35,36.8,17.3,2.5,0.5,3.0,7.0,1.5,0.1,2.0,1.8,5.5,12.6,0.434,4.8,5.6,0.856,3.9,8.1,0.486,1.6,4.6,0.344,2,1
336,917,1253,Malcolm Brogdon,Virginia,ACC,2016,11.12,37,37,34.1,18.2,3.5,0.5,4.1,3.1,0.9,0.2,1.4,2.1,6.2,13.6,0.457,3.8,4.2,0.897,4.2,8.4,0.498,2.0,5.2,0.391,4,1
337,919,1256,Chinanu Onuaku,Louisville,Big East,2016,7.74,31,29,24.6,9.9,5.5,2.9,8.5,1.6,0.8,2.0,2.1,3.0,4.4,7.1,0.62,1.1,1.8,0.589,4.4,7.1,0.623,0.0,0.0,0.0,2,1
338,921,1259,Patrick McCaw,UNLV,MWC,2016,3.17,33,32,33.7,14.7,4.0,1.2,5.1,3.9,2.5,0.4,2.1,2.2,5.1,10.9,0.465,2.5,3.2,0.774,3.0,5.3,0.5710000000000001,2.1,5.6,0.366,2,1
339,922,1261,Diamond Stone,Maryland,ACC,2016,8.31,35,22,23.1,12.5,3.2,2.2,5.4,0.4,0.5,1.6,1.5,2.3,4.8,8.4,0.568,2.9,3.8,0.7609999999999999,4.8,8.4,0.568,0.0,0.0,0.0,1,1
340,923,1263,Stephen Zimmerman,UNLV,MWC,2016,3.17,26,24,26.2,10.5,6.6,2.2,8.7,0.8,0.5,2.0,2.1,3.0,3.9,8.2,0.477,2.4,3.9,0.624,3.7,7.6,0.4920000000000001,0.2,0.7,0.294,1,1
341,925,1266,Isaiah Whitehead,Seton Hall,Big East,2016,8.28,34,33,32.3,18.2,3.1,0.5,3.6,5.1,1.2,1.4,3.5,2.3,5.7,15.1,0.379,4.4,5.8,0.76,3.3,8.5,0.39,2.4,6.5,0.365,2,1
342,929,1271,A.J. Hammons,Purdue,Big Ten,2016,7.46,33,20,24.6,15.0,5.8,2.3,8.2,1.1,0.3,2.5,2.0,2.4,6.0,10.2,0.5920000000000001,2.7,3.8,0.7090000000000001,5.8,9.8,0.594,0.2,0.3,0.545,4,1
343,933,1276,Jake Layman,Maryland,ACC,2016,8.31,36,36,30.9,11.6,4.2,1.1,5.3,1.1,1.1,1.0,1.7,1.9,3.9,7.8,0.5,2.2,2.6,0.8320000000000001,2.3,3.8,0.61,1.6,4.0,0.396,4,1
344,937,1281,Michael Gbinije,Syracuse,Big East,2016,9.75,37,37,37.9,17.5,3.0,1.1,4.1,4.3,1.9,0.4,2.8,2.6,6.1,13.2,0.461,2.9,4.3,0.6629999999999999,3.6,6.9,0.525,2.5,6.3,0.391,4,1
345,941,1286,Georges Niang,Iowa State,Big 12,2016,10.16,35,35,33.2,20.5,4.9,1.3,6.2,3.3,0.9,0.6,2.6,3.2,8.1,14.8,0.546,2.7,3.4,0.807,6.5,10.7,0.605,1.6,4.1,0.392,4,1
346,943,1289,Ben Bentil,Providence,Big East,2016,8.46,35,33,34.2,21.1,5.0,2.7,7.7,1.1,0.9,1.0,1.9,2.8,7.0,15.2,0.462,5.5,7.1,0.782,5.5,10.7,0.517,1.5,4.5,0.329,2,1
347,947,1294,Joel Bolomboy,Weber State,Big Sky,2016,-5.13,33,33,31.5,17.1,9.3,3.3,12.6,1.1,0.7,1.2,2.4,2.2,5.8,10.2,0.573,4.8,6.9,0.6970000000000001,5.2,8.5,0.613,0.6,1.7,0.364,4,1
348,950,1298,Kay Felder,Oakland,Summit,2016,-1.61,35,35,36.7,24.4,3.5,0.7,4.3,9.3,2.0,0.2,3.4,3.0,7.7,17.5,0.44,6.8,8.1,0.848,5.5,11.4,0.485,2.2,6.1,0.355,3,1
349,954,1303,Marcus Paige,UNC,ACC,2016,10.69,34,34,31.6,13.4,2.1,0.4,2.5,3.7,1.1,0.4,1.2,1.5,4.3,10.9,0.397,2.4,3.0,0.7959999999999999,2.0,4.4,0.46,2.3,6.5,0.355,4,1
350,956,1306,Daniel Hamilton,UConn,Big East,2016,6.28,36,36,31.9,12.5,8.0,0.9,8.9,4.7,1.1,0.4,2.4,1.8,4.4,11.4,0.387,2.4,2.8,0.86,3.1,7.5,0.416,1.3,3.9,0.331,2,1
351,960,1311,Abdel Nader,Iowa State,Big 12,2016,10.16,35,35,31.1,12.9,4.2,0.7,5.0,1.5,1.1,0.7,2.3,2.8,4.6,9.6,0.478,2.2,3.0,0.736,3.1,5.6,0.5529999999999999,1.5,4.0,0.371,4,1
352,964,1316,Isaiah Cousins,Oklahoma,Big 12,2016,11.14,37,37,33.3,12.6,3.8,0.6,4.5,4.5,1.4,0.3,2.4,1.7,4.6,11.2,0.406,1.8,2.6,0.67,2.8,7.0,0.403,1.8,4.3,0.411,4,1
353,968,1321,Tyrone Wallace,California,Pac-10,2016,7.87,28,25,32.2,15.3,4.3,1.0,5.3,4.4,1.0,0.4,2.6,2.3,5.4,12.3,0.44,3.6,5.5,0.649,4.5,9.3,0.486,0.9,3.0,0.298,4,1
354,969,1323,Markelle Fultz,Washington,Pac-10,2017,6.82,25,25,35.7,23.2,4.4,1.3,5.7,5.9,1.6,1.2,3.2,2.5,8.4,17.6,0.476,4.4,6.7,0.649,6.3,12.5,0.502,2.1,5.0,0.413,1,1
355,970,1325,Lonzo Ball,UCLA,Pac-10,2017,6.39,36,36,35.1,14.6,5.1,0.9,6.0,7.6,1.8,0.8,2.5,1.8,5.3,9.5,0.551,1.8,2.7,0.6729999999999999,3.0,4.1,0.732,2.2,5.4,0.412,1,1
356,971,1327,Jayson Tatum,Duke,ACC,2017,10.91,29,27,33.3,16.8,6.0,1.3,7.3,2.1,1.3,1.1,2.6,3.0,5.7,12.6,0.452,4.1,4.8,0.8490000000000001,4.3,8.6,0.504,1.4,4.0,0.342,1,1
357,972,1329,De'Aaron Fox,Kentucky,SEC,2017,10.49,36,34,29.6,16.7,3.4,0.6,4.0,4.6,1.5,0.2,2.4,2.5,5.9,12.4,0.479,4.3,5.9,0.736,5.5,10.5,0.521,0.5,1.9,0.246,1,1
358,973,1331,Jonathan Isaac,Florida State,ACC,2017,8.87,32,32,26.2,12.0,6.1,1.8,7.8,1.2,1.2,1.5,1.5,2.2,4.1,8.0,0.508,2.9,3.7,0.78,3.1,5.2,0.593,1.0,2.8,0.348,1,1
359,974,1333,Lauri Markkanen,Arizona,Pac-10,2017,7.63,37,37,30.8,15.6,4.8,2.4,7.2,0.9,0.4,0.5,1.1,2.0,5.0,10.2,0.4920000000000001,3.7,4.4,0.835,3.1,5.8,0.545,1.9,4.4,0.423,1,1
360,975,1335,Zach Collins,Gonzaga,WCC,2017,4.13,39,0,17.3,10.0,4.2,1.7,5.9,0.4,0.5,1.8,1.5,2.7,3.5,5.3,0.652,2.8,3.8,0.743,3.2,4.8,0.672,0.3,0.5,0.476,1,1
361,976,1337,Malik Monk,Kentucky,SEC,2017,10.49,38,37,32.1,19.8,2.2,0.3,2.5,2.3,0.9,0.5,2.0,1.9,6.6,14.7,0.45,3.9,4.7,0.8220000000000001,3.9,7.8,0.4970000000000001,2.7,6.9,0.397,1,1
362,978,1340,Luke Kennard,Duke,ACC,2017,10.91,37,36,35.5,19.5,3.9,1.2,5.1,2.5,0.8,0.4,1.6,2.2,6.4,13.1,0.489,4.3,5.1,0.856,4.0,7.7,0.525,2.4,5.4,0.438,2,1
363,980,1343,Donovan Mitchell,Louisville,Big East,2017,11.15,34,33,32.3,15.6,3.8,1.1,4.9,2.7,2.1,0.5,1.6,2.6,5.3,13.1,0.408,2.6,3.2,0.8059999999999999,3.0,6.4,0.463,2.4,6.6,0.354,2,1
364,981,1345,Bam Adebayo,Kentucky,SEC,2017,10.49,38,38,30.1,13.0,4.9,3.1,8.0,0.8,0.7,1.5,1.7,2.6,4.5,7.5,0.599,4.1,6.2,0.653,4.5,7.5,0.599,0.0,0.0,0.0,1,1
365,982,1347,Justin Patton,Creighton,MVC,2017,8.95,35,34,25.3,12.9,4.5,1.7,6.2,1.2,0.9,1.4,1.7,2.7,5.7,8.5,0.6759999999999999,1.3,2.5,0.517,5.5,8.0,0.6829999999999999,0.2,0.4,0.5329999999999999,1,1
366,985,1351,D.J. Wilson,Michigan,Big Ten,2017,10.17,38,36,30.4,11.0,3.8,1.5,5.3,1.3,0.5,1.5,1.1,1.9,4.3,8.0,0.5379999999999999,1.3,1.6,0.833,3.2,5.1,0.631,1.1,2.9,0.373,3,1
367,986,1353,T.J. Leaf,UCLA,Pac-10,2017,6.39,35,35,29.9,16.3,6.0,2.2,8.2,2.4,0.6,1.1,1.5,2.5,6.7,10.9,0.617,2.1,3.0,0.679,5.9,9.2,0.644,0.8,1.7,0.466,1,1
368,988,1356,John Collins,Wake Forest,ACC,2017,9.8,33,33,26.6,19.2,6.1,3.8,9.8,0.5,0.6,1.6,1.8,3.0,7.1,11.4,0.622,5.0,6.7,0.745,7.1,11.4,0.624,0.0,0.0,0.0,2,1
369,989,1358,Harry Giles,Duke,ACC,2017,10.91,26,6,11.5,3.9,2.3,1.6,3.8,0.3,0.3,0.7,0.7,2.2,1.7,3.0,0.5770000000000001,0.5,0.9,0.5,1.7,3.0,0.5770000000000001,0.0,0.0,0.0,1,1
370,990,1360,Jarrett Allen,Texas,Big 12,2017,12.75,33,33,32.2,13.4,5.4,3.0,8.4,0.8,0.6,1.5,2.5,2.1,5.4,9.6,0.5660000000000001,2.5,4.5,0.564,5.4,9.4,0.579,0.0,0.2,0.0,1,1
371,992,1363,OG Anunoby,Indiana,Big Ten,2017,8.15,16,10,25.1,11.1,3.7,1.8,5.4,1.4,1.3,1.3,1.6,2.1,4.3,7.6,0.557,1.7,3.0,0.563,3.4,4.8,0.701,0.9,2.8,0.311,2,1
372,994,1366,Tyler Lydon,Syracuse,Big East,2017,8.46,34,34,36.1,13.2,6.3,2.3,8.6,2.1,1.0,1.4,1.7,2.5,4.4,9.4,0.473,2.9,3.4,0.836,3.0,5.7,0.523,1.4,3.6,0.395,2,1
373,996,1369,Caleb Swanigan,Purdue,Big Ten,2017,8.79,35,35,32.5,18.5,9.7,2.7,12.5,3.1,0.4,0.8,3.4,2.8,6.3,12.0,0.527,4.7,6.0,0.7809999999999999,5.3,9.6,0.5479999999999999,1.1,2.4,0.447,2,1
374,999,1373,Kyle Kuzma,Utah,Pac-12,2017,4.32,29,29,30.8,16.4,6.6,2.8,9.3,2.4,0.6,0.5,2.1,1.6,6.3,12.4,0.504,2.9,4.4,0.669,5.3,9.6,0.56,0.9,2.9,0.321,3,1
375,1000,1375,Tony Bradley,UNC,ACC,2017,11.76,38,0,14.6,7.1,2.6,2.6,5.1,0.6,0.3,0.6,0.7,1.8,2.7,4.7,0.573,1.7,2.8,0.619,2.7,4.7,0.573,0.0,0.0,0.0,1,1
376,1001,1377,Derrick White,Colorado,Big 12,2017,6.0,34,32,32.8,18.1,3.1,1.0,4.1,4.4,1.2,1.4,2.4,2.1,6.0,11.9,0.507,4.4,5.4,0.813,4.4,7.6,0.569,1.7,4.2,0.396,1,1
377,1005,1382,Josh Hart,Villanova,Big East,2017,9.28,36,35,33.1,18.7,5.0,1.4,6.4,2.9,1.6,0.3,2.0,2.3,6.6,12.9,0.51,3.5,4.7,0.747,4.5,7.8,0.579,2.1,5.1,0.404,4,1
378,1009,1387,Davon Reed,Miami (FL),ACC,2017,9.57,33,33,35.3,14.9,3.9,0.8,4.8,2.4,1.3,0.5,2.0,1.6,4.9,11.3,0.433,2.7,3.3,0.833,2.5,5.2,0.474,2.4,6.0,0.397,4,1
379,1013,1392,Wesley Iwundu,Kansas State,Big 12,2017,10.48,35,35,31.4,13.0,5.3,1.0,6.3,3.5,1.0,0.3,2.3,1.8,4.3,9.0,0.481,3.5,4.5,0.767,3.4,6.5,0.52,0.9,2.4,0.376,4,1
380,1017,1397,Frank Mason,Kansas,Big 12,2017,12.23,36,36,36.1,20.9,3.6,0.6,4.2,5.2,1.3,0.1,2.4,2.0,6.7,13.7,0.49,5.3,6.6,0.794,4.4,8.8,0.5,2.3,4.8,0.471,4,1
381,1019,1400,Ivan Rabb,California,Pac-10,2017,6.34,31,30,32.6,14.0,7.4,3.0,10.5,1.5,0.7,1.0,2.2,3.1,4.9,10.1,0.484,4.0,6.0,0.6629999999999999,4.6,9.4,0.49,0.3,0.6,0.4,2,1
382,1022,1404,Semi Ojeleye,SMU,AAC,2017,4.45,35,35,34.1,19.0,4.6,2.3,6.9,1.5,0.4,0.4,1.4,1.8,6.0,12.3,0.487,4.9,6.3,0.785,3.9,7.4,0.529,2.1,4.9,0.424,3,1
383,1025,1408,Jordan Bell,Oregon,Pac-12,2017,8.38,39,38,28.8,10.9,5.9,2.9,8.8,1.8,1.3,2.3,1.9,1.7,4.4,6.9,0.636,2.1,3.0,0.701,4.3,6.5,0.659,0.1,0.4,0.214,3,1
384,1027,1411,Jawun Evans,Oklahoma State,Big 12,2017,12.22,32,32,29.3,19.2,2.7,0.8,3.4,6.4,1.8,0.1,2.8,2.3,6.6,15.1,0.438,4.8,6.0,0.812,5.5,12.1,0.452,1.1,3.0,0.379,2,1
385,1029,1414,Dwayne Bacon,Florida State,ACC,2017,8.87,35,35,28.8,17.2,3.2,1.0,4.2,1.7,1.0,0.1,2.0,1.6,6.3,14.0,0.452,3.0,3.9,0.754,4.7,9.1,0.516,1.6,4.9,0.333,2,1
386,1031,1417,Tyler Dorsey,Oregon,Pac-12,2017,8.38,39,39,30.0,14.6,2.6,0.8,3.5,1.7,0.8,0.1,1.5,1.5,4.8,10.4,0.467,2.7,3.6,0.755,2.6,5.1,0.513,2.3,5.3,0.423,2,1
387,1033,1420,Thomas Bryant,Indiana,Big Ten,2017,8.15,34,34,28.1,12.6,4.4,2.2,6.6,1.5,0.8,1.5,2.3,3.1,4.4,8.4,0.519,3.2,4.4,0.73,3.7,6.6,0.556,0.7,1.8,0.383,2,1
388,1037,1425,Damyean Dotson,Houston,CUSA,2017,3.42,32,32,34.3,17.4,5.4,1.5,6.9,1.1,0.9,0.2,1.0,1.7,6.3,13.4,0.47,1.4,1.7,0.83,2.9,5.8,0.505,3.4,7.6,0.443,4,1
389,1040,1429,Dillon Brooks,Oregon,Pac-12,2017,8.38,35,27,25.3,16.1,2.2,1.0,3.2,2.7,1.1,0.5,2.1,2.8,5.9,12.1,0.488,2.7,3.6,0.754,4.3,8.0,0.532,1.6,4.1,0.401,3,1
390,1041,1431,Ike Anigbogu,UCLA,Pac-10,2017,6.39,29,0,13.0,4.7,2.6,1.4,4.0,0.2,0.2,1.2,0.8,2.5,2.0,3.5,0.564,0.8,1.5,0.535,2.0,3.5,0.564,0.0,0.0,0.0,1,1
391,1045,1436,Sindarius Thornwell,South Carolina,SEC,2017,10.16,31,31,33.9,21.4,4.6,2.5,7.1,2.8,2.1,1.0,2.5,2.3,6.3,14.2,0.444,6.9,8.4,0.83,4.4,9.4,0.471,1.9,4.8,0.392,4,1
392,1049,1441,Monte Morris,Iowa State,Big 12,2017,11.94,35,35,35.3,16.4,3.7,1.1,4.8,6.2,1.5,0.3,1.2,1.5,6.2,13.3,0.465,2.5,3.2,0.802,4.6,9.2,0.503,1.5,4.1,0.378,4,1
393,1052,1445,Edmond Sumner,Xavier,A-10,2017,11.51,22,19,31.7,14.3,3.6,0.5,4.1,4.8,1.2,0.7,2.6,2.3,4.6,9.6,0.479,4.5,6.2,0.735,4.0,7.6,0.5329999999999999,0.5,2.0,0.273,3,1
394,1054,1448,Kadeem Allen,Arizona,Pac-10,2017,7.63,34,33,30.0,9.8,3.7,0.4,4.0,3.0,1.6,0.6,1.9,2.4,3.1,6.9,0.453,2.5,3.4,0.741,2.2,4.7,0.466,0.9,2.2,0.4270000000000001,2,1
395,1058,1453,Alec Peters,Valparaiso,Horizon,2017,-1.59,29,29,35.1,23.0,7.6,2.6,10.1,2.2,0.8,0.4,2.4,2.2,7.5,16.1,0.466,5.9,6.7,0.887,5.5,10.6,0.519,2.0,5.5,0.363,4,1
396,1061,1457,Nigel Williams-Goss,Gonzaga,WCC,2017,4.13,38,38,32.8,16.8,5.4,0.6,6.0,4.7,1.7,0.1,2.1,1.6,5.8,11.9,0.486,4.1,4.8,0.867,4.7,8.8,0.527,1.1,3.1,0.368,3,1
397,1065,1462,Jabari Bird,California,Pac-10,2017,6.34,27,25,32.0,14.3,3.7,1.0,4.7,1.0,0.7,0.2,1.9,1.9,5.2,11.8,0.44,1.6,2.0,0.764,2.8,5.2,0.536,2.4,6.6,0.365,4,1
398,1069,1467,Jaron Blossomgame,Clemson,ACC,2017,9.98,33,33,34.3,17.7,4.5,1.8,6.3,1.5,0.8,0.9,1.7,1.6,6.7,13.4,0.499,3.6,5.1,0.7140000000000001,5.9,10.5,0.565,0.7,2.8,0.255,4,1
