,Name,School,Conf,Season,SOS,G,GS,MP,PTS,DRB,ORB,TRB,AST,STL,BLK,TOV,PF,FG,FGA,FG%,FT,FTA,FT%,2P,2PA,2P%,3P,3PA,3P%
2,Blake Griffin,Oklahoma,Big 12,Career,7.37,68,63,30.9,18.8,8.3,3.6,11.8,2.1,1.1,1.0,2.8,2.5,7.1,11.5,0.618,4.5,7.7,0.589,7.1,11.4,0.622,0.0,0.1,0.3
6,Hasheem Thabeet,UConn,Big East,Career,7.14,100,99,29.3,10.3,5.4,3.0,8.5,0.4,0.4,4.2,1.8,2.6,3.6,5.9,0.611,3.1,5.0,0.625,3.6,5.9,0.611,0.0,0.0,0.0
9,James Harden,Arizona State,Pac-10,Career,7.05,69,68,35.0,19.0,4.1,1.3,5.4,3.7,1.9,0.4,3.0,2.5,6.0,11.9,0.506,5.4,7.2,0.755,4.6,8.0,0.57,1.5,3.9,0.376
11,Tyreke Evans,Memphis,CUSA,Career,4.63,37,35,29.0,17.1,4.1,1.3,5.4,3.9,2.1,0.8,3.6,2.4,6.2,13.6,0.455,3.7,5.2,0.711,5.3,10.3,0.514,0.9,3.4,0.274
14,Jonny Flynn,Syracuse,Big East,Career,8.72,73,73,36.5,16.6,2.1,0.6,2.7,6.0,1.5,0.2,3.1,1.5,5.6,12.2,0.46,4.0,5.1,0.782,4.2,8.1,0.525,1.4,4.2,0.333
18,Stephen Curry,Davidson,Southern,Career,-1.31,104,103,32.6,25.3,3.8,0.8,4.5,3.7,2.1,0.3,3.0,2.4,8.4,17.9,0.467,4.6,5.3,0.8759999999999999,4.4,8.3,0.53,4.0,9.7,0.412
22,Jordan Hill,Arizona,Pac-10,Career,9.93,97,79,27.0,12.5,5.1,2.8,7.9,0.8,0.5,1.4,2.0,2.7,5.1,8.8,0.578,2.3,3.6,0.636,5.1,8.8,0.578,0.0,0.0,0.0
24,DeMar DeRozan,USC,Pac-10,Career,9.15,35,35,33.4,13.9,3.3,2.4,5.7,1.5,0.9,0.4,2.1,2.1,5.5,10.5,0.523,2.7,4.2,0.6459999999999999,5.3,9.5,0.562,0.2,1.0,0.16699999999999998
29,Terrence Williams,Louisville,Big East,Career,7.65,140,127,32.2,11.2,5.5,1.5,6.9,3.9,1.5,0.6,2.4,1.9,4.1,10.3,0.4,1.5,2.6,0.589,2.7,6.0,0.457,1.4,4.4,0.32
34,Tyler Hansbrough,UNC,ACC,Career,8.39,142,141,30.9,20.2,5.2,3.4,8.6,1.1,1.3,0.5,2.1,2.5,6.6,12.3,0.536,6.9,8.7,0.7909999999999999,6.5,12.1,0.541,0.1,0.3,0.316
38,Earl Clark,Louisville,Big East,Career,8.03,104,63,26.7,10.6,4.9,2.1,7.0,1.7,0.9,1.2,2.1,1.7,4.0,8.6,0.467,2.0,3.2,0.64,3.5,6.8,0.512,0.5,1.8,0.298
41,Austin Daye,Gonzaga,WCC,Career,2.85,67,34,22.5,11.6,4.9,0.9,5.8,1.0,0.7,1.9,1.9,2.6,4.1,8.6,0.477,2.5,3.1,0.79,3.2,6.4,0.495,0.9,2.2,0.422
43,Jrue Holiday,UCLA,Pac-10,Career,7.18,35,35,27.1,8.5,2.5,1.3,3.8,3.7,1.6,0.5,2.1,2.1,3.2,7.1,0.45,1.3,1.8,0.726,2.4,4.6,0.528,0.8,2.5,0.307
47,Ty Lawson,UNC,ACC,Career,8.59,105,95,27.0,13.1,2.3,0.6,2.9,5.8,1.8,0.1,2.1,2.0,4.4,8.5,0.517,3.2,4.1,0.78,3.3,5.9,0.568,1.1,2.6,0.403
50,Jeff Teague,Wake Forest,ACC,Career,8.09,61,52,30.9,16.4,2.5,0.5,3.0,3.0,1.9,0.6,3.0,2.3,5.2,11.2,0.462,4.8,5.9,0.812,3.9,8.2,0.477,1.3,3.0,0.421
55,Eric Maynor,VCU,CAA,Career,-0.76,130,104,30.7,15.0,2.9,0.5,3.4,5.2,1.3,0.2,2.4,2.0,5.0,11.2,0.449,3.9,4.9,0.7909999999999999,3.9,8.3,0.477,1.1,3.0,0.37
60,Darren Collison,UCLA,Pac-10,Career,8.25,142,104,29.2,11.5,1.8,0.4,2.3,4.1,1.6,0.1,2.4,1.4,4.0,8.3,0.475,2.5,2.9,0.851,2.8,5.7,0.494,1.2,2.7,0.435
62,BJ Mullens,Ohio State,Big Ten,Career,8.23,33,2,20.3,8.8,3.0,1.7,4.7,0.3,0.5,1.1,1.5,2.1,3.6,5.7,0.638,1.6,2.8,0.5589999999999999,3.6,5.7,0.642,0.0,0.0,0.0
66,Taj Gibson,USC,Pac-10,Career,8.54,105,104,32.7,12.4,5.6,2.9,8.5,1.4,0.7,2.4,2.5,3.1,4.8,8.2,0.58,2.9,4.6,0.629,4.8,8.2,0.58,0.0,0.0,0.0
71,DeMarre Carroll,Overall,,Career,7.11,134,89,24.5,11.2,3.6,2.4,6.0,1.6,1.1,0.4,1.3,2.3,4.5,8.4,0.535,2.1,3.5,0.603,4.3,7.6,0.5589999999999999,0.2,0.7,0.281
75,Wayne Ellington,UNC,ACC,Career,8.59,115,112,28.5,14.7,3.0,1.1,4.1,2.2,0.9,0.1,1.5,1.5,5.4,11.6,0.463,2.0,2.5,0.809,3.4,6.6,0.513,2.0,5.0,0.397
80,Toney Douglas,Overall,,Career,7.61,130,126,34.2,16.8,3.0,0.8,3.8,2.6,1.8,0.3,2.6,2.3,5.7,12.9,0.442,3.6,4.4,0.802,3.8,8.0,0.483,1.8,4.9,0.376
85,Jeff Pendergraph,Arizona State,Pac-10,Career,7.3,126,120,30.2,12.6,4.8,2.7,7.5,0.8,0.5,1.0,1.8,3.1,4.8,8.4,0.58,2.9,3.8,0.764,4.8,8.3,0.585,0.0,0.1,0.0
90,Jermaine Taylor,UCF,CUSA,Career,0.56,122,60,25.8,16.2,2.3,1.5,3.9,1.4,0.9,0.4,2.2,1.7,5.8,12.5,0.466,2.5,3.3,0.764,3.8,7.0,0.536,2.1,5.5,0.376
95,Dante Cunningham,Villanova,Big East,Career,8.7,139,104,27.2,9.6,3.4,2.5,5.9,1.0,1.2,0.8,1.8,2.8,3.7,7.1,0.524,2.2,3.2,0.693,3.7,7.0,0.525,0.0,0.0,0.333
99,DaJuan Summers,Georgetown,Big East,Career,8.56,101,98,27.6,11.2,3.1,1.3,4.4,1.3,1.0,0.6,2.2,2.4,3.6,8.3,0.439,2.5,3.4,0.727,2.2,4.2,0.522,1.4,4.1,0.353
104,Sam Young,Pitt,Big East,Career,8.0,143,78,25.5,13.2,3.2,1.8,5.0,1.0,0.8,0.8,1.9,1.7,5.0,10.1,0.498,2.4,3.4,0.6920000000000001,4.2,7.8,0.539,0.8,2.3,0.35600000000000004
107,DeJuan Blair,Pitt,Big East,Career,8.22,72,71,26.6,13.6,6.0,4.7,10.7,1.1,1.6,1.0,1.6,2.8,5.5,9.6,0.568,2.7,4.3,0.614,5.5,9.6,0.568,0.0,0.0,0.0
112,Jon Brockman,Washington,Pac-10,Career,7.16,131,129,28.7,13.8,6.1,3.7,9.8,1.0,0.8,0.1,2.1,2.8,5.5,10.3,0.534,2.8,4.6,0.612,5.5,10.3,0.534,0.0,0.0,0.0
116,Derrick Brown,Xavier,A-10,Career,4.5,106,72,25.0,10.3,3.7,1.9,5.6,1.5,0.7,0.8,1.6,2.5,3.7,6.5,0.573,2.4,3.3,0.718,3.2,5.3,0.61,0.5,1.2,0.415
120,Jodie Meeks,Kentucky,SEC,Career,7.77,81,42,27.7,15.4,2.4,0.7,3.0,1.6,1.1,0.1,1.8,1.6,4.8,10.9,0.436,3.7,4.1,0.89,2.6,5.2,0.491,2.2,5.7,0.386
123,Marcus Thornton,LSU,SEC,Career,4.46,66,65,32.7,20.4,3.5,2.0,5.5,1.8,1.5,0.3,2.0,2.0,7.1,15.6,0.455,3.7,4.8,0.7709999999999999,4.5,8.9,0.51,2.5,6.7,0.382
127,Chase Budinger,Arizona,Pac-10,Career,9.93,100,100,35.4,17.0,4.4,1.4,5.8,2.8,1.3,0.4,2.1,1.8,6.0,12.8,0.469,3.1,4.0,0.782,4.1,7.8,0.524,1.9,5.0,0.383
130,Nick Calathes,Florida,SEC,Career,4.43,72,71,33.0,16.3,4.3,1.0,5.3,6.3,1.8,0.1,3.1,2.0,5.3,11.6,0.455,3.9,5.4,0.715,3.5,6.8,0.507,1.8,4.8,0.38
135,Danny Green,UNC,ACC,Career,8.39,145,39,19.9,9.4,2.7,1.4,4.1,1.8,1.1,1.1,1.4,1.9,3.4,7.4,0.455,1.4,1.6,0.845,2.1,4.1,0.522,1.3,3.4,0.375
140,Taylor Griffin,Oklahoma,Big 12,Career,7.19,129,78,22.3,6.6,3.0,1.7,4.8,1.0,0.9,0.8,1.4,2.5,2.3,4.9,0.468,1.9,2.6,0.721,2.2,4.5,0.493,0.1,0.5,0.22
145,Goran Suton,Michigan State,Big Ten,Career,8.19,134,91,24.0,8.1,4.3,2.3,6.6,1.6,0.8,0.7,1.8,2.4,3.3,6.2,0.521,1.4,1.8,0.753,3.1,5.8,0.536,0.2,0.5,0.348
150,Jack McClinton,Overall,,Career,5.21,125,106,31.9,16.9,2.7,0.6,3.2,2.6,0.8,0.0,2.5,2.1,5.4,12.7,0.4270000000000001,3.4,3.8,0.8809999999999999,2.8,6.5,0.428,2.7,6.2,0.426
154,A.J. Price,UConn,Big East,Career,7.14,99,91,29.4,13.0,2.6,0.8,3.4,4.7,1.1,0.1,2.4,1.4,4.3,10.5,0.413,2.7,3.7,0.722,2.7,6.1,0.447,1.6,4.4,0.365
159,Robert Vaden,Overall,,Career,5.78,127,127,35.1,15.8,3.7,0.9,4.6,2.6,1.2,0.3,2.7,2.3,5.3,13.2,0.405,2.2,2.7,0.8079999999999999,2.3,5.3,0.44,3.0,7.8,0.382
162,Patrick Mills,Saint Mary's,WCC,Career,0.92,58,56,32.7,16.4,1.8,0.4,2.2,3.7,2.0,0.2,2.9,1.6,5.6,13.4,0.415,3.0,3.7,0.8059999999999999,3.4,6.8,0.499,2.2,6.7,0.331
167,Ahmad Nivins,St. Joseph's,A-10,Career,3.39,126,108,33.0,14.2,4.7,2.8,7.6,0.5,0.7,1.3,2.2,2.7,4.9,7.8,0.627,4.5,6.1,0.733,4.9,7.8,0.628,0.0,0.0,0.0
170,Lester Hudson,UT-Martin,OVC,Career,-5.64,65,64,36.5,26.6,5.7,2.2,7.9,4.4,2.6,0.6,3.6,2.7,9.3,20.4,0.456,4.4,5.2,0.858,5.8,10.8,0.53,3.5,9.5,0.3720000000000001
174,Chinemelu Elonu,Texas A&M,Big 12,Career,6.24,90,30,13.8,5.1,2.7,1.6,4.4,0.2,0.2,0.9,1.1,1.7,2.0,3.1,0.633,1.2,2.0,0.578,2.0,3.1,0.633,0.0,0.0,0.0
179,Robert Dozier,Memphis,CUSA,Career,4.63,148,111,25.0,9.3,3.9,2.6,6.5,1.0,1.0,1.5,1.7,2.6,3.3,7.1,0.466,2.4,3.4,0.6920000000000001,3.0,6.0,0.493,0.3,1.1,0.312
181,John Wall,Kentucky,SEC,Career,6.82,37,37,34.8,16.6,3.5,0.8,4.3,6.5,1.8,0.5,4.0,1.9,5.5,11.8,0.461,4.7,6.3,0.754,4.5,8.8,0.509,1.0,3.1,0.325
185,Evan Turner,Ohio State,Big Ten,Career,7.86,101,94,32.8,15.0,5.3,1.5,6.8,4.1,1.6,0.7,3.5,2.7,5.3,10.6,0.502,3.8,5.0,0.758,4.8,9.1,0.525,0.5,1.5,0.362
187,Derrick Favors,Georgia Tech,ACC,Career,9.02,36,35,27.5,12.4,5.4,3.0,8.4,1.0,0.9,2.1,2.5,2.6,5.0,8.1,0.611,2.5,4.0,0.629,5.0,8.1,0.613,0.0,0.0,0.0
189,DeMarcus Cousins,Kentucky,SEC,Career,6.82,38,37,23.5,15.1,5.8,4.1,9.8,1.0,1.0,1.8,2.1,3.2,5.4,9.7,0.5579999999999999,4.3,7.1,0.604,5.4,9.6,0.565,0.0,0.2,0.16699999999999998
193,Ekpe Udoh,Overall,,Career,7.6,103,67,27.2,8.4,3.8,2.5,6.3,1.5,0.8,2.8,1.5,2.2,3.3,7.0,0.472,1.6,2.5,0.649,3.2,6.6,0.485,0.1,0.4,0.289
196,Greg Monroe,Georgetown,Big East,Career,9.26,65,65,32.6,14.5,6.1,2.1,8.2,3.2,1.5,1.5,2.9,2.5,5.3,9.8,0.5429999999999999,3.7,5.5,0.677,5.2,9.3,0.5579999999999999,0.1,0.5,0.273
199,Al-Farouq Aminu,Wake Forest,ACC,Career,8.1,62,60,30.1,14.4,6.1,3.3,9.4,1.4,1.2,1.3,2.9,2.8,5.0,10.6,0.476,3.9,5.7,0.687,4.6,8.9,0.522,0.4,1.7,0.238
202,Gordon Hayward,Butler,Horizon,Career,3.57,69,69,33.1,14.4,5.7,1.7,7.4,1.8,1.3,0.9,2.0,2.1,4.3,9.2,0.47,4.1,4.9,0.8240000000000001,2.6,4.6,0.569,1.7,4.6,0.369
205,Paul George,Fresno State,WAC,Career,1.13,63,63,33.9,15.5,4.8,1.9,6.7,2.4,2.0,0.9,2.7,2.8,5.1,11.4,0.447,3.4,4.2,0.8029999999999999,3.1,6.5,0.485,1.9,4.9,0.396
209,Cole Aldrich,Kansas,Big 12,Career,8.12,111,71,21.0,9.4,5.5,2.3,7.7,0.6,0.5,2.3,1.2,2.1,3.5,6.1,0.574,2.3,3.2,0.7290000000000001,3.5,6.1,0.574,0.0,0.0,0.0
211,Xavier Henry,Kansas,Big 12,Career,8.25,36,36,27.5,13.4,3.2,1.2,4.4,1.5,1.5,0.5,1.9,1.8,4.5,9.8,0.458,2.5,3.2,0.7829999999999999,2.6,5.3,0.4920000000000001,1.9,4.6,0.418
214,Ed Davis,UNC,ACC,Career,9.09,61,25,22.2,9.2,5.3,2.4,7.7,0.7,0.4,2.1,1.4,1.9,3.4,6.3,0.5479999999999999,2.3,3.7,0.623,3.4,6.3,0.5479999999999999,0.0,0.0,0.0
218,Patrick Patterson,Kentucky,SEC,Career,6.24,97,97,34.0,16.1,5.3,2.9,8.2,1.5,0.7,1.6,1.6,2.1,6.4,10.9,0.585,3.2,4.3,0.7340000000000001,6.1,10.1,0.604,0.2,0.8,0.329
222,Larry Sanders,VCU,CAA,Career,-0.69,101,82,23.5,10.3,5.2,2.5,7.7,0.5,0.6,2.7,1.5,3.1,4.1,7.9,0.52,2.1,3.6,0.5770000000000001,4.1,7.7,0.526,0.0,0.2,0.25
225,Luke Babbitt,Nevada,WAC,Career,1.98,68,68,34.9,19.4,6.2,2.0,8.1,1.8,0.9,0.8,2.1,2.2,6.5,13.6,0.48,5.2,5.8,0.893,5.4,11.0,0.494,1.1,2.6,0.421
227,Eric Bledsoe,Kentucky,SEC,Career,6.82,37,35,30.3,11.3,2.6,0.5,3.1,2.9,1.4,0.3,3.0,2.2,3.9,8.4,0.462,2.2,3.3,0.667,2.6,5.0,0.516,1.3,3.5,0.383
229,Avery Bradley,Texas,Big 12,Career,7.38,34,32,29.5,11.6,1.9,1.0,2.9,2.1,1.3,0.5,1.5,2.4,4.7,10.8,0.4320000000000001,1.1,1.9,0.545,3.4,7.5,0.457,1.2,3.3,0.375
233,Craig Brackins,Iowa State,Big 12,Career,7.34,96,95,31.8,16.0,6.0,1.7,7.7,1.6,0.5,1.0,2.0,2.0,6.0,13.4,0.445,3.4,4.7,0.726,5.2,10.9,0.48,0.7,2.5,0.292
236,Elliot Williams,Overall,,Career,6.36,68,46,24.9,11.1,2.3,0.8,3.1,2.2,1.0,0.1,1.9,1.9,3.4,7.6,0.454,3.2,4.4,0.7190000000000001,2.4,4.6,0.524,1.0,2.9,0.345
241,Trevor Booker,Clemson,ACC,Career,7.85,134,134,28.4,12.9,4.9,3.0,7.9,1.7,1.1,1.9,1.9,2.3,5.1,9.2,0.5589999999999999,2.4,3.9,0.624,5.0,8.6,0.574,0.2,0.5,0.324
246,Damion James,Texas,Big 12,Career,7.54,142,140,29.3,13.5,6.3,2.9,9.3,1.1,1.0,1.1,1.8,2.8,5.0,10.4,0.479,2.8,4.4,0.64,4.2,8.4,0.506,0.7,2.0,0.364
250,Dominique Jones,South Florida,Big East,Career,7.32,95,94,36.5,18.9,3.9,1.5,5.4,3.5,1.5,0.4,2.6,2.6,6.2,14.1,0.442,4.8,6.5,0.737,4.5,8.9,0.512,1.7,5.2,0.32299999999999995
255,Quincy Pondexter,Washington,Pac-10,Career,7.55,136,102,27.3,13.1,3.2,2.4,5.6,1.7,0.8,0.3,1.9,2.5,4.8,9.5,0.503,3.1,4.1,0.768,4.4,8.3,0.528,0.4,1.2,0.327
258,Jordan Crawford,Overall,,Career,6.01,65,42,29.3,15.5,3.1,1.0,4.1,2.6,1.2,0.2,2.2,1.6,5.6,12.4,0.455,2.6,3.3,0.765,4.0,8.0,0.494,1.7,4.4,0.384
263,Greivis Vasquez,Maryland,ACC,Career,7.95,136,123,33.6,16.0,3.8,1.0,4.8,5.7,1.4,0.3,3.3,2.2,5.5,13.0,0.425,3.2,3.9,0.828,3.8,7.9,0.487,1.7,5.1,0.329
265,Daniel Orton,Kentucky,SEC,Career,6.82,38,0,13.2,3.4,2.1,1.2,3.3,0.4,0.6,1.4,1.0,2.3,1.3,2.4,0.527,0.9,1.7,0.524,1.3,2.3,0.539,0.0,0.1,0.0
270,Lazar Hayward,Marquette,Big East,Career,7.79,138,118,26.4,13.5,4.4,2.2,6.6,0.9,1.1,0.3,1.7,2.7,4.8,10.7,0.452,2.6,3.3,0.789,3.6,7.3,0.4970000000000001,1.2,3.4,0.35700000000000004
275,Dexter Pittman,Texas,Big 12,Career,7.54,134,59,12.2,6.6,1.9,2.0,3.9,0.3,0.2,0.9,1.1,2.0,2.5,4.0,0.623,1.6,2.6,0.601,2.5,4.0,0.623,0.0,0.0,0.0
277,Hassan Whiteside,Marshall,CUSA,Career,1.57,34,23,26.1,13.1,6.2,2.7,8.9,0.3,0.6,5.4,1.9,2.4,4.9,9.4,0.524,3.2,5.5,0.588,4.8,9.2,0.522,0.1,0.1,0.6
281,Armon Johnson,Nevada,WAC,Career,1.28,101,99,32.7,14.3,2.9,0.8,3.7,4.4,0.8,0.2,2.7,1.7,5.4,11.6,0.467,2.8,3.7,0.75,4.7,9.2,0.514,0.7,2.4,0.289
284,Terrico White,Ole Miss,SEC,Career,5.59,66,55,30.8,14.5,2.8,1.2,4.0,1.9,0.8,0.2,1.5,1.8,5.3,12.3,0.429,2.0,3.0,0.68,3.4,7.0,0.491,1.9,5.4,0.34700000000000003
286,Darington Hobson,New Mexico,MWC,Career,3.84,35,35,33.6,15.9,7.1,2.1,9.3,4.6,1.3,0.4,3.0,1.9,5.5,12.5,0.44,3.7,5.7,0.653,4.4,9.5,0.465,1.1,3.1,0.361
291,Andy Rautins,Syracuse,Big East,Career,7.83,127,65,24.4,8.8,2.2,0.4,2.6,2.7,1.4,0.2,1.7,1.9,2.8,7.1,0.396,0.9,1.2,0.763,0.6,1.2,0.506,2.2,5.9,0.374
296,Landry Fields,Stanford,Pac-10,Career,7.35,129,65,23.6,10.8,3.5,1.6,5.0,1.6,0.9,0.4,1.5,1.6,3.9,8.4,0.463,2.3,3.3,0.6759999999999999,3.1,6.0,0.51,0.8,2.3,0.342
298,Lance Stephenson,Cincinnati,Big East,Career,8.45,34,32,28.2,12.3,3.5,1.9,5.4,2.5,0.9,0.2,2.4,1.9,4.8,10.8,0.44,2.3,3.5,0.664,4.3,8.7,0.495,0.5,2.1,0.219
303,Jarvis Varnado,Mississippi State,SEC,Career,5.47,141,119,25.5,10.0,5.3,2.5,7.8,0.6,0.5,4.0,1.4,2.4,3.9,6.6,0.589,2.2,3.6,0.595,3.9,6.6,0.591,0.0,0.0,0.25
308,Da'Sean Butler,West Virginia,Big East,Career,7.8,146,110,30.8,14.3,3.6,1.8,5.5,1.9,1.1,0.2,1.7,2.3,5.1,11.3,0.448,2.8,3.8,0.732,3.7,7.3,0.5,1.4,4.0,0.353
311,Devin Ebanks,West Virginia,Big East,Career,9.3,69,65,32.1,11.2,5.2,2.8,7.9,2.6,0.9,0.7,2.1,1.7,4.0,8.6,0.463,3.1,4.2,0.736,3.9,7.6,0.51,0.1,1.0,0.114
316,Jerome Jordan,Tulsa,CUSA,Career,2.63,133,119,24.2,11.3,5.2,2.2,7.4,0.8,0.4,2.5,2.0,2.5,4.1,7.2,0.5670000000000001,3.1,4.5,0.696,4.1,7.2,0.5670000000000001,0.0,0.0,0.0
320,Gani Lawal,Georgia Tech,ACC,Career,8.64,99,91,24.3,11.8,4.5,2.7,7.2,0.4,0.6,1.3,2.1,2.4,4.5,8.2,0.5479999999999999,2.8,5.0,0.552,4.5,8.2,0.55,0.0,0.0,0.0
322,Tiny Gallon,Oklahoma,Big 12,Career,7.79,30,21,24.0,10.3,5.2,2.8,7.9,0.8,0.7,0.8,2.3,2.8,4.1,7.4,0.547,2.1,3.0,0.6970000000000001,3.9,6.9,0.573,0.1,0.6,0.235
326,Solomon Alabi,Florida State,ACC,Career,7.34,77,68,22.0,9.1,3.3,2.1,5.4,0.4,0.5,2.1,1.7,2.1,3.5,6.6,0.534,2.1,2.9,0.745,3.5,6.6,0.535,0.0,0.0,0.0
331,Magnum Rolle,Overall,,Career,3.46,126,72,21.0,8.1,3.4,2.2,5.6,0.6,0.6,1.4,1.4,2.2,3.2,6.5,0.503,1.6,2.6,0.634,3.2,6.4,0.504,0.0,0.0,0.333
336,Luke Harangody,Notre Dame,Big East,Career,6.73,129,108,29.2,19.2,6.5,3.0,9.5,1.6,0.8,0.7,1.8,2.4,7.3,15.3,0.476,4.4,5.6,0.782,6.9,14.3,0.486,0.3,1.0,0.326
339,Willie Warren,Oklahoma,Big 12,Career,7.33,57,53,31.7,15.2,2.1,0.6,2.6,3.5,1.1,0.1,2.8,2.3,4.9,10.6,0.459,3.8,4.8,0.7879999999999999,3.2,5.8,0.55,1.7,4.9,0.35
344,Jeremy Evans,Western Kentucky,Sun Belt,Career,-1.72,134,130,23.5,7.9,3.5,2.4,5.9,0.5,0.6,1.7,1.0,2.4,3.2,5.0,0.639,1.5,2.2,0.684,3.1,4.7,0.654,0.1,0.2,0.364
349,Hamady N'Diaye,Rutgers,Big East,Career,6.36,124,85,22.1,5.8,3.7,1.8,5.5,0.4,0.4,2.9,1.4,2.7,2.2,4.0,0.539,1.5,2.5,0.5920000000000001,2.2,4.0,0.542,0.0,0.0,0.0
354,Ryan Reid,Florida State,ACC,Career,7.66,126,66,20.2,5.0,2.2,1.7,3.9,0.7,0.5,0.6,1.6,1.9,1.9,3.8,0.495,1.2,2.0,0.604,1.9,3.8,0.494,0.0,0.0,1.0
358,Derrick Caracter,Overall,,Career,5.88,79,36,19.7,10.3,3.2,2.4,5.6,0.6,0.7,0.8,2.2,3.1,4.0,7.1,0.563,2.2,3.6,0.628,3.9,6.9,0.57,0.1,0.2,0.313
363,Stanley Robinson,UConn,Big East,Career,7.64,126,103,26.2,9.8,4.1,2.1,6.2,1.0,0.6,1.0,1.7,1.6,3.9,8.0,0.485,1.4,2.2,0.6459999999999999,3.3,6.3,0.52,0.6,1.7,0.35100000000000003
368,Dwayne Collins,Miami (FL),ACC,Career,7.58,126,99,23.6,9.9,4.0,3.0,7.0,0.9,0.7,0.7,1.8,2.1,3.7,6.5,0.565,2.5,4.5,0.563,3.7,6.5,0.565,0.0,0.0,0.0
370,Kyrie Irving,Duke,ACC,Career,8.31,11,8,27.5,17.5,2.8,0.5,3.4,4.3,1.5,0.5,2.5,2.1,5.0,9.5,0.529,5.8,6.5,0.901,3.4,5.9,0.569,1.6,3.5,0.462
375,Tristan Thompson,North Texas,Sun Belt,Career,-3.82,128,99,25.5,12.7,2.1,0.6,2.8,1.3,0.6,0.1,1.7,1.8,3.6,8.2,0.439,4.1,5.0,0.816,2.2,4.6,0.472,1.4,3.6,0.396
377,Brandon Knight,Kentucky,SEC,Career,8.91,38,38,35.9,17.3,3.4,0.7,4.0,4.2,0.7,0.2,3.2,2.2,5.7,13.5,0.423,3.6,4.5,0.795,3.4,7.4,0.461,2.3,6.1,0.377
381,Kemba Walker,UConn,Big East,Career,9.39,111,77,32.9,16.1,3.4,1.0,4.4,4.1,1.7,0.3,2.3,1.5,5.2,12.2,0.428,4.5,5.8,0.7829999999999999,4.1,8.7,0.469,1.1,3.5,0.326
386,Jimmer Fredette,BYU,MWC,Career,3.56,139,102,29.6,18.7,2.1,0.5,2.6,3.7,1.2,0.1,2.5,1.2,6.0,13.3,0.455,4.5,5.1,0.882,3.9,7.8,0.4970000000000001,2.1,5.4,0.394
390,Klay Thompson,Washington State,Pac-10,Career,6.32,98,96,34.4,17.9,3.9,0.9,4.8,2.6,1.3,0.8,2.9,2.5,6.1,14.4,0.424,3.2,3.9,0.8270000000000001,3.6,8.1,0.45,2.5,6.3,0.39
393,Alec Burks,Colorado,Big 12,Career,6.65,68,67,30.9,19.0,3.6,2.2,5.8,2.4,1.1,0.4,2.3,2.4,6.2,12.6,0.495,5.9,7.3,0.804,5.5,10.4,0.5329999999999999,0.7,2.2,0.313
397,Markieff Morris,Kansas,Big 12,Career,7.92,109,43,19.3,8.5,4.1,2.0,6.1,1.2,0.6,0.9,1.6,2.7,3.1,5.7,0.5529999999999999,1.9,2.9,0.653,2.8,4.8,0.579,0.3,0.9,0.404
401,Marcus Morris,Kansas,Big 12,Career,7.92,109,90,24.0,12.6,3.8,2.4,6.2,1.3,0.9,0.4,1.6,2.6,4.7,8.4,0.555,2.9,4.3,0.66,4.3,7.3,0.585,0.4,1.1,0.358
404,Kawhi Leonard,San Diego State,MWC,Career,5.29,70,69,31.9,14.1,6.9,3.3,10.2,2.2,1.4,0.6,2.2,2.5,5.4,12.0,0.449,2.8,3.7,0.7440000000000001,4.8,9.7,0.4970000000000001,0.6,2.3,0.25
408,Nikola Vucevic,USC,Pac-10,Career,7.86,87,67,27.7,11.1,5.5,2.4,8.0,1.1,0.5,1.1,1.5,2.4,4.2,8.3,0.509,2.2,2.9,0.746,3.8,6.9,0.551,0.4,1.4,0.303
412,Iman Shumpert,Georgia Tech,ACC,Career,7.34,92,91,31.3,12.7,3.4,1.1,4.5,4.2,2.3,0.2,3.0,2.7,4.2,10.6,0.396,3.1,4.1,0.738,3.0,6.7,0.45,1.2,4.0,0.305
416,Chris Singleton,Florida State,ACC,Career,7.05,95,91,29.1,10.3,4.2,2.0,6.2,1.5,1.9,1.4,2.4,3.1,3.5,8.4,0.419,2.1,3.5,0.5920000000000001,2.4,5.1,0.476,1.1,3.3,0.33
418,Tobias Harris,Tennessee,SEC,Career,8.73,34,33,29.2,15.3,5.3,2.0,7.3,1.3,0.7,0.9,1.8,2.1,5.4,11.8,0.46,3.8,5.0,0.753,4.8,9.6,0.4970000000000001,0.7,2.2,0.303
423,Nolan Smith,Duke,ACC,Career,8.97,143,97,26.9,13.4,2.0,0.8,2.8,2.8,1.0,0.1,2.0,1.9,4.7,10.4,0.448,2.9,3.6,0.8,3.5,7.3,0.482,1.2,3.2,0.368
428,Kenneth Faried,Morehead State,OVC,Career,-4.03,136,122,29.1,14.8,7.9,4.4,12.3,0.9,1.7,1.8,2.2,3.1,5.8,10.1,0.569,3.2,5.6,0.583,5.7,10.0,0.5720000000000001,0.0,0.1,0.25
432,Reggie Jackson,Boston College,ACC,Career,7.25,99,52,28.0,12.7,3.0,1.4,4.4,3.5,0.8,0.5,2.1,1.7,4.6,9.9,0.465,2.3,3.0,0.753,3.4,6.4,0.527,1.2,3.5,0.35100000000000003
437,MarShon Brooks,Providence,Big East,Career,7.44,113,56,25.3,14.4,2.7,1.6,4.3,1.5,1.1,0.7,1.8,2.0,5.2,11.2,0.464,2.6,3.6,0.7390000000000001,3.8,7.0,0.5429999999999999,1.4,4.2,0.333
442,JaJuan Johnson,Purdue,Big Ten,Career,7.64,140,119,27.5,13.7,4.1,2.0,6.1,0.7,0.7,1.9,1.3,1.8,5.0,10.1,0.501,3.5,4.7,0.743,4.9,9.6,0.512,0.1,0.4,0.25
447,Norris Cole,Cleveland State,Horizon,Career,1.92,140,106,29.4,14.1,2.5,0.6,3.2,3.3,1.5,0.1,2.0,2.2,4.8,11.1,0.435,3.5,4.2,0.826,3.8,8.0,0.48,1.0,3.1,0.321
449,Cory Joseph,Texas,Big 12,Career,7.96,36,36,32.4,10.4,2.9,0.6,3.6,3.0,1.0,0.3,1.5,1.8,3.8,8.9,0.422,1.4,2.0,0.6990000000000001,2.3,5.4,0.429,1.4,3.5,0.413
453,Jimmy Butler,Marquette,Big East,Career,8.21,106,69,29.6,12.0,3.1,2.3,5.5,1.7,1.1,0.5,1.0,1.7,3.7,7.2,0.508,4.3,5.6,0.773,3.3,6.4,0.525,0.3,0.9,0.383
458,Justin Harper,Richmond,A-10,Career,2.46,137,96,22.9,10.6,3.3,1.4,4.8,0.7,0.6,0.8,1.3,2.2,3.9,8.1,0.483,1.5,2.1,0.711,2.6,4.7,0.557,1.3,3.4,0.382
463,Kyle Singler,Duke,ACC,Career,8.97,148,147,33.0,16.2,4.4,2.4,6.9,2.0,1.1,0.7,2.1,2.6,5.5,12.7,0.433,3.4,4.3,0.773,3.7,7.7,0.479,1.8,5.0,0.363
467,Shelvin Mack,Butler,Horizon,Career,4.05,108,107,31.2,14.1,3.4,0.8,4.2,3.3,1.1,0.1,2.2,1.9,4.8,11.4,0.419,2.6,3.4,0.755,2.8,5.8,0.48,2.0,5.6,0.35700000000000004
470,Tyler Honeycutt,UCLA,Pac-10,Career,7.9,59,51,31.7,10.3,5.2,1.7,6.9,2.8,1.2,1.7,2.8,1.9,3.6,8.4,0.431,2.0,2.9,0.684,2.5,5.3,0.473,1.1,3.1,0.359
473,Jordan Williams,Maryland,ACC,Career,6.85,66,64,28.6,13.2,6.9,3.3,10.2,0.4,0.7,1.2,1.3,2.6,5.1,9.7,0.528,3.0,5.3,0.5589999999999999,5.1,9.7,0.528,0.0,0.0,0.0
477,Trey Thompkins,Georgia,SEC,Career,6.56,89,81,29.5,15.7,5.8,2.0,7.8,1.4,1.0,1.3,2.6,2.2,6.0,12.8,0.469,2.8,3.8,0.7290000000000001,5.1,10.3,0.496,0.9,2.5,0.35700000000000004
482,Chandler Parsons,Florida,SEC,Career,5.9,142,81,27.9,10.2,4.1,1.9,6.0,2.4,0.9,0.3,1.6,2.0,3.7,7.8,0.477,1.7,2.8,0.611,2.6,4.6,0.575,1.1,3.2,0.337
487,Jon Leuer,Wisconsin,Big Ten,Career,8.06,123,68,22.8,11.2,3.2,1.3,4.5,1.1,0.4,0.7,1.2,1.6,4.2,8.7,0.482,2.0,2.7,0.723,3.4,6.5,0.521,0.8,2.2,0.368
490,Darius Morris,Michigan,Big Ten,Career,10.03,67,53,29.8,9.9,2.3,0.7,2.9,4.8,0.8,0.1,2.3,2.0,3.8,8.0,0.469,2.0,2.9,0.695,3.4,6.5,0.528,0.3,1.5,0.223
494,Malcolm Lee,UCLA,Pac-10,Career,7.66,94,65,26.7,9.7,2.2,0.8,3.0,2.0,0.8,0.2,1.7,2.0,3.3,7.5,0.441,2.3,3.2,0.7170000000000001,2.6,4.8,0.5329999999999999,0.8,2.7,0.278
499,Charles Jenkins,Hofstra,CAA,Career,-1.45,128,128,35.9,19.6,3.3,1.0,4.3,3.8,1.7,0.6,3.0,2.5,6.6,14.5,0.456,5.0,6.2,0.8109999999999999,5.2,10.8,0.482,1.4,3.7,0.382
503,Josh Harrellson,Kentucky,SEC,Career,6.85,94,40,15.8,4.7,2.8,1.9,4.7,0.4,0.5,0.9,0.6,1.4,2.0,3.6,0.5489999999999999,0.6,1.0,0.649,1.9,3.3,0.5710000000000001,0.1,0.3,0.31
508,Andrew Goudelock,College of Charleston,Southern,Career,-2.92,140,124,32.8,18.4,2.7,0.6,3.3,3.0,0.9,0.3,2.2,1.5,6.8,14.9,0.457,1.9,2.2,0.838,4.0,8.1,0.494,2.8,6.8,0.413
512,Travis Leslie,Georgia,SEC,Career,6.56,90,68,26.1,12.2,3.4,2.7,6.1,2.1,1.1,0.7,2.0,1.8,4.6,9.6,0.482,2.7,3.7,0.743,4.4,9.0,0.4920000000000001,0.2,0.6,0.333
517,Keith Benson,Oakland,Summit,Career,-1.32,135,126,26.8,14.1,5.7,2.5,8.2,0.7,0.5,2.7,1.4,2.8,5.1,9.1,0.5579999999999999,3.9,5.7,0.679,5.0,8.9,0.562,0.1,0.2,0.379
519,Josh Selby,Kansas,Big 12,Career,7.62,26,11,20.4,7.9,1.8,0.4,2.2,2.2,0.8,0.0,2.0,1.7,2.8,7.4,0.373,1.1,1.4,0.757,1.5,3.8,0.384,1.3,3.6,0.362
524,Lavoy Allen,Temple,A-10,Career,4.24,135,130,32.2,10.5,5.5,3.0,8.5,2.1,0.5,1.6,1.4,2.5,4.4,8.2,0.534,1.6,2.4,0.6709999999999999,4.2,7.7,0.5489999999999999,0.1,0.5,0.28800000000000003
529,Jon Diebler,Ohio State,Big Ten,Career,7.99,144,114,32.6,10.7,2.5,0.3,2.8,1.9,1.0,0.2,1.2,1.3,3.3,7.7,0.4270000000000001,1.5,1.8,0.821,0.7,1.5,0.474,2.6,6.3,0.416
534,Vernon Macklin,Overall,,Career,7.86,136,69,18.4,7.3,2.1,1.6,3.7,0.7,0.3,0.6,1.1,1.9,3.2,5.3,0.61,0.8,1.9,0.455,3.2,5.3,0.611,0.0,0.0,0.0
538,DeAndre Liggins,Kentucky,SEC,Career,6.85,100,29,21.9,5.8,2.5,0.5,3.0,2.1,0.9,0.5,1.5,1.9,1.9,4.8,0.407,1.3,2.0,0.643,1.3,2.9,0.455,0.6,1.9,0.332
543,E'Twaun Moore,Purdue,Big Ten,Career,7.64,140,135,32.3,15.3,3.3,1.1,4.4,2.9,1.2,0.4,2.1,2.3,5.6,12.7,0.44,2.4,3.3,0.7290000000000001,3.8,8.1,0.473,1.7,4.6,0.38
547,Isaiah Thomas,Washington,Pac-10,Career,7.81,105,104,30.4,16.4,2.8,0.7,3.5,4.0,1.2,0.1,2.7,2.0,5.3,12.4,0.426,4.3,6.0,0.713,3.7,7.6,0.49,1.6,4.8,0.325
549,Michael Kidd-Gilchrist,Kentucky,SEC,Career,7.93,40,39,31.1,11.9,4.9,2.6,7.4,1.9,1.0,0.9,2.2,2.4,4.0,8.2,0.491,3.6,4.8,0.745,3.7,6.9,0.535,0.3,1.3,0.255
551,Bradley Beal,Florida,SEC,Career,7.33,37,37,34.2,14.8,5.4,1.4,6.7,2.2,1.4,0.8,2.1,2.1,4.7,10.6,0.445,3.6,4.7,0.769,3.0,5.6,0.541,1.7,5.0,0.339
554,Dion Waiters,Syracuse,Big East,Career,8.4,71,0,20.4,9.7,1.5,0.4,1.9,2.0,1.5,0.2,1.1,1.6,3.5,7.7,0.453,1.8,2.3,0.753,2.5,4.9,0.513,1.0,2.8,0.348
558,Thomas Robinson,Kansas,Big 12,Career,8.6,105,42,18.7,9.8,5.2,2.1,7.3,1.0,0.6,0.7,1.6,2.1,3.8,7.2,0.525,2.2,3.6,0.606,3.7,7.0,0.525,0.1,0.1,0.5
563,Damian Lillard,Weber State,Big Sky,Career,-2.21,104,98,32.3,18.6,3.9,0.4,4.3,3.5,1.2,0.2,2.4,2.1,5.6,12.6,0.446,5.0,5.8,0.867,3.3,6.5,0.4970000000000001,2.4,6.1,0.39
566,Harrison Barnes,UNC,ACC,Career,8.61,75,73,29.3,16.3,3.5,2.0,5.5,1.3,0.9,0.4,1.9,1.9,5.8,13.6,0.43,3.1,4.3,0.7340000000000001,4.3,9.1,0.469,1.5,4.4,0.349
569,Terrence Ross,Washington,Pac-10,Career,6.51,69,39,24.4,12.3,3.5,1.1,4.7,1.2,0.9,0.7,1.4,2.4,4.6,10.1,0.453,1.4,1.8,0.764,2.9,5.5,0.528,1.7,4.6,0.364
571,Andre Drummond,UConn,Big East,Career,8.07,34,30,28.4,10.0,4.2,3.4,7.6,0.4,0.8,2.7,1.5,2.2,4.6,8.6,0.5379999999999999,0.8,2.6,0.295,4.6,8.5,0.541,0.0,0.1,0.0
573,Austin Rivers,Duke,ACC,Career,8.4,34,33,33.2,15.5,2.8,0.6,3.4,2.1,1.0,0.0,2.3,2.2,5.1,11.8,0.433,3.6,5.4,0.6579999999999999,3.4,7.1,0.477,1.7,4.7,0.365
576,Meyers Leonard,Illinois,Big Ten,Career,9.55,65,30,19.8,7.7,3.4,1.3,4.7,0.7,0.3,1.1,1.4,2.2,3.0,5.4,0.5670000000000001,1.6,2.2,0.7290000000000001,3.0,5.2,0.585,0.0,0.2,0.083
579,Jeremy Lamb,UConn,Big East,Career,9.25,75,74,32.1,14.1,3.6,1.1,4.7,1.7,1.0,0.6,1.6,1.6,5.3,11.0,0.482,1.9,2.4,0.8059999999999999,3.8,6.6,0.573,1.6,4.5,0.348
582,Kendall Marshall,UNC,ACC,Career,8.61,73,55,28.8,7.2,2.2,0.2,2.3,8.0,1.1,0.1,2.6,1.5,2.5,5.6,0.446,1.5,2.2,0.693,1.8,3.8,0.484,0.7,1.8,0.366
586,John Henson,UNC,ACC,Career,9.01,109,82,23.8,10.3,5.7,2.5,8.1,1.0,0.6,2.5,1.5,1.5,4.4,8.8,0.4970000000000001,1.6,3.2,0.484,4.3,8.5,0.505,0.0,0.2,0.208
588,Maurice Harkless,St. John's (NY),Big East,Career,6.98,32,32,36.1,15.5,5.9,2.8,8.6,1.5,1.6,1.4,2.5,2.3,6.0,13.3,0.452,2.9,4.3,0.6759999999999999,5.5,10.9,0.506,0.5,2.5,0.215
590,Royce White,Iowa State,Big 12,Career,7.32,34,33,31.5,13.4,6.8,2.5,9.3,5.0,1.2,0.9,3.8,2.6,5.1,9.6,0.534,3.0,6.0,0.498,5.0,9.3,0.541,0.1,0.4,0.333
595,Tyler Zeller,UNC,ACC,Career,8.85,117,75,23.0,12.8,4.0,2.7,6.7,0.6,0.7,1.1,1.4,2.3,4.7,8.6,0.5429999999999999,3.5,4.5,0.775,4.7,8.6,0.544,0.0,0.0,0.0
598,Terrence Jones,Kentucky,SEC,Career,8.42,76,69,30.4,14.0,5.5,2.5,8.0,1.5,1.2,1.8,1.8,2.4,5.0,10.8,0.467,3.4,5.3,0.638,4.5,9.1,0.493,0.6,1.7,0.328
603,Andrew Nicholson,St. Bonaventure,A-10,Career,1.35,123,118,29.9,17.1,5.0,2.2,7.2,0.7,0.5,2.0,2.4,3.0,6.6,11.4,0.575,3.7,5.1,0.72,6.3,10.8,0.586,0.2,0.6,0.377
606,Jared Sullinger,Ohio State,Big Ten,Career,8.73,74,72,31.0,17.3,6.4,3.3,9.7,1.2,1.1,0.8,1.8,2.7,6.1,11.5,0.53,4.9,6.7,0.733,5.8,10.8,0.541,0.3,0.7,0.365
609,Fab Melo,Syracuse,Big East,Career,8.4,63,54,17.3,4.9,2.2,1.6,3.8,0.5,0.4,1.8,1.1,2.3,2.1,3.6,0.5760000000000001,0.7,1.3,0.5529999999999999,2.1,3.6,0.5760000000000001,0.0,0.0,0.0
613,John Jenkins,Vanderbilt,SEC,Career,7.59,98,74,30.6,16.9,2.3,0.4,2.7,1.1,0.7,0.3,1.3,1.2,5.3,11.2,0.468,3.3,3.8,0.856,2.1,4.1,0.521,3.1,7.1,0.438
615,Tony Wroten,Washington,Pac-10,Career,5.27,35,27,30.3,16.0,2.7,2.3,5.0,3.7,1.9,0.4,3.8,2.7,5.7,12.8,0.443,4.4,7.5,0.583,5.4,11.2,0.483,0.3,1.6,0.161
620,Miles Plumlee,Duke,ACC,Career,8.75,135,58,15.8,4.8,3.0,1.8,4.8,0.3,0.5,0.6,1.0,2.3,1.9,3.5,0.557,0.9,1.5,0.625,1.9,3.5,0.557,0.0,0.0,1.0
624,Arnett Moultrie,Overall,,Career,3.34,100,97,30.2,11.4,5.4,3.0,8.4,1.0,1.0,0.9,2.1,2.4,4.4,8.6,0.511,2.3,3.4,0.6759999999999999,4.1,7.7,0.539,0.3,1.0,0.289
627,Perry Jones,Baylor,Big 12,Career,6.41,63,62,32.2,13.7,4.7,2.7,7.4,1.2,0.7,0.7,2.0,2.3,5.5,10.5,0.522,2.6,3.8,0.6779999999999999,5.3,9.8,0.539,0.2,0.7,0.279
629,Marquis Teague,Kentucky,SEC,Career,7.93,40,40,32.6,10.0,2.1,0.4,2.5,4.8,0.9,0.3,2.7,2.3,3.6,8.8,0.412,2.1,3.0,0.7140000000000001,3.0,6.8,0.438,0.7,2.0,0.325
634,Festus Ezeli,Vanderbilt,SEC,Career,6.64,121,67,17.9,7.7,2.7,1.8,4.5,0.1,0.3,1.7,1.6,2.6,2.7,4.9,0.562,2.3,3.9,0.584,2.7,4.9,0.562,0.0,0.0,0.0
637,Bernard James,Florida State,ACC,Career,7.04,69,57,24.6,9.7,4.4,2.6,7.0,0.3,0.8,2.4,1.8,1.8,4.0,6.3,0.627,1.8,3.4,0.528,4.0,6.3,0.627,0.0,0.0,0.0
640,Jae Crowder,Marquette,Big East,Career,8.0,72,52,30.2,14.6,5.4,2.1,7.6,1.8,1.9,0.9,1.0,2.5,5.2,10.6,0.4920000000000001,2.7,4.0,0.6829999999999999,3.8,6.5,0.581,1.4,4.1,0.35
645,Draymond Green,Michigan State,Big Ten,Career,9.75,145,66,25.0,10.5,5.6,2.0,7.6,2.9,1.2,0.8,1.9,2.7,3.7,8.0,0.467,2.3,3.4,0.687,3.1,6.3,0.496,0.6,1.7,0.361
650,Orlando Johnson,Overall,,Career,-0.6,124,122,31.3,17.8,3.8,1.8,5.6,2.6,0.9,0.5,2.6,2.2,6.0,13.0,0.457,4.1,5.7,0.72,4.2,8.4,0.493,1.8,4.6,0.391
655,Quincy Acy,Baylor,Big 12,Career,7.2,139,66,25.1,9.8,3.8,2.2,6.0,0.6,0.7,1.3,1.5,2.6,3.6,6.0,0.602,2.5,3.6,0.708,3.6,6.0,0.604,0.0,0.1,0.429
657,Quincy Miller,Baylor,Big 12,Career,8.03,37,35,24.4,10.6,3.5,1.5,4.9,1.4,0.7,0.6,1.8,1.9,3.7,8.4,0.447,2.5,3.1,0.816,3.1,6.5,0.475,0.6,1.9,0.348
661,Khris Middleton,Texas A&M,Big 12,Career,7.42,87,72,26.0,11.3,3.0,1.5,4.6,2.0,1.0,0.2,2.0,2.1,3.9,9.1,0.431,2.4,3.1,0.768,2.9,5.8,0.494,1.1,3.3,0.321
664,Will Barton,Memphis,CUSA,Career,4.2,70,59,32.9,15.2,4.8,1.7,6.5,2.9,1.5,0.6,2.3,2.2,5.7,12.0,0.471,2.7,3.7,0.733,4.6,8.4,0.546,1.1,3.6,0.299
669,Tyshawn Taylor,Kansas,Big 12,Career,8.42,146,126,27.7,10.8,1.9,0.3,2.2,3.9,1.2,0.2,2.6,2.1,3.8,7.9,0.477,2.5,3.5,0.708,3.0,5.7,0.518,0.8,2.2,0.37
672,Doron Lamb,Kentucky,SEC,Career,8.42,78,49,29.8,13.1,1.9,0.4,2.3,1.6,0.5,0.1,1.2,2.0,4.3,8.9,0.485,2.6,3.2,0.8109999999999999,2.5,5.0,0.4920000000000001,1.8,3.9,0.475
677,Kim English,Missouri,Big 12,Career,6.32,141,106,24.2,11.1,2.4,0.7,3.0,1.4,1.1,0.2,1.7,1.8,3.7,8.7,0.42,2.1,2.9,0.727,2.0,4.4,0.444,1.7,4.3,0.394
682,Darius Miller,Kentucky,SEC,Career,7.12,152,82,24.9,8.2,2.2,1.0,3.2,1.8,0.8,0.7,1.4,2.3,2.9,6.5,0.448,1.2,1.5,0.815,1.8,3.5,0.509,1.2,3.0,0.379
687,Kevin Murphy,Tennessee Tech,OVC,Career,-4.01,128,109,29.0,15.8,3.3,0.8,4.2,1.9,0.8,0.2,3.0,2.1,5.5,12.5,0.443,3.3,4.4,0.7340000000000001,4.0,8.4,0.476,1.5,4.0,0.3720000000000001
692,Kyle O'Quinn,Norfolk State,MEAC,Career,-7.19,129,98,27.5,12.5,5.9,2.6,8.5,0.9,0.5,2.2,2.0,2.9,4.7,8.6,0.5529999999999999,2.6,3.8,0.685,4.3,7.0,0.62,0.4,1.6,0.261
697,Kris Joseph,Syracuse,Big East,Career,8.37,140,77,26.6,10.5,3.2,1.3,4.5,1.5,1.3,0.5,1.6,1.6,3.5,7.8,0.449,2.7,3.9,0.7020000000000001,2.7,5.4,0.501,0.8,2.4,0.331
701,Darius Johnson-Odom,Marquette,Big East,Career,8.08,105,90,30.8,15.7,2.5,0.5,3.1,2.5,0.9,0.2,2.1,2.3,5.3,12.0,0.444,3.0,4.1,0.722,3.2,6.7,0.476,2.1,5.2,0.403
706,Robbie Hummel,Purdue,Big Ten,Career,7.48,127,120,30.2,14.0,4.9,1.9,6.8,2.1,1.0,0.9,1.1,2.4,4.6,10.4,0.443,3.1,3.7,0.841,2.9,6.0,0.483,1.7,4.4,0.389
711,Marcus Denmon,Missouri,Big 12,Career,6.32,141,71,25.5,12.6,2.5,0.9,3.4,1.7,1.3,0.1,1.0,1.3,4.2,9.3,0.455,2.1,2.6,0.799,2.2,4.3,0.518,2.0,5.0,0.401
717,Robert Sacre,Gonzaga,WCC,Career,3.36,136,111,21.7,9.3,3.2,1.8,5.0,0.7,0.5,1.4,1.6,2.3,3.0,6.0,0.504,3.3,4.5,0.735,3.0,5.9,0.505,0.0,0.0,0.25
719,Anthony Bennett,UNLV,MWC,Career,5.71,35,31,27.1,16.1,5.7,2.5,8.1,1.0,0.7,1.2,1.9,2.3,5.8,10.8,0.5329999999999999,3.5,5.1,0.701,4.7,8.1,0.5870000000000001,1.0,2.7,0.375
723,Victor Oladipo,Indiana,Big Ten,Career,7.94,104,75,24.6,10.7,3.2,2.0,5.2,1.7,1.5,0.5,2.0,2.4,3.9,7.3,0.5379999999999999,2.5,3.5,0.716,3.4,5.9,0.585,0.5,1.4,0.338
726,Otto Porter,Georgetown,Big East,Career,7.64,64,38,32.5,12.8,5.3,1.9,7.1,2.1,1.5,0.9,1.3,2.0,4.6,9.2,0.498,2.8,3.8,0.7509999999999999,3.7,6.8,0.55,0.9,2.4,0.355
729,Cody Zeller,Indiana,Big Ten,Career,8.09,72,72,29.0,16.1,4.7,2.6,7.3,1.3,1.2,1.2,2.0,2.5,5.5,9.4,0.5920000000000001,5.0,6.6,0.7559999999999999,5.5,9.3,0.594,0.0,0.0,0.0
732,Alex Len,Maryland,ACC,Career,5.32,60,48,24.5,9.7,4.5,2.4,7.0,0.8,0.2,2.1,1.6,2.6,3.8,7.0,0.5379999999999999,2.2,3.3,0.6629999999999999,3.7,6.8,0.5479999999999999,0.0,0.2,0.111
734,Nerlens Noel,Kentucky,SEC,Career,5.78,24,24,31.9,10.5,6.8,2.7,9.5,1.6,2.1,4.4,1.9,2.6,4.1,6.9,0.59,2.3,4.3,0.529,4.1,6.9,0.59,0.0,0.0,0.0
736,Ben McLemore,Kansas,Big 12,Career,7.54,37,36,32.2,15.9,3.9,1.3,5.2,2.0,1.0,0.7,2.1,1.9,5.4,10.8,0.495,3.2,3.7,0.87,3.4,6.1,0.5529999999999999,2.0,4.7,0.42
739,Kentavious Caldwell-Pope,Georgia,SEC,Career,7.02,64,60,33.0,15.8,4.8,1.3,6.1,1.5,1.9,0.4,1.6,2.2,5.3,12.7,0.415,2.9,3.9,0.752,3.0,5.9,0.504,2.3,6.9,0.339
742,Trey Burke,Michigan,Big Ten,Career,9.51,73,71,35.7,16.9,2.7,0.6,3.3,5.7,1.3,0.5,2.5,1.7,6.0,13.3,0.45,3.1,4.0,0.777,4.2,8.3,0.499,1.8,5.0,0.3670000000000001
747,CJ McCollum,Lehigh,Patriot,Career,-5.41,111,108,32.9,21.3,4.8,1.5,6.3,2.7,2.1,0.5,2.4,1.8,6.9,15.7,0.439,5.5,6.7,0.825,5.0,10.5,0.47,2.0,5.2,0.377
750,Michael Carter-Williams,Syracuse,Big East,Career,8.29,66,40,25.4,8.2,2.7,0.9,3.6,5.2,2.0,0.4,2.3,1.8,2.7,6.8,0.398,2.2,3.2,0.679,2.1,4.8,0.438,0.6,2.1,0.307
752,Steven Adams,Pitt,Big East,Career,5.63,32,32,23.4,7.2,3.5,2.8,6.3,0.6,0.7,2.0,1.1,1.6,3.1,5.5,0.5710000000000001,1.0,2.2,0.443,3.1,5.5,0.5710000000000001,0.0,0.0,0.0
756,Kelly Olynyk,Gonzaga,WCC,Career,4.0,101,31,17.2,8.9,3.1,1.5,4.6,1.1,0.5,0.5,1.4,2.0,3.3,5.6,0.594,2.0,2.8,0.7090000000000001,3.1,4.9,0.634,0.2,0.7,0.333
758,Shabazz Muhammad,UCLA,Pac-10,Career,7.82,32,30,30.8,17.9,2.5,2.7,5.2,0.8,0.7,0.1,1.6,1.7,6.3,14.3,0.443,4.0,5.6,0.711,5.1,10.9,0.463,1.3,3.3,0.377
761,Shane Larkin,Miami (FL),ACC,Career,7.03,68,54,31.3,11.2,2.7,0.5,3.2,3.6,1.8,0.1,2.1,1.6,3.8,8.6,0.438,2.2,2.7,0.8079999999999999,2.3,4.6,0.491,1.5,4.0,0.375
765,Tony Snell,New Mexico,MWC,Career,4.95,104,76,24.8,9.2,2.0,0.4,2.4,2.0,0.5,0.3,1.5,1.2,3.0,7.1,0.421,1.6,1.9,0.821,1.4,2.9,0.48,1.6,4.2,0.38
769,Gorgui Dieng,Louisville,Big East,Career,8.78,102,81,27.3,8.3,4.9,3.0,7.9,1.2,1.0,2.6,1.6,2.7,3.3,6.1,0.545,1.7,2.7,0.64,3.3,6.0,0.546,0.0,0.0,0.333
774,Mason Plumlee,Duke,ACC,Career,8.87,141,99,25.9,9.8,5.4,2.4,7.7,1.5,0.8,1.4,2.0,2.5,3.7,6.5,0.574,2.4,4.0,0.583,3.7,6.4,0.578,0.0,0.1,0.2
779,Solomon Hill,Arizona,Pac-10,Career,7.05,139,129,29.0,10.3,3.8,1.8,5.6,2.2,0.9,0.4,2.1,2.4,3.5,7.3,0.481,2.5,3.3,0.745,2.7,5.1,0.528,0.8,2.2,0.375
783,Andre Roberson,Colorado,Big 12,Career,6.43,105,65,28.3,9.6,7.0,2.9,10.0,1.1,1.6,1.4,1.7,2.6,3.6,7.1,0.516,1.9,3.2,0.5820000000000001,3.2,5.7,0.555,0.5,1.4,0.35
785,Archie Goodwin,Kentucky,SEC,Career,5.78,33,33,31.8,14.1,3.2,1.5,4.6,2.7,1.1,0.5,3.1,2.9,4.8,10.8,0.44,4.1,6.4,0.637,4.2,8.9,0.478,0.5,1.9,0.266
789,Allen Crabbe,California,Pac-10,Career,7.16,98,97,34.7,15.7,4.8,0.9,5.7,2.2,0.9,0.6,1.9,1.7,5.4,12.2,0.446,2.7,3.3,0.8190000000000001,3.3,6.6,0.5,2.1,5.6,0.382
793,Carrick Felix,Arizona State,Pac-10,Career,5.37,94,69,27.9,10.2,3.5,1.3,4.8,1.3,1.0,0.8,1.7,2.4,3.6,8.0,0.456,1.9,2.6,0.7040000000000001,2.6,4.7,0.545,1.1,3.2,0.326
798,Isaiah Canaan,Murray State,OVC,Career,-3.56,132,83,29.4,15.5,2.2,0.6,2.8,2.9,1.2,0.1,2.4,1.8,4.8,10.7,0.45,3.6,4.5,0.8029999999999999,2.5,5.2,0.483,2.3,5.5,0.419
803,Nate Wolters,South Dakota State,Summit,Career,-3.55,127,109,33.1,18.5,3.8,0.9,4.7,5.3,1.5,0.2,2.2,1.8,6.1,13.5,0.45,5.1,6.4,0.8029999999999999,4.8,9.9,0.49,1.2,3.6,0.342
808,Jeff Withey,Kansas,Big 12,Career,8.34,117,76,19.8,8.0,3.8,1.6,5.4,0.6,0.5,2.7,1.2,1.8,2.8,4.9,0.568,2.4,3.3,0.726,2.8,4.9,0.5670000000000001,0.0,0.0,1.0
810,Grant Jerrett,Arizona,Pac-10,Career,7.47,34,2,17.8,5.2,2.5,1.1,3.6,0.5,0.5,1.0,0.6,1.3,1.9,4.5,0.409,0.5,0.6,0.818,0.9,2.2,0.413,0.9,2.3,0.405
814,Jamaal Franklin,San Diego State,MWC,Career,5.45,85,54,25.9,13.7,5.5,1.5,7.0,1.9,1.0,0.6,2.6,2.1,4.3,10.0,0.426,4.0,5.1,0.78,3.1,6.2,0.504,1.2,3.8,0.302
817,Pierre Jackson,Baylor,Big 12,Career,7.58,74,55,32.8,16.7,2.5,0.8,3.3,6.5,1.6,0.0,3.5,2.3,5.3,11.9,0.441,4.0,5.0,0.8079999999999999,3.1,6.4,0.496,2.1,5.6,0.379
822,Mike Muscala,Bucknell,Patriot,Career,-3.94,133,118,28.7,15.3,6.0,2.3,8.2,1.6,0.4,2.0,1.6,2.3,5.4,10.8,0.501,4.3,5.2,0.8190000000000001,5.3,10.3,0.51,0.2,0.5,0.313
827,Erick Green,Virginia Tech,ACC,Career,5.97,129,89,28.3,13.5,2.1,0.5,2.6,2.5,1.2,0.2,1.4,1.6,4.6,10.5,0.4370000000000001,3.2,4.0,0.804,3.5,7.3,0.48,1.1,3.2,0.338
832,Erik Murphy,Florida,SEC,Career,7.22,136,67,18.3,7.7,2.6,1.2,3.7,0.7,0.4,0.6,1.0,2.2,2.9,5.7,0.514,0.8,1.1,0.757,1.9,3.3,0.5720000000000001,1.1,2.4,0.435
835,James Ennis,Long Beach State,Big West,Career,1.39,67,66,31.0,13.2,3.8,1.6,5.4,2.4,1.7,1.0,2.5,2.4,4.5,9.0,0.493,2.8,3.6,0.7879999999999999,3.0,4.9,0.611,1.5,4.1,0.354
840,Romero Osby,Overall,,Career,5.74,134,65,20.6,9.0,3.2,1.6,4.7,0.8,0.4,0.6,1.2,1.8,3.2,6.5,0.4920000000000001,2.4,3.2,0.737,2.9,5.7,0.505,0.3,0.8,0.392
844,Lorenzo Brown,NC State,ACC,Career,6.92,101,95,32.6,11.6,3.5,0.7,4.2,5.8,1.7,0.5,3.0,1.9,4.1,9.5,0.429,2.8,3.8,0.741,3.4,7.4,0.464,0.6,2.1,0.305
849,Colton Iverson,Overall,,Career,7.55,133,77,20.8,7.6,3.7,2.1,5.7,0.9,0.4,0.9,1.6,2.2,2.8,5.2,0.546,1.9,3.4,0.564,2.8,5.2,0.546,0.0,0.0,0.0
854,Arsalan Kazemi,Overall,,Career,2.67,130,110,29.0,11.7,7.0,3.1,10.1,1.5,1.7,0.8,1.8,2.5,3.8,6.9,0.5589999999999999,4.0,5.9,0.6779999999999999,3.8,6.9,0.56,0.0,0.0,0.0
859,Peyton Siva,Louisville,Big East,Career,8.58,144,113,26.2,8.4,2.1,0.3,2.4,4.7,1.8,0.1,2.7,2.6,2.9,6.9,0.417,2.0,2.8,0.737,2.2,4.5,0.482,0.7,2.4,0.29100000000000004
864,Alex Oriakhi,Overall,,Career,8.41,143,130,25.5,8.2,4.4,2.8,7.2,0.3,0.4,1.5,1.2,2.3,3.1,5.9,0.53,1.9,3.0,0.6409999999999999,3.1,5.9,0.531,0.0,0.0,0.0
868,Deshaun Thomas,Ohio State,Big Ten,Career,8.93,113,77,27.0,14.4,3.0,2.0,5.0,0.9,0.4,0.2,1.1,1.4,5.4,11.2,0.478,2.4,3.0,0.802,4.1,7.5,0.545,1.3,3.7,0.342
870,Andrew Wiggins,Kansas,Big 12,Career,11.4,35,35,32.8,17.1,3.7,2.2,5.9,1.5,1.2,1.0,2.3,2.7,5.4,12.1,0.448,5.0,6.5,0.775,4.2,8.5,0.493,1.2,3.6,0.341
872,Jabari Parker,Duke,ACC,Career,8.48,35,35,30.7,19.1,5.7,3.0,8.7,1.2,1.1,1.2,2.3,2.4,6.7,14.3,0.473,4.6,6.1,0.748,5.7,11.2,0.504,1.1,3.0,0.358
874,Joel Embiid,Kansas,Big 12,Career,11.4,28,20,23.1,11.2,5.8,2.3,8.1,1.4,0.9,2.6,2.4,3.4,3.8,6.1,0.626,3.5,5.1,0.685,3.8,5.9,0.639,0.0,0.2,0.2
876,Aaron Gordon,Arizona,Pac-10,Career,9.04,38,38,31.2,12.4,5.3,2.7,8.0,2.0,0.9,1.0,1.4,2.4,5.0,10.1,0.495,2.0,4.7,0.422,4.6,8.9,0.513,0.4,1.2,0.35600000000000004
879,Marcus Smart,Oklahoma State,Big 12,Career,7.53,64,63,33.1,16.6,4.4,1.5,5.9,4.5,2.9,0.6,3.0,2.9,4.9,11.9,0.413,5.5,7.3,0.7509999999999999,3.5,7.3,0.488,1.4,4.6,0.295
881,Julius Randle,Kentucky,SEC,Career,9.89,40,40,30.8,15.0,6.9,3.5,10.4,1.4,0.5,0.8,2.5,2.3,4.9,9.8,0.501,5.1,7.2,0.706,4.8,9.3,0.517,0.1,0.5,0.16699999999999998
884,Nik Stauskas,Michigan,Big Ten,Career,9.85,75,69,32.9,14.1,2.5,0.5,2.9,2.3,0.6,0.3,1.5,1.0,4.3,9.2,0.467,3.2,3.9,0.8320000000000001,2.0,4.0,0.5,2.3,5.2,0.441
886,Noah Vonleh,Indiana,Big Ten,Career,6.64,30,29,26.5,11.3,6.6,2.4,9.0,0.6,0.9,1.4,2.1,2.7,3.8,7.2,0.523,3.2,4.5,0.716,3.2,6.1,0.53,0.5,1.1,0.485
890,Elfrid Payton,Louisiana,Sun Belt,Career,-1.6,100,78,31.6,14.3,3.6,1.5,5.1,4.9,2.0,0.5,3.4,2.3,5.0,10.3,0.485,3.9,6.5,0.611,4.7,9.2,0.512,0.3,1.1,0.268
895,Doug McDermott,Creighton,MVC,Career,4.29,145,145,31.5,21.7,5.6,1.9,7.5,1.3,0.2,0.1,2.2,1.8,7.9,14.3,0.55,4.1,4.9,0.831,6.0,10.2,0.5870000000000001,1.9,4.1,0.458
897,Zach LaVine,UCLA,Pac-10,Career,7.62,37,1,24.4,9.4,2.1,0.5,2.5,1.8,0.9,0.2,1.1,2.0,3.4,7.8,0.441,1.3,1.8,0.691,2.1,4.3,0.494,1.3,3.5,0.375
900,T.J. Warren,NC State,ACC,Career,7.31,70,49,31.2,18.5,3.0,2.7,5.7,1.0,1.5,0.5,1.7,2.5,7.5,13.6,0.555,2.8,4.3,0.654,6.9,11.5,0.598,0.6,2.0,0.315
905,Adreian Payne,Michigan State,Big Ten,Career,10.35,138,94,20.0,8.9,3.8,1.5,5.3,0.6,0.6,1.0,1.4,2.2,3.2,6.2,0.526,2.0,2.7,0.755,2.8,5.1,0.551,0.4,1.1,0.409
907,James Young,Kentucky,SEC,Career,9.89,40,39,32.4,14.3,3.3,1.0,4.3,1.7,0.8,0.2,1.9,2.1,4.6,11.3,0.407,3.1,4.4,0.706,2.5,5.4,0.47,2.1,5.9,0.349
909,Tyler Ennis,Syracuse,Big East,Career,7.25,34,34,35.7,12.9,2.6,0.8,3.4,5.5,2.1,0.2,1.7,2.0,4.4,10.6,0.411,3.4,4.4,0.765,3.5,8.1,0.429,0.9,2.5,0.353
912,Gary Harris,Michigan State,Big Ten,Career,9.96,69,67,31.0,14.9,2.3,1.0,3.3,2.0,1.6,0.3,1.6,2.0,5.0,11.4,0.44,2.7,3.5,0.7879999999999999,2.9,5.7,0.503,2.1,5.6,0.376
915,Mitch McGary,Michigan,Big Ten,Career,9.85,47,12,20.6,7.8,4.0,2.6,6.6,0.8,1.2,0.7,1.3,2.5,3.5,5.9,0.588,0.8,1.6,0.513,3.5,5.9,0.5920000000000001,0.0,0.0,0.0
918,Jordan Adams,UCLA,Pac-10,Career,7.72,69,63,30.2,16.4,3.3,1.3,4.6,2.1,2.4,0.2,1.4,2.1,5.4,11.6,0.467,4.2,5.0,0.8390000000000001,4.0,7.3,0.5479999999999999,1.4,4.3,0.331
921,Rodney Hood,Overall,,Career,6.67,67,62,32.8,13.3,3.4,0.9,4.3,2.1,0.6,0.3,1.3,2.0,4.7,10.4,0.455,2.0,2.6,0.773,3.0,6.0,0.499,1.8,4.4,0.396
926,Shabazz Napier,UConn,Big East,Career,8.64,143,98,32.3,13.7,3.3,0.7,4.0,4.5,1.8,0.2,2.4,2.1,4.2,10.1,0.411,3.6,4.4,0.813,2.3,5.3,0.444,1.8,4.8,0.375
931,C.J. Wilcox,Washington,Pac-10,Career,6.67,131,83,28.5,14.4,2.5,0.8,3.4,1.6,0.9,0.7,1.4,1.9,4.9,11.3,0.433,2.3,2.7,0.84,2.6,5.4,0.481,2.3,5.9,0.389
936,Josh Huestis,Stanford,Pac-10,Career,6.38,135,75,25.0,7.5,4.0,2.2,6.2,0.8,0.5,1.4,0.9,1.7,2.9,6.4,0.451,1.3,2.1,0.61,2.4,4.9,0.4920000000000001,0.5,1.5,0.319
939,Kyle Anderson,UCLA,Pac-10,Career,7.72,71,70,31.6,12.2,7.0,1.7,8.7,5.0,1.8,0.8,2.6,1.9,4.3,9.4,0.452,3.1,4.3,0.736,3.8,8.1,0.465,0.5,1.4,0.375
943,K.J. McDaniels,Clemson,ACC,Career,4.6,94,61,24.3,11.0,3.0,1.8,4.8,0.9,0.9,1.9,1.5,1.8,3.9,8.6,0.45,2.4,3.2,0.767,3.0,5.8,0.516,0.9,2.8,0.313
946,Cleanthony Early,Wichita State,MVC,Career,3.91,75,58,26.2,15.1,3.8,1.8,5.7,0.7,0.8,0.8,1.7,2.4,4.9,10.5,0.47,3.7,4.6,0.8190000000000001,3.4,6.2,0.555,1.5,4.3,0.348
950,Jarnell Stokes,Tennessee,SEC,Career,6.82,87,84,29.7,13.0,5.7,3.9,9.6,1.5,0.7,1.1,2.1,2.2,4.7,8.9,0.53,3.5,5.6,0.628,4.7,8.9,0.532,0.0,0.0,0.0
954,Johnny O'Bryant III,LSU,SEC,Career,5.38,91,78,27.1,12.7,4.7,3.0,7.7,1.3,0.5,0.8,2.9,2.8,4.9,10.5,0.467,2.8,4.6,0.619,4.8,10.2,0.474,0.1,0.3,0.222
958,DeAndre Daniels,UConn,Big East,Career,8.04,99,80,23.8,9.6,3.5,1.2,4.6,0.5,0.6,1.2,1.3,2.0,3.6,8.0,0.454,1.5,2.0,0.752,2.8,5.6,0.499,0.8,2.4,0.349
962,Spencer Dinwiddie,Colorado,Big 12,Career,7.49,86,86,30.1,13.0,2.9,0.5,3.3,2.6,1.1,0.3,1.8,2.1,3.4,8.0,0.42,4.9,5.9,0.83,2.0,4.6,0.446,1.3,3.5,0.386
965,Jerami Grant,Syracuse,Big East,Career,7.91,72,29,21.9,7.5,2.9,1.7,4.7,0.9,0.6,0.5,0.9,1.8,2.6,5.3,0.486,2.2,3.5,0.6409999999999999,2.5,5.1,0.496,0.1,0.3,0.3
968,Glenn Robinson III,Michigan,Big Ten,Career,9.85,76,76,33.0,12.0,3.1,1.8,4.9,1.1,1.0,0.3,1.0,1.3,4.6,8.8,0.525,2.1,2.9,0.718,3.9,6.4,0.603,0.7,2.4,0.313
972,Nick Johnson,Arizona,Pac-10,Career,7.04,108,101,30.9,12.3,3.1,0.6,3.7,2.8,1.3,0.6,1.8,2.0,4.1,9.7,0.421,2.8,3.9,0.7340000000000001,2.8,6.0,0.459,1.3,3.7,0.359
977,Markel Brown,Oklahoma State,Big 12,Career,7.74,134,103,30.5,12.4,3.5,0.8,4.3,2.3,1.0,0.8,1.8,2.1,4.1,9.4,0.439,3.0,4.1,0.733,3.0,6.2,0.486,1.1,3.1,0.34700000000000003
982,Dwight Powell,Stanford,Pac-10,Career,6.38,136,105,26.2,10.8,4.6,1.7,6.3,1.8,0.9,0.9,2.1,2.9,3.8,8.2,0.464,3.0,4.1,0.722,3.5,7.3,0.484,0.2,0.8,0.289
986,Jordan Clarkson,Overall,,Career,4.32,93,75,31.7,15.4,2.5,0.8,3.3,2.7,0.9,0.3,2.7,2.3,5.1,11.6,0.44,4.2,5.2,0.805,4.1,8.4,0.485,1.0,3.2,0.322
991,Russ Smith,Louisville,Big East,Career,7.79,133,80,24.3,14.3,2.0,0.7,2.7,2.8,1.9,0.1,2.4,2.4,4.7,11.3,0.413,3.7,4.8,0.76,3.3,7.4,0.449,1.4,3.9,0.345
997,Lamar Patterson,Pitt,Big East,Career,6.86,149,106,24.3,9.5,2.8,1.2,3.9,2.9,1.0,0.3,1.6,1.9,3.2,7.4,0.435,1.9,2.6,0.723,2.1,4.3,0.483,1.1,3.1,0.369
1002,Cameron Bairstow,New Mexico,MWC,Career,4.93,134,55,20.8,9.2,3.0,1.7,4.8,0.8,0.5,0.7,1.2,2.1,3.1,6.0,0.517,3.0,4.2,0.7170000000000001,3.1,6.0,0.519,0.0,0.0,0.333
1007,Alec Brown,Green Bay,Horizon,Career,0.76,126,125,29.3,13.3,4.1,2.3,6.3,0.9,0.6,2.5,2.1,2.7,4.8,10.3,0.465,3.1,4.2,0.748,4.2,8.8,0.476,0.6,1.5,0.4
1010,Semaj Christon,Xavier,A-10,Career,6.55,64,63,34.8,16.2,2.5,0.3,2.8,4.4,1.4,0.2,3.1,2.4,5.7,12.3,0.462,4.4,6.6,0.67,5.3,11.1,0.476,0.4,1.2,0.338
1015,Roy Devyn Marble,Iowa,Big Ten,Career,7.42,136,103,27.6,12.5,2.5,0.9,3.4,2.9,1.3,0.2,1.7,1.6,4.1,10.0,0.415,3.2,4.4,0.726,3.2,7.1,0.447,1.0,2.9,0.338
1020,Jordan McRae,Tennessee,SEC,Career,7.3,114,74,27.1,13.3,2.6,0.7,3.3,1.8,0.6,0.9,2.0,1.9,4.4,10.4,0.417,3.1,4.0,0.769,2.8,5.9,0.475,1.6,4.6,0.343
1025,Xavier Thames,Overall,,Career,4.87,128,95,28.0,10.7,2.1,0.5,2.6,2.8,1.1,0.2,1.6,1.9,3.3,8.4,0.395,3.1,3.8,0.8140000000000001,2.4,5.7,0.418,1.0,2.8,0.348
1030,Cory Jefferson,Baylor,Big 12,Career,8.32,130,76,19.9,8.9,3.7,1.9,5.6,0.4,0.3,1.3,0.8,1.7,3.3,6.1,0.5429999999999999,2.2,3.3,0.66,3.2,5.7,0.556,0.1,0.4,0.34
1032,Karl-Anthony Towns,Kentucky,SEC,Career,8.67,39,39,21.1,10.3,4.3,2.4,6.7,1.1,0.5,2.3,1.4,2.9,3.7,6.6,0.5660000000000001,2.8,3.4,0.813,3.7,6.4,0.5770000000000001,0.1,0.2,0.25
1034,D'Angelo Russell,Ohio State,Big Ten,Career,7.37,35,34,33.9,19.3,4.7,1.0,5.7,5.0,1.6,0.3,2.9,2.1,6.6,14.7,0.449,3.4,4.5,0.7559999999999999,3.9,8.1,0.479,2.7,6.6,0.411
1036,Jahlil Okafor,Duke,ACC,Career,9.87,38,38,30.1,17.3,4.9,3.5,8.5,1.3,0.8,1.4,2.5,2.1,7.3,11.1,0.664,2.6,5.1,0.51,7.3,11.1,0.664,0.0,0.0,0.0
1040,Willie Cauley-Stein,Kentucky,SEC,Career,8.12,105,70,24.5,8.0,3.9,2.4,6.2,0.9,1.1,2.2,1.2,2.3,3.3,5.6,0.593,1.4,2.8,0.508,3.3,5.6,0.593,0.0,0.0,0.0
1042,Stanley Johnson,Arizona,Pac-10,Career,7.41,38,37,28.4,13.8,4.5,2.0,6.5,1.7,1.5,0.4,2.2,2.6,4.6,10.3,0.446,3.5,4.7,0.742,3.4,7.2,0.478,1.1,3.1,0.371
1047,Frank Kaminsky,Wisconsin,Big Ten,Career,9.61,144,79,20.4,10.1,3.4,1.3,4.6,1.3,0.5,1.1,0.8,1.6,3.7,7.0,0.522,2.1,2.7,0.763,3.0,5.1,0.58,0.7,1.9,0.369
1049,Justise Winslow,Duke,ACC,Career,9.87,39,39,29.1,12.6,5.2,1.3,6.5,2.1,1.3,0.9,1.8,2.8,4.4,9.1,0.486,2.6,4.0,0.6409999999999999,3.3,6.3,0.516,1.2,2.8,0.418
1051,Myles Turner,Texas,Big 12,Career,9.07,34,7,22.2,10.1,5.2,1.3,6.5,0.6,0.3,2.6,1.4,2.4,3.4,7.6,0.455,2.8,3.3,0.8390000000000001,2.9,5.7,0.513,0.5,1.8,0.274
1053,Trey Lyles,Kentucky,SEC,Career,8.67,36,21,23.0,8.7,3.4,1.8,5.2,1.1,0.5,0.4,1.1,1.6,3.3,6.7,0.488,2.1,2.8,0.735,3.1,5.9,0.536,0.1,0.8,0.138
1056,Cameron Payne,Murray State,OVC,Career,-3.19,69,69,32.4,18.5,3.2,0.4,3.7,5.7,1.8,0.5,2.9,2.4,6.3,14.6,0.4320000000000001,3.7,4.7,0.7809999999999999,4.0,8.3,0.487,2.3,6.3,0.359
1058,Kelly Oubre,Kansas,Big 12,Career,12.13,36,27,21.0,9.3,3.8,1.1,5.0,0.8,1.1,0.4,1.2,2.0,3.1,6.9,0.444,2.2,3.1,0.718,2.1,4.3,0.4970000000000001,0.9,2.6,0.358
1061,Terry Rozier,Louisville,Big East,Career,6.89,73,45,26.8,12.0,3.3,1.0,4.3,2.4,1.5,0.1,1.4,1.6,4.2,10.3,0.408,2.4,3.1,0.772,3.1,6.8,0.447,1.2,3.5,0.331
1063,Rashad Vaughn,UNLV,MWC,Career,3.38,23,23,32.3,17.8,4.2,0.6,4.8,1.6,0.8,0.3,2.2,2.3,6.3,14.3,0.439,3.0,4.3,0.6940000000000001,3.9,8.1,0.481,2.3,6.1,0.383
1067,Sam Dekker,Wisconsin,Big Ten,Career,10.07,113,81,27.9,12.1,3.4,1.6,5.0,1.3,0.6,0.5,1.0,1.2,4.4,9.0,0.493,2.0,2.8,0.695,3.2,5.3,0.591,1.3,3.6,0.348
1072,Jerian Grant,Notre Dame,Big East,Career,6.88,119,117,36.4,14.6,2.5,0.4,2.9,5.8,1.5,0.3,2.2,1.8,4.7,10.7,0.436,3.8,4.8,0.79,3.2,6.4,0.498,1.5,4.4,0.345
1075,Delon Wright,Utah,Pac-12,Career,6.82,68,68,34.8,15.0,4.7,1.1,5.8,5.2,2.3,1.1,2.2,1.6,5.0,9.3,0.535,4.5,5.5,0.8140000000000001,4.4,7.5,0.594,0.6,1.9,0.299
1079,Justin Anderson,Virginia,ACC,Career,6.64,98,44,24.1,8.9,2.7,0.8,3.5,1.8,0.6,0.9,1.3,1.4,2.9,6.8,0.43,2.0,2.7,0.752,1.9,4.1,0.481,1.0,2.8,0.35700000000000004
1082,Bobby Portis,Arkansas,SEC,Career,6.18,70,70,28.5,15.0,4.7,3.1,7.9,1.3,1.1,1.5,1.4,2.0,5.9,11.2,0.526,2.9,3.9,0.737,5.5,10.3,0.54,0.3,0.9,0.365
1085,Rondae Hollis-Jefferson,Arizona,Pac-10,Career,8.23,76,31,27.0,10.2,4.1,2.1,6.3,1.5,0.9,0.9,1.4,2.4,3.4,6.9,0.496,3.3,4.7,0.6970000000000001,3.3,6.4,0.52,0.1,0.5,0.205
1087,Tyus Jones,Duke,ACC,Career,9.87,39,39,33.9,11.8,3.0,0.5,3.5,5.6,1.5,0.1,1.9,1.2,3.5,8.3,0.417,3.7,4.2,0.889,2.3,5.1,0.44,1.2,3.2,0.379
1090,Jarell Martin,LSU,SEC,Career,6.12,65,57,30.7,13.7,4.6,2.4,6.9,1.4,1.0,0.7,2.2,2.6,5.0,10.1,0.494,3.1,4.5,0.6890000000000001,4.3,8.0,0.541,0.6,2.0,0.308
1095,Larry Nance Jr.,Wyoming,MWC,Career,2.08,123,89,29.5,11.3,5.1,1.5,6.6,1.4,1.1,1.1,1.6,2.3,4.1,8.0,0.521,2.7,3.5,0.7709999999999999,3.9,7.0,0.551,0.3,1.0,0.308
1099,R.J. Hunter,Georgia State,CAA,Career,-2.33,99,98,34.7,18.4,4.1,0.7,4.8,2.4,1.9,0.9,1.7,2.2,5.6,13.3,0.423,4.5,5.3,0.853,3.1,6.1,0.505,2.6,7.2,0.354
1101,Chris McCullough,Syracuse,Big East,Career,7.68,16,16,28.1,9.3,4.6,2.3,6.9,1.1,1.7,2.1,2.2,2.6,3.4,7.1,0.478,2.5,4.4,0.563,3.3,7.0,0.473,0.1,0.1,1.0
1103,Kevon Looney,UCLA,Pac-10,Career,8.27,36,36,30.9,11.6,5.8,3.4,9.2,1.4,1.3,0.9,1.3,2.9,4.2,8.9,0.47,2.6,4.1,0.626,3.6,7.4,0.481,0.6,1.5,0.415
1107,Montrezl Harrell,Louisville,Big East,Career,7.64,112,75,26.4,11.6,4.3,2.6,6.9,0.9,0.8,1.1,1.3,1.9,4.8,8.1,0.586,1.9,3.6,0.5329999999999999,4.7,7.8,0.6,0.1,0.4,0.275
1110,Jordan Mickey,LSU,SEC,Career,6.12,65,65,33.8,14.0,6.1,2.7,8.8,1.2,0.8,3.4,2.8,2.4,5.6,10.8,0.518,2.9,4.3,0.669,5.6,10.6,0.527,0.0,0.2,0.071
1115,Rakeem Christmas,Syracuse,Big East,Career,7.88,142,140,22.0,7.4,3.3,2.0,5.3,0.6,0.5,1.7,1.1,2.6,2.9,5.1,0.56,1.6,2.4,0.6809999999999999,2.9,5.1,0.56,0.0,0.0,0.0
1119,Richaun Holmes,Bowling Green State,MAC,Career,-1.07,95,63,26.5,11.5,4.2,2.6,6.9,0.7,0.8,2.6,1.5,2.5,4.2,7.7,0.5539999999999999,2.7,3.8,0.6970000000000001,3.9,6.8,0.58,0.3,0.9,0.353
1124,Darrun Hilliard,Villanova,Big East,Career,7.8,132,112,26.8,11.4,2.5,0.5,3.0,1.9,1.3,0.4,1.6,2.1,3.7,8.5,0.436,2.4,3.2,0.748,2.1,4.2,0.507,1.6,4.3,0.3670000000000001
1129,Pat Connaughton,Notre Dame,Big East,Career,6.88,139,123,32.3,10.5,4.9,1.0,5.9,1.8,0.7,0.5,1.0,1.7,3.7,8.2,0.45,1.2,1.5,0.777,1.8,3.2,0.5489999999999999,1.9,5.0,0.386
1133,Olivier Hanlan,Boston College,ACC,Career,7.86,97,95,36.0,17.8,3.3,0.6,3.9,3.1,1.1,0.1,2.4,2.2,5.8,12.9,0.453,4.3,5.6,0.778,4.0,7.8,0.512,1.8,5.0,0.361
1138,Joseph Young,Overall,,Career,3.04,132,115,32.8,17.5,3.0,0.6,3.6,2.7,1.0,0.1,1.7,1.5,5.9,13.0,0.453,3.5,3.9,0.8859999999999999,3.7,7.4,0.501,2.2,5.6,0.39
1141,Andrew Harrison,Kentucky,SEC,Career,9.28,79,78,28.6,10.1,2.1,0.6,2.7,3.8,0.8,0.2,2.2,2.4,2.8,7.6,0.3720000000000001,3.6,4.6,0.777,1.9,5.2,0.374,0.9,2.4,0.3670000000000001
1146,Norman Powell,UCLA,Pac-10,Career,7.25,141,83,25.2,9.8,2.6,0.4,3.0,1.5,1.1,0.4,1.3,2.0,3.6,7.7,0.461,1.8,2.5,0.746,2.8,5.2,0.5329999999999999,0.8,2.5,0.314
1149,Dakari Johnson,Kentucky,SEC,Career,9.28,78,18,15.2,5.8,2.4,1.9,4.3,0.5,0.3,0.8,0.9,1.9,2.1,3.8,0.537,1.6,2.9,0.5589999999999999,2.1,3.8,0.537,0.0,0.0,0.0
1153,Tyler Harvey,Eastern Washington,Big Sky,Career,-4.49,84,67,31.4,18.6,2.9,0.6,3.5,2.3,1.0,0.2,1.8,1.9,5.9,12.7,0.463,3.8,4.4,0.847,2.8,5.5,0.504,3.1,7.2,0.4320000000000001
1158,Sir'Dominic Pointer,St. John's (NY),Big East,Career,7.43,130,76,28.2,8.3,4.0,1.2,5.2,2.3,1.5,1.3,1.7,2.8,3.1,6.6,0.477,1.9,2.8,0.6809999999999999,3.0,5.7,0.518,0.2,0.8,0.193
1163,Cady Lalanne,UMass,A-10,Career,4.55,111,80,25.2,10.0,4.9,3.1,7.9,0.2,0.4,1.8,1.9,2.5,3.8,6.9,0.5529999999999999,2.2,3.4,0.6659999999999999,3.7,6.5,0.575,0.1,0.4,0.213
1168,Branden Dawson,Michigan State,Big Ten,Career,9.93,130,122,26.6,10.1,4.4,2.5,6.9,1.4,1.3,1.1,1.7,1.6,4.4,7.8,0.5589999999999999,1.4,2.4,0.5579999999999999,4.4,7.7,0.564,0.0,0.1,0.0
1172,J.P. Tokoto,UNC,ACC,Career,9.4,107,67,22.3,6.7,3.0,1.4,4.4,2.7,1.2,0.3,1.7,2.0,2.7,5.8,0.462,1.2,2.3,0.544,2.5,5.0,0.491,0.2,0.7,0.266
1174,Ben Simmons,LSU,SEC,Career,7.0,33,32,34.9,19.2,8.6,3.1,11.8,4.8,2.0,0.8,3.4,2.8,6.5,11.7,0.56,6.0,9.0,0.67,6.5,11.6,0.561,0.0,0.1,0.333
1176,Brandon Ingram,Duke,ACC,Career,10.59,36,34,34.6,17.3,4.9,1.9,6.8,2.0,1.1,1.4,2.0,2.1,5.9,13.4,0.442,3.2,4.7,0.682,3.7,8.0,0.464,2.2,5.4,0.41
1178,Jaylen Brown,California,Pac-10,Career,7.87,34,34,27.6,14.6,4.3,1.1,5.4,2.0,0.8,0.6,3.1,3.2,4.8,11.1,0.431,4.2,6.4,0.654,3.9,8.1,0.482,0.9,3.0,0.294
1183,Kris Dunn,Providence,Big East,Career,8.09,95,83,31.5,12.8,4.0,1.1,5.1,5.8,2.2,0.4,3.3,2.9,4.5,9.9,0.45,3.1,4.5,0.693,3.7,7.8,0.476,0.8,2.2,0.354
1188,Buddy Hield,Oklahoma,Big 12,Career,9.28,132,118,31.7,17.4,3.4,1.6,5.0,1.9,1.3,0.3,2.2,2.0,5.9,13.2,0.448,2.8,3.4,0.836,3.3,6.5,0.508,2.6,6.8,0.39
1190,Jamal Murray,Kentucky,SEC,Career,8.84,36,36,35.2,20.0,3.7,1.5,5.2,2.2,1.0,0.3,2.3,2.1,6.8,14.9,0.454,3.3,4.2,0.7829999999999999,3.6,7.3,0.502,3.1,7.7,0.408
1192,Marquese Chriss,Washington,Pac-10,Career,8.12,34,34,24.9,13.7,2.9,2.5,5.4,0.8,0.9,1.6,2.0,4.1,5.3,9.9,0.53,2.6,3.8,0.682,4.6,8.2,0.568,0.6,1.8,0.35
1195,Jakob Poeltl,Utah,Pac-12,Career,8.1,70,70,26.9,13.3,5.2,2.8,8.0,1.3,0.5,1.7,1.8,2.4,5.1,7.7,0.6579999999999999,3.1,5.2,0.605,5.1,7.7,0.659,0.0,0.0,0.0
1198,Domantas Sabonis,Gonzaga,WCC,Career,4.67,74,32,26.6,13.5,6.8,2.6,9.4,1.3,0.5,0.6,2.0,3.0,5.2,8.2,0.632,3.1,4.2,0.7290000000000001,5.1,8.0,0.638,0.1,0.2,0.35700000000000004
1203,Taurean Prince,Baylor,Big 12,Career,9.08,129,42,20.2,10.2,2.7,1.6,4.2,1.1,0.9,0.5,1.7,2.1,3.6,7.9,0.46,2.0,2.8,0.718,2.6,5.2,0.504,1.0,2.7,0.376
1208,Denzel Valentine,Michigan State,Big Ten,Career,9.21,144,116,29.0,11.4,4.8,1.1,5.9,4.4,0.9,0.3,2.2,2.1,4.0,9.1,0.442,1.5,2.0,0.779,2.2,4.6,0.476,1.8,4.5,0.408
1211,Wade Baldwin,Vanderbilt,SEC,Career,7.45,68,54,29.6,11.6,3.6,0.4,4.1,4.8,1.3,0.2,2.3,2.5,3.4,8.0,0.431,3.5,4.4,0.8,2.2,5.1,0.436,1.2,2.9,0.422
1213,Henry Ellenson,Marquette,Big East,Career,5.57,33,33,33.5,17.0,7.6,2.2,9.7,1.8,0.8,1.5,2.4,2.5,5.9,13.2,0.446,4.3,5.8,0.7490000000000001,5.0,10.0,0.495,0.9,3.2,0.28800000000000003
1215,Malik Beasley,Florida State,ACC,Career,8.16,34,33,29.8,15.6,4.0,1.3,5.3,1.5,0.9,0.2,1.7,2.2,5.4,11.6,0.471,3.1,3.8,0.813,3.8,7.4,0.518,1.6,4.2,0.387
1220,Caris LeVert,Michigan,Big Ten,Career,9.3,103,70,26.4,10.4,3.2,0.4,3.5,2.7,0.9,0.2,1.3,1.5,3.6,8.2,0.434,2.0,2.6,0.77,2.3,4.9,0.456,1.3,3.2,0.401
1224,DeAndre Bembry,St. Joseph's,A-10,Career,4.2,101,100,36.1,15.7,5.3,1.4,6.7,3.6,1.4,0.8,2.5,2.5,5.7,12.6,0.457,3.1,4.9,0.628,4.6,8.8,0.52,1.2,3.8,0.312
1226,Malachi Richardson,Syracuse,Big East,Career,9.75,37,37,34.4,13.4,3.8,0.5,4.3,2.1,1.1,0.3,2.1,2.5,4.1,11.1,0.369,3.1,4.2,0.72,2.0,5.1,0.388,2.1,6.1,0.353
1231,Brice Johnson,UNC,ACC,Career,9.72,148,80,21.0,11.9,4.9,2.1,7.0,0.9,0.8,1.1,1.3,2.5,5.0,8.6,0.5770000000000001,2.0,2.8,0.715,5.0,8.6,0.5770000000000001,0.0,0.0,0.0
1234,Pascal Siakam,New Mexico State,WAC,Career,-3.6,68,61,32.7,16.6,6.1,3.6,9.7,1.5,0.9,2.0,1.9,2.6,6.5,11.8,0.551,3.5,5.0,0.711,6.4,11.5,0.5589999999999999,0.0,0.3,0.17600000000000002
1236,Skal Labissiere,Kentucky,SEC,Career,8.84,36,18,15.8,6.6,2.2,1.0,3.1,0.3,0.3,1.6,0.9,3.0,2.7,5.3,0.516,1.1,1.7,0.6609999999999999,2.7,5.2,0.521,0.0,0.1,0.0
1238,Dejounte Murray,Washington,Pac-10,Career,8.12,34,34,33.5,16.1,4.6,1.4,6.0,4.4,1.8,0.3,3.2,2.6,5.9,14.3,0.416,3.2,4.9,0.6629999999999999,4.9,10.8,0.457,1.0,3.5,0.28800000000000003
1242,Damian Jones,Vanderbilt,SEC,Career,7.13,99,95,27.1,13.3,4.3,2.1,6.4,0.7,0.4,1.7,2.0,3.0,5.1,9.1,0.5660000000000001,3.0,5.3,0.565,5.1,9.0,0.57,0.0,0.1,0.125
1244,Deyonta Davis,Michigan State,Big Ten,Career,6.94,35,16,18.6,7.5,3.4,2.1,5.5,0.7,0.3,1.8,0.9,2.3,3.4,5.7,0.598,0.7,1.1,0.605,3.4,5.7,0.598,0.0,0.0,0.0
1246,Cheick Diallo,Kansas,Big 12,Career,11.22,27,1,7.5,3.0,1.9,0.6,2.5,0.0,0.3,0.9,0.6,1.4,1.2,2.1,0.569,0.6,1.0,0.556,1.2,2.1,0.569,0.0,0.0,0.0
1249,Tyler Ulis,Kentucky,SEC,Career,8.76,72,35,30.1,11.3,1.9,0.5,2.4,5.3,1.2,0.1,1.5,1.7,3.6,8.4,0.4270000000000001,2.9,3.4,0.846,2.4,5.1,0.462,1.2,3.3,0.371
1254,Malcolm Brogdon,Virginia,ACC,Career,7.76,136,109,30.6,13.3,3.5,0.6,4.1,2.5,0.9,0.2,1.5,1.8,4.4,10.3,0.43,3.1,3.5,0.8759999999999999,3.1,6.6,0.466,1.4,3.7,0.365
1257,Chinanu Onuaku,Louisville,Big East,Career,8.36,66,55,21.0,6.2,4.0,2.4,6.4,1.1,0.8,1.6,1.7,2.7,2.8,4.5,0.619,0.7,1.3,0.547,2.8,4.4,0.621,0.0,0.0,0.0
1260,Patrick McCaw,UNLV,MWC,Career,3.28,65,48,31.7,12.2,3.3,0.9,4.2,3.3,2.0,0.4,1.9,1.9,4.2,9.6,0.439,1.9,2.5,0.753,2.3,4.3,0.527,1.9,5.2,0.3670000000000001
1262,Diamond Stone,Maryland,ACC,Career,8.31,35,22,23.1,12.5,3.2,2.2,5.4,0.4,0.5,1.6,1.5,2.3,4.8,8.4,0.568,2.9,3.8,0.7609999999999999,4.8,8.4,0.568,0.0,0.0,0.0
1264,Stephen Zimmerman,UNLV,MWC,Career,3.17,26,24,26.2,10.5,6.6,2.2,8.7,0.8,0.5,2.0,2.1,3.0,3.9,8.2,0.477,2.4,3.9,0.624,3.7,7.6,0.4920000000000001,0.2,0.7,0.294
1267,Isaiah Whitehead,Seton Hall,Big East,Career,7.92,56,52,30.5,15.8,3.0,0.7,3.7,4.5,1.3,1.1,3.4,2.3,5.1,13.6,0.375,3.5,4.6,0.757,3.0,7.8,0.387,2.1,5.8,0.359
1272,A.J. Hammons,Purdue,Big Ten,Career,7.64,132,95,24.3,12.1,4.7,2.4,7.0,0.8,0.4,2.6,2.1,2.5,4.6,8.6,0.539,2.7,4.0,0.69,4.6,8.4,0.544,0.0,0.2,0.261
1277,Jake Layman,Maryland,ACC,Career,7.17,141,115,27.9,10.2,3.7,1.1,4.8,1.1,0.9,0.8,1.4,1.9,3.4,7.7,0.445,1.9,2.6,0.759,2.0,3.8,0.53,1.4,3.9,0.362
1282,Michael Gbinije,Overall,,Career,8.27,120,61,25.5,9.8,2.3,0.8,3.1,2.6,1.3,0.3,1.6,2.1,3.4,7.5,0.454,1.7,2.6,0.639,2.1,4.1,0.511,1.3,3.4,0.387
1287,Georges Niang,Iowa State,Big 12,Career,8.83,138,126,29.8,16.1,4.0,1.2,5.2,3.1,0.7,0.5,2.3,3.1,6.2,12.3,0.5,2.5,3.2,0.763,4.8,8.7,0.5529999999999999,1.4,3.6,0.375
1290,Ben Bentil,Providence,Big East,Career,8.98,69,56,27.9,13.8,3.8,2.5,6.3,0.9,0.6,0.7,1.6,2.7,4.7,10.2,0.455,3.6,4.8,0.7609999999999999,3.8,7.5,0.503,0.9,2.7,0.324
1295,Joel Bolomboy,Weber State,Big Sky,Career,-4.62,130,90,28.8,11.4,6.9,3.2,10.1,0.7,0.6,1.4,2.0,2.3,3.8,7.2,0.528,3.6,5.0,0.713,3.5,6.4,0.547,0.3,0.7,0.371
1299,Kay Felder,Oakland,Summit,Career,0.81,101,100,35.9,17.5,3.7,0.7,4.3,7.8,1.6,0.2,3.5,2.8,5.5,12.9,0.426,5.1,6.2,0.8220000000000001,4.1,8.8,0.464,1.4,4.1,0.345
1304,Marcus Paige,UNC,ACC,Career,9.72,141,139,32.4,13.3,2.4,0.4,2.8,4.3,1.4,0.2,1.9,1.7,4.3,10.5,0.407,2.5,3.0,0.848,2.1,4.8,0.446,2.1,5.7,0.374
1307,Daniel Hamilton,UConn,Big East,Career,5.25,71,71,31.6,11.7,7.3,1.0,8.3,4.2,1.0,0.4,2.3,2.1,4.2,10.9,0.384,2.0,2.6,0.772,2.9,7.1,0.409,1.3,3.9,0.337
1312,Abdel Nader,Overall,,Career,3.83,117,82,24.3,10.3,3.4,0.9,4.3,1.1,0.8,0.6,2.3,2.5,3.7,9.5,0.391,1.8,2.5,0.731,2.6,5.9,0.443,1.1,3.6,0.305
1317,Isaiah Cousins,Oklahoma,Big 12,Career,9.28,137,119,27.7,9.7,3.0,0.8,3.9,2.7,1.1,0.3,1.9,2.0,3.5,8.5,0.408,1.5,2.1,0.711,2.2,5.3,0.408,1.3,3.2,0.407
1322,Tyrone Wallace,California,Pac-10,Career,7.3,129,114,31.6,12.6,4.2,1.0,5.2,3.4,1.1,0.4,2.2,2.5,4.6,11.0,0.415,2.6,4.2,0.613,3.6,7.9,0.464,0.9,3.1,0.292
1324,Markelle Fultz,Washington,Pac-10,Career,6.82,25,25,35.7,23.2,4.4,1.3,5.7,5.9,1.6,1.2,3.2,2.5,8.4,17.6,0.476,4.4,6.7,0.649,6.3,12.5,0.502,2.1,5.0,0.413
1326,Lonzo Ball,UCLA,Pac-10,Career,6.39,36,36,35.1,14.6,5.1,0.9,6.0,7.6,1.8,0.8,2.5,1.8,5.3,9.5,0.551,1.8,2.7,0.6729999999999999,3.0,4.1,0.732,2.2,5.4,0.412
1328,Jayson Tatum,Duke,ACC,Career,10.91,29,27,33.3,16.8,6.0,1.3,7.3,2.1,1.3,1.1,2.6,3.0,5.7,12.6,0.452,4.1,4.8,0.8490000000000001,4.3,8.6,0.504,1.4,4.0,0.342
1330,De'Aaron Fox,Kentucky,SEC,Career,10.49,36,34,29.6,16.7,3.4,0.6,4.0,4.6,1.5,0.2,2.4,2.5,5.9,12.4,0.479,4.3,5.9,0.736,5.5,10.5,0.521,0.5,1.9,0.246
1332,Jonathan Isaac,Florida State,ACC,Career,8.87,32,32,26.2,12.0,6.1,1.8,7.8,1.2,1.2,1.5,1.5,2.2,4.1,8.0,0.508,2.9,3.7,0.78,3.1,5.2,0.593,1.0,2.8,0.348
1334,Lauri Markkanen,Arizona,Pac-10,Career,7.63,37,37,30.8,15.6,4.8,2.4,7.2,0.9,0.4,0.5,1.1,2.0,5.0,10.2,0.4920000000000001,3.7,4.4,0.835,3.1,5.8,0.545,1.9,4.4,0.423
1336,Zach Collins,Gonzaga,WCC,Career,4.13,39,0,17.3,10.0,4.2,1.7,5.9,0.4,0.5,1.8,1.5,2.7,3.5,5.3,0.652,2.8,3.8,0.743,3.2,4.8,0.672,0.3,0.5,0.476
1338,Malik Monk,Kentucky,SEC,Career,10.49,38,37,32.1,19.8,2.2,0.3,2.5,2.3,0.9,0.5,2.0,1.9,6.6,14.7,0.45,3.9,4.7,0.8220000000000001,3.9,7.8,0.4970000000000001,2.7,6.9,0.397
1341,Luke Kennard,Duke,ACC,Career,10.75,73,47,31.2,15.7,3.3,1.1,4.3,2.0,0.9,0.3,1.2,2.1,5.2,11.2,0.461,3.4,3.9,0.867,3.2,6.1,0.526,2.0,5.1,0.383
1344,Donovan Mitchell,Louisville,Big East,Career,9.44,65,38,26.0,11.7,3.0,1.1,4.1,2.2,1.5,0.3,1.3,2.6,4.1,9.8,0.418,2.0,2.5,0.7879999999999999,2.6,5.2,0.4970000000000001,1.5,4.6,0.329
1346,Bam Adebayo,Kentucky,SEC,Career,10.49,38,38,30.1,13.0,4.9,3.1,8.0,0.8,0.7,1.5,1.7,2.6,4.5,7.5,0.599,4.1,6.2,0.653,4.5,7.5,0.599,0.0,0.0,0.0
1348,Justin Patton,Creighton,MVC,Career,8.95,35,34,25.3,12.9,4.5,1.7,6.2,1.2,0.9,1.4,1.7,2.7,5.7,8.5,0.6759999999999999,1.3,2.5,0.517,5.5,8.0,0.6829999999999999,0.2,0.4,0.5329999999999999
1352,D.J. Wilson,Michigan,Big Ten,Career,9.23,69,36,19.4,7.1,2.4,0.9,3.3,0.8,0.4,1.0,0.8,1.4,2.8,5.3,0.525,0.8,1.0,0.8170000000000001,2.1,3.3,0.619,0.7,2.0,0.363
1354,T.J. Leaf,UCLA,Pac-10,Career,6.39,35,35,29.9,16.3,6.0,2.2,8.2,2.4,0.6,1.1,1.5,2.5,6.7,10.9,0.617,2.1,3.0,0.679,5.9,9.2,0.644,0.8,1.7,0.466
1357,John Collins,Wake Forest,ACC,Career,10.16,64,34,20.7,13.4,4.2,2.8,7.0,0.4,0.5,1.2,1.4,2.8,4.9,8.2,0.601,3.6,4.9,0.7290000000000001,4.9,8.2,0.602,0.0,0.0,0.0
1359,Harry Giles,Duke,ACC,Career,10.91,26,6,11.5,3.9,2.3,1.6,3.8,0.3,0.3,0.7,0.7,2.2,1.7,3.0,0.5770000000000001,0.5,0.9,0.5,1.7,3.0,0.5770000000000001,0.0,0.0,0.0
1361,Jarrett Allen,Texas,Big 12,Career,12.75,33,33,32.2,13.4,5.4,3.0,8.4,0.8,0.6,1.5,2.5,2.1,5.4,9.6,0.5660000000000001,2.5,4.5,0.564,5.4,9.4,0.579,0.0,0.2,0.0
1364,OG Anunoby,Indiana,Big Ten,Career,7.53,50,10,17.4,6.8,2.1,1.4,3.5,0.8,1.0,0.9,1.1,1.7,2.7,4.8,0.563,0.9,1.8,0.522,2.1,3.3,0.652,0.5,1.5,0.365
1367,Tyler Lydon,Syracuse,Big East,Career,9.11,71,34,33.1,11.6,5.4,2.0,7.4,1.6,1.1,1.6,1.5,2.6,3.9,8.2,0.476,2.4,2.9,0.809,2.5,4.8,0.531,1.4,3.5,0.4
1370,Caleb Swanigan,Purdue,Big Ten,Career,8.12,69,69,29.2,14.4,8.2,2.2,10.4,2.4,0.4,0.5,3.0,2.5,5.1,10.2,0.501,3.3,4.4,0.76,4.2,7.9,0.537,0.9,2.3,0.376
1374,Kyle Kuzma,Utah,Pac-12,Career,6.84,96,64,21.0,10.1,3.9,1.6,5.5,1.5,0.3,0.4,1.6,1.6,3.9,7.7,0.506,1.8,2.8,0.633,3.3,5.9,0.5670000000000001,0.5,1.8,0.302
1376,Tony Bradley,UNC,ACC,Career,11.76,38,0,14.6,7.1,2.6,2.6,5.1,0.6,0.3,0.6,0.7,1.8,2.7,4.7,0.573,1.7,2.8,0.619,2.7,4.7,0.573,0.0,0.0,0.0
1378,Derrick White,Colorado,Big 12,Career,6.0,34,32,32.8,18.1,3.1,1.0,4.1,4.4,1.2,1.4,2.4,2.1,6.0,11.9,0.507,4.4,5.4,0.813,4.4,7.6,0.569,1.7,4.2,0.396
1383,Josh Hart,Villanova,Big East,Career,8.51,146,77,28.0,13.2,3.8,1.7,5.6,1.8,1.1,0.3,1.3,2.2,4.6,9.1,0.511,2.5,3.4,0.72,3.2,5.4,0.5920000000000001,1.4,3.6,0.389
1388,Davon Reed,Miami (FL),ACC,Career,8.24,131,99,28.1,10.3,3.0,0.7,3.6,1.6,0.9,0.4,1.4,1.9,3.3,7.8,0.43,2.0,2.6,0.779,1.8,3.9,0.466,1.5,3.9,0.395
1393,Wesley Iwundu,Kansas State,Big 12,Career,9.51,132,123,28.2,9.5,3.5,1.2,4.7,2.8,0.9,0.4,2.1,2.1,3.2,6.9,0.463,2.6,3.8,0.688,2.8,5.8,0.488,0.4,1.1,0.338
1398,Frank Mason,Kansas,Big 12,Career,11.74,145,113,30.0,13.0,2.9,0.5,3.4,4.0,1.1,0.1,1.9,2.0,4.2,9.2,0.454,3.3,4.4,0.7609999999999999,2.9,6.2,0.471,1.3,3.0,0.42
1401,Ivan Rabb,California,Pac-10,Career,7.1,65,64,30.6,13.2,6.6,2.9,9.4,1.2,0.6,1.1,1.8,3.1,4.8,8.8,0.544,3.5,5.2,0.6659999999999999,4.7,8.5,0.5489999999999999,0.1,0.3,0.409
1405,Semi Ojeleye,Overall,,Career,7.6,58,35,23.1,12.3,3.1,1.6,4.6,1.0,0.4,0.3,0.9,1.4,3.8,8.0,0.479,3.2,4.1,0.785,2.4,4.6,0.526,1.4,3.4,0.415
1409,Jordan Bell,Oregon,Pac-12,Career,8.23,105,62,24.7,7.8,4.7,2.1,6.8,1.5,1.1,2.2,1.5,2.3,3.3,5.4,0.61,1.2,1.8,0.63,3.3,5.2,0.622,0.0,0.2,0.188
1412,Jawun Evans,Oklahoma State,Big 12,Career,10.51,54,52,29.1,16.6,3.2,0.6,3.8,5.8,1.5,0.1,2.7,2.4,5.7,12.7,0.448,4.2,5.1,0.818,4.7,10.2,0.458,1.0,2.5,0.407
1415,Dwayne Bacon,Florida State,ACC,Career,8.52,69,67,28.8,16.5,3.8,1.2,5.0,1.6,1.0,0.1,2.1,1.9,6.1,13.5,0.449,3.1,4.2,0.733,4.8,9.3,0.51,1.3,4.1,0.312
1418,Tyler Dorsey,Oregon,Pac-12,Career,8.51,75,74,30.0,14.1,2.8,1.1,3.9,1.8,0.8,0.1,1.7,1.8,4.6,10.0,0.455,2.9,3.9,0.732,2.5,5.1,0.493,2.1,5.0,0.416
1421,Thomas Bryant,Indiana,Big Ten,Career,7.53,69,69,25.3,12.2,4.1,2.1,6.2,1.2,0.6,1.2,2.0,2.9,4.4,7.5,0.5920000000000001,3.0,4.1,0.718,4.0,6.4,0.63,0.4,1.1,0.373
1426,Damyean Dotson,Overall,,Career,4.85,134,133,29.1,12.9,3.8,1.2,5.0,1.1,0.8,0.2,1.1,1.6,4.8,10.4,0.464,1.5,1.9,0.7959999999999999,3.0,5.6,0.535,1.8,4.8,0.38
1430,Dillon Brooks,Oregon,Pac-12,Career,8.23,109,98,28.9,14.8,2.9,1.6,4.5,2.6,0.9,0.5,2.1,2.9,5.4,11.4,0.472,2.8,3.5,0.794,4.2,8.0,0.518,1.2,3.4,0.362
1432,Ike Anigbogu,UCLA,Pac-10,Career,6.39,29,0,13.0,4.7,2.6,1.4,4.0,0.2,0.2,1.2,0.8,2.5,2.0,3.5,0.564,0.8,1.5,0.535,2.0,3.5,0.564,0.0,0.0,0.0
1437,Sindarius Thornwell,South Carolina,SEC,Career,7.8,132,132,31.8,14.7,3.6,1.6,5.2,3.0,1.5,0.6,2.5,2.4,4.5,11.5,0.392,4.3,5.6,0.7709999999999999,3.2,7.5,0.42,1.4,4.0,0.339
1442,Monte Morris,Iowa State,Big 12,Career,10.28,140,121,33.8,12.2,2.9,0.8,3.7,5.5,1.6,0.3,1.2,1.5,4.5,9.5,0.476,2.0,2.6,0.78,3.5,6.7,0.517,1.1,2.9,0.381
1446,Edmond Sumner,Xavier,A-10,Career,9.81,59,48,26.1,11.2,2.9,0.5,3.4,3.8,1.2,0.4,2.2,2.2,3.5,8.1,0.429,3.7,5.0,0.73,2.8,5.9,0.483,0.6,2.2,0.285
1449,Kadeem Allen,Arizona,Pac-10,Career,7.43,68,61,27.5,9.1,3.3,0.3,3.6,3.3,1.3,0.7,2.0,2.4,3.0,6.6,0.459,2.3,3.1,0.725,2.3,4.8,0.482,0.7,1.8,0.4
1454,Alec Peters,Valparaiso,Horizon,Career,-0.95,134,134,31.7,17.5,5.5,2.0,7.4,1.5,0.8,0.3,1.9,2.1,5.9,12.1,0.487,3.6,4.2,0.846,3.7,6.9,0.539,2.2,5.2,0.416
1458,Nigel Williams-Goss,Overall,,Career,5.14,100,100,34.2,15.4,4.4,0.7,5.1,5.0,1.3,0.1,2.6,1.9,5.7,12.4,0.464,2.9,3.6,0.8059999999999999,4.8,9.4,0.506,1.0,2.9,0.331
1463,Jabari Bird,California,Pac-10,Career,6.95,114,80,26.4,10.8,2.5,0.8,3.3,1.2,0.5,0.3,1.2,1.7,3.9,8.9,0.442,1.2,1.6,0.753,2.3,4.5,0.512,1.6,4.4,0.371
1468,Jaron Blossomgame,Clemson,ACC,Career,7.5,128,125,30.7,13.5,4.6,1.9,6.5,1.1,0.6,0.7,1.5,1.6,4.9,10.0,0.488,3.0,4.1,0.7240000000000001,4.1,7.7,0.541,0.8,2.4,0.316
