,Unnamed: 0,Player,Year,Draft pick,Height (No Shoes),Height (With Shoes),Wingspan,Standing reach,Weight,Body Fat,Hand (Length),Hand (Width),drafted,athletic
0,0,Blake Griffin,2009,1.0,80.5,82.0,83.25,105.0,248.0,8.2,8.78,9.45,1,1
1,1,Terrence Williams,2009,11.0,77.0,78.25,81.0,103.5,213.0,5.1,8.58,9.28,1,1
2,2,Gerald Henderson,2009,12.0,76.0,77.0,82.25,102.5,215.0,4.4,8.69,9.37,1,1
3,3,Tyler Hansbrough,2009,13.0,80.25,81.5,83.5,106.0,234.0,8.5,8.81,9.47,1,1
4,4,Earl Clark,2009,14.0,80.5,82.25,86.5,109.5,228.0,5.2,9.08,9.7,1,1
5,5,Austin Daye,2009,15.0,81.75,82.75,86.75,110.0,192.0,5.5,9.1,9.72,1,1
6,6,James Johnson,2009,16.0,79.0,79.75,84.75,105.5,257.0,12.0,8.92,9.56,1,1
7,7,Jrue Holiday,2009,17.0,75.25,76.25,79.0,100.5,199.0,6.3,8.4,9.13,1,1
8,8,Ty Lawson,2009,18.0,71.25,72.5,72.75,94.5,197.0,6.6,7.83,8.64,1,1
9,9,Jeff Teague,2009,19.0,72.25,73.5,79.5,98.5,175.0,4.5,8.44,9.16,1,1
10,10,Hasheem Thabeet,2009,2.0,85.25,86.5,90.25,113.0,267.0,6.7,9.41,9.98,1,0
11,11,Eric Maynor,2009,20.0,74.25,75.25,74.5,97.0,164.0,5.4,7.99,8.78,1,1
12,12,Darren Collison,2009,21.0,72.25,73.5,75.0,96.5,166.0,5.7,8.04,8.82,1,1
13,13,Omri Casspi,2009,23.0,79.75,81.25,81.25,106.5,211.0,8.6,8.6,9.29,1,1
14,14,Byron Mullens,2009,24.0,83.75,85.25,85.5,111.0,258.0,8.5,8.99,9.62,1,1
15,15,Damion James,2009,24.0,78.25,79.5,84.75,106.0,224.0,8.2,9.25,8.5,1,1
16,16,Rodrigue Beaubois,2009,25.0,73.25,74.25,81.75,100.0,182.0,7.9,8.65,9.34,1,1
17,17,Taj Gibson,2009,26.0,80.5,81.75,88.0,109.0,214.0,6.6,9.21,9.81,1,1
18,18,DeMarre Carroll,2009,27.0,78.25,79.75,82.0,105.0,207.0,6.3,8.67,9.35,1,0
19,19,Greivis Vasquez,2009,28.0,76.75,78.0,79.25,101.0,197.0,6.9,7.75,9.25,1,1
20,20,Wayne Ellington,2009,28.0,76.25,77.25,78.5,100.0,202.0,5.5,8.35,9.08,1,1
21,21,Toney Douglas,2009,29.0,73.0,74.0,78.0,97.5,183.0,5.2,8.31,9.05,1,1
22,22,James Harden,2009,3.0,76.0,77.25,82.75,103.5,222.0,10.1,8.74,9.41,1,1
23,23,Jeff Pendergraph,2009,31.0,80.75,82.0,85.0,107.0,240.0,5.5,8.94,9.58,1,1
24,24,Jermaine Taylor,2009,32.0,75.5,76.75,80.75,101.0,207.0,5.8,8.56,9.26,1,1
25,25,Dante Cunningham,2009,33.0,79.0,80.25,83.0,106.5,227.0,4.8,8.76,9.43,1,1
26,26,DaJuan Summers,2009,35.0,79.25,80.5,84.75,106.5,243.0,6.6,8.92,9.56,1,1
27,27,Sam Young,2009,36.0,77.25,78.75,82.75,105.5,223.0,4.9,8.74,9.41,1,1
28,28,DeJuan Blair,2009,37.0,77.25,78.5,86.0,106.5,277.0,12.0,9.03,9.66,1,1
29,29,Tyreke Evans,2009,4.0,76.0,77.25,83.25,104.0,221.0,7.1,8.78,9.45,1,1
30,30,Derrick Brown,2009,40.0,79.5,80.5,86.5,107.5,225.0,8.6,9.08,9.7,1,1
31,31,Jodie Meeks,2009,41.0,75.0,76.0,76.5,98.0,211.0,8.0,8.17,8.93,1,1
32,32,Marcus Thornton,2009,43.0,74.75,75.75,77.0,99.0,194.0,4.8,8.22,8.97,1,1
33,33,Chase Budinger,2009,44.0,78.25,79.0,79.0,101.0,206.0,10.0,8.4,9.13,1,1
34,34,Danny Green,2009,46.0,77.25,78.5,82.0,103.0,208.0,5.6,8.67,9.35,1,1
35,35,Gani Lawal,2009,46.0,79.75,81.0,84.0,106.0,229.0,7.2,8.5,10.0,1,1
36,36,Jack McClinton,2009,51.0,71.75,72.75,74.5,96.0,185.0,6.2,7.99,8.78,1,1
37,37,A.J. Price,2009,52.0,72.5,74.0,75.75,97.0,193.0,12.4,8.11,8.88,1,1
38,38,Luke Harangody,2009,52.0,78.25,80.0,81.75,106.0,240.0,11.2,8.75,9.75,1,1
39,39,Patrick Mills,2009,55.0,71.25,72.5,74.0,95.0,175.0,6.9,7.95,8.74,1,1
40,40,Jonny Flynn,2009,6.0,71.25,72.75,76.0,95.5,196.0,6.3,8.13,8.9,1,1
41,41,Stephen Curry,2009,7.0,74.0,75.25,75.5,97.0,181.0,5.7,8.08,8.85,1,1
42,42,Jordan Hill,2009,8.0,81.25,82.25,85.5,108.0,232.0,6.0,8.99,9.62,1,1
43,43,Demar DeRozan,2009,9.0,77.5,78.5,81.0,102.5,211.0,4.9,8.58,9.28,1,1
44,44,Dionte Christmas,2009,99.0,76.25,77.5,81.0,102.5,211.0,7.1,8.58,9.28,0,1
45,45,Jeff Adrien,2009,99.0,77.25,78.5,86.0,107.5,236.0,7.9,9.03,9.66,0,1
46,46,Jerel McNeal,2009,99.0,73.5,75.0,79.25,99.5,190.0,5.4,8.42,9.14,0,1
47,47,Joe Ingles,2009,99.0,79.75,80.25,82.25,105.0,209.0,10.1,8.69,9.37,0,1
48,48,Josh Heytvelt,2009,99.0,82.0,83.0,85.25,108.0,246.0,10.8,8.96,9.6,0,1
49,49,Tyler Smith,2009,99.0,77.25,78.0,81.75,104.5,212.0,7.0,8.65,9.34,0,1
50,50,John Wall,2010,1.0,74.75,76.0,81.25,101.5,196.0,5.6,8.25,9.5,1,1
51,51,Paul George,2010,10.0,79.75,80.75,83.25,107.0,214.0,5.0,8.5,9.0,1,0
52,52,Cole Aldrich,2010,11.0,81.0,83.25,88.75,111.5,236.0,8.5,9.0,9.25,1,1
53,53,Xavier Henry,2010,12.0,77.25,78.5,83.25,105.0,210.0,4.7,8.75,10.0,1,1
54,54,Ed Davis,2010,13.0,81.0,81.75,84.0,108.0,227.0,10.0,9.25,10.0,1,1
55,55,Patrick Patterson,2010,14.0,80.0,81.25,85.25,107.0,240.0,5.3,9.25,10.25,1,1
56,56,Larry Sanders,2010,15.0,81.25,82.5,89.75,112.0,222.0,4.6,9.75,11.0,1,1
57,57,Luke Babbitt,2010,16.0,79.5,80.75,83.25,104.5,218.0,5.6,8.5,10.0,1,1
58,58,Eric Bledsoe,2010,18.0,72.25,73.5,79.5,98.0,192.0,5.6,8.5,9.75,1,0
59,59,Avery Bradley,2010,19.0,74.0,75.25,79.25,98.5,180.0,4.0,8.25,9.5,1,1
60,60,Evan Turner,2010,2.0,77.75,79.0,80.0,103.5,214.0,8.6,8.75,9.5,1,1
61,61,James Anderson,2010,20.0,76.75,77.75,80.5,104.0,208.0,7.9,9.0,7.0,1,1
62,62,Craig Brackins,2010,21.0,80.5,81.75,84.0,109.0,229.0,7.9,9.5,11.25,1,1
63,63,Trevor Booker,2010,23.0,78.25,79.5,81.75,106.0,236.0,7.3,9.0,9.5,1,1
64,64,Dominique Jones,2010,25.0,75.25,77.0,81.25,101.0,216.0,5.9,9.0,10.25,1,1
65,65,Jordan Crawford,2010,27.0,75.0,76.5,79.0,101.0,198.0,4.9,8.0,9.0,1,1
66,66,Daniel Orton,2010,29.0,80.75,81.5,88.25,110.5,269.0,13.8,8.5,9.75,1,1
67,67,Derrick Favors,2010,3.0,80.75,82.25,88.0,110.0,245.0,6.5,8.75,9.25,1,1
68,68,Lazar Hayward,2010,30.0,76.5,77.75,84.75,102.0,226.0,7.5,9.25,9.5,1,1
69,69,Dexter Pittman,2010,32.0,81.5,83.5,90.0,111.0,303.0,20.8,10.25,10.5,1,0
70,70,Hassan Whiteside,2010,33.0,82.5,83.5,91.0,113.0,227.0,5.5,8.25,10.25,1,1
71,71,Armon Johnson,2010,34.0,74.0,75.25,80.0,99.5,195.0,5.6,8.25,9.25,1,1
72,72,Terrico White,2010,36.0,75.75,77.0,81.0,101.0,203.0,3.7,9.0,10.5,1,1
73,73,Darington Hobson,2010,37.0,77.25,78.5,81.25,104.5,204.0,6.2,8.25,9.0,1,1
74,74,Andy Rautins,2010,38.0,76.25,77.0,79.0,100.0,192.0,6.2,8.0,9.75,1,1
75,75,Wesley Johnson,2010,4.0,78.25,79.25,85.0,106.0,206.0,4.6,9.0,9.5,1,1
76,76,Lance Stephenson,2010,40.0,76.5,77.75,82.5,103.0,227.0,9.3,9.0,10.25,1,1
77,77,Jarvis Varnado,2010,41.0,80.25,82.0,87.5,109.5,210.0,9.5,9.25,9.5,1,1
78,78,Devin Ebanks,2010,43.0,79.0,80.25,84.25,107.5,208.0,7.9,8.25,9.0,1,1
79,79,Jerome Jordan,2010,44.0,83.5,84.75,89.25,113.0,244.0,6.9,9.0,10.25,1,0
80,80,Tiny Gallon,2010,47.0,80.5,81.5,88.5,109.5,302.0,15.1,9.25,10.5,1,1
81,81,Ryan Richards,2010,49.0,82.5,83.75,85.5,110.0,230.0,8.0,9.0,9.75,1,1
82,82,DeMarcus Cousins,2010,5.0,81.5,82.75,89.75,113.0,292.0,16.4,9.25,10.0,1,1
83,83,Solomon Alabi,2010,50.0,83.5,84.75,89.0,113.0,237.0,5.0,9.25,9.25,1,1
84,84,Willie Warren,2010,54.0,74.5,75.75,78.0,99.5,208.0,7.6,8.5,9.5,1,1
85,85,Derrick Caracter,2010,58.0,80.25,81.5,84.25,107.25,280.0,12.8,9.0,10.25,1,1
86,86,Stanley Robinson,2010,59.0,78.5,79.75,84.0,107.5,213.0,8.3,9.0,9.0,1,0
87,87,Ekpe Udoh,2010,6.0,80.75,81.75,88.5,106.5,237.0,8.0,9.5,8.75,1,1
88,88,Greg Monroe,2010,7.0,81.75,83.0,86.25,108.5,247.0,11.2,8.75,9.5,1,1
89,89,Al-Farouq Aminu,2010,8.0,79.25,80.5,87.25,108.5,216.0,8.2,9.5,9.5,1,1
90,90,Gordon Hayward,2010,9.0,78.75,80.0,79.75,103.0,211.0,6.9,8.5,9.25,1,1
91,91,Artsiom Parakhouski,2010,99.0,82.25,83.75,85.0,109.5,268.0,6.0,9.0,10.5,0,1
92,92,Charles Garcia,2010,99.0,80.25,81.25,85.75,107.5,232.0,7.0,8.75,9.0,0,1
93,93,Jon Scheyer,2010,99.0,76.75,78.0,75.25,99.0,180.0,5.4,7.75,9.5,0,0
94,94,Manny Harris,2010,99.0,76.0,77.5,79.25,102.0,185.0,3.8,8.5,9.0,0,0
95,95,Mikhail Torrance,2010,99.0,76.0,77.29,78.75,101.75,207.0,6.6,8.75,9.5,0,1
96,96,Sherron Collins,2010,99.0,70.25,71.75,74.5,94.0,217.0,9.2,8.5,9.5,0,1
97,97,Sylven Landesberg,2010,99.0,76.75,78.25,81.0,100.5,210.0,11.6,8.75,10.75,0,1
98,98,Jimmer Fredette,2011,10.0,72.75,74.5,76.5,96.5,196.0,7.7,8.0,8.5,1,1
99,99,Klay Thompson,2011,11.0,77.75,79.25,81.0,103.5,206.0,8.0,8.75,9.25,1,1
100,100,Alec Burks,2011,12.0,77.0,78.0,82.0,103.5,193.0,5.1,9.0,8.25,1,1
101,101,Markieff Morris,2011,13.0,79.75,81.25,82.75,106.5,241.0,10.2,8.5,8.25,1,0
102,102,Marcus Morris,2011,14.0,79.0,80.75,82.0,105.5,230.0,8.0,8.25,8.5,1,0
103,103,Kawhi Leonard,2011,15.0,78.0,79.0,87.0,106.0,227.0,5.4,9.75,11.25,1,1
104,104,Nikola Vucevic,2011,16.0,82.25,83.75,88.5,112.5,260.0,6.1,9.25,10.25,1,1
105,105,Iman Shumpert,2011,17.0,76.25,77.5,81.5,99.5,222.0,6.5,9.0,9.0,1,1
106,106,Chris Singleton,2011,18.0,79.75,81.0,85.0,103.5,230.0,7.4,9.25,10.0,1,1
107,107,Tobias Harris,2011,19.0,78.5,79.75,83.0,103.5,223.0,8.4,8.75,9.0,1,1
108,108,Derrick Williams,2011,2.0,79.25,80.75,85.5,108.0,248.0,10.8,9.0,9.75,1,1
109,109,Nolan Smith,2011,21.0,73.5,75.5,77.5,99.0,188.0,5.6,8.5,9.25,1,1
110,110,Kenneth Faried,2011,22.0,78.0,79.5,84.0,108.0,225.0,6.3,8.5,10.25,1,1
111,111,Marshon Brooks,2011,25.0,76.25,77.25,85.0,101.0,195.0,5.2,9.0,10.5,1,1
112,112,Jordan Hamilton,2011,26.0,78.75,80.5,81.5,104.0,228.0,9.8,9.0,9.25,1,1
113,113,JaJuan Johnson (Purdue),2011,27.0,81.0,82.0,86.0,107.5,220.0,7.5,9.0,10.0,1,1
114,114,Norris Cole,2011,28.0,72.25,73.75,74.25,95.5,174.0,4.7,8.5,9.5,1,1
115,115,Cory Joseph,2011,29.0,74.0,75.25,77.5,99.0,186.0,9.7,8.5,10.5,1,1
116,116,Enes Kanter,2011,3.0,81.75,83.25,85.5,109.5,259.0,5.9,9.5,10.75,1,1
117,117,Jimmy Butler,2011,30.0,78.0,79.75,79.5,101.5,222.0,5.4,9.0,9.0,1,1
118,118,Justin Harper,2011,32.0,80.0,80.75,83.75,106.0,228.0,4.0,9.0,9.25,1,1
119,119,Kyle Singler,2011,33.0,79.5,80.5,82.1,106.0,228.0,10.0,8.25,8.75,1,1
120,120,Shelvin Mack,2011,34.0,73.0,74.5,79.5,96.5,209.0,7.1,8.25,9.25,1,1
121,121,Tyler Honeycutt,2011,35.0,78.75,80.25,81.0,105.0,187.0,5.3,8.5,9.5,1,1
122,122,Jordan Williams,2011,36.0,79.75,81.0,84.25,106.5,247.0,12.1,9.25,10.0,1,1
123,123,Trey Thompkins,2011,37.0,80.5,81.75,85.0,107.5,239.0,15.5,9.25,9.75,1,1
124,124,Chandler Parsons,2011,38.0,80.75,81.75,81.5,104.5,221.0,7.0,8.25,10.0,1,1
125,125,Jeremy Tyler,2011,39.0,81.0,82.5,89.0,110.5,262.0,13.4,9.25,9.0,1,1
126,126,Tristan Thompson,2011,4.0,79.5,80.75,85.25,108.5,227.0,6.2,8.75,9.25,1,1
127,127,Jon Leuer,2011,40.0,82.0,83.5,84.0,105.5,223.0,5.4,8.75,9.75,1,1
128,128,Darius Morris,2011,41.0,75.25,77.25,79.5,102.0,190.0,5.3,8.75,10.0,1,1
129,129,Malcolm Lee,2011,43.0,76.0,77.5,81.75,101.5,198.0,5.9,8.5,9.5,1,1
130,130,Charles Jenkins,2011,44.0,73.5,75.25,79.5,96.5,216.0,4.3,8.5,9.0,1,1
131,131,Andrew Goudelock,2011,46.0,73.25,74.75,76.25,96.5,198.0,9.9,8.25,9.25,1,1
132,132,Travis Leslie,2011,47.0,75.0,76.25,82.5,103.0,205.0,8.1,8.75,9.25,1,1
133,133,Keith Benson,2011,48.0,82.0,83.0,87.75,109.5,217.0,6.1,9.5,11.0,1,1
134,134,Josh Selby,2011,49.0,73.75,75.0,77.25,98.0,195.0,7.9,8.5,9.0,1,1
135,135,Jon Diebler,2011,51.0,77.25,78.5,78.0,99.0,197.0,8.5,8.25,8.25,1,1
136,136,DeAndre Liggins,2011,53.0,77.0,78.25,83.0,103.5,202.0,5.0,8.75,10.0,1,0
137,137,E'Twaun Moore,2011,55.0,74.5,76.0,81.5,99.5,191.0,7.6,9.0,10.0,1,1
138,138,Isaiah Thomas,2011,60.0,68.75,70.25,73.75,91.5,186.0,6.7,8.25,9.0,1,1
139,139,Brandon Knight,2011,8.0,73.5,75.25,78.75,98.5,177.0,4.2,8.25,9.5,1,1
140,140,Kemba Walker,2011,9.0,71.5,73.0,75.5,91.5,184.0,5.9,8.0,9.0,1,1
141,141,David Lighty,2011,99.0,76.75,78.5,80.0,101.0,216.0,6.5,9.0,10.0,0,1
142,142,Demetri McCamey,2011,99.0,73.75,75.25,78.25,99.5,204.0,6.1,8.5,9.0,0,1
143,143,Greg Smith,2011,99.0,80.0,81.25,86.5,106.5,253.0,7.4,9.75,12.0,0,1
144,144,Jamie Skeen,2011,99.0,78.5,80.0,85.25,106.5,242.0,9.8,8.5,8.5,0,1
145,145,Jereme Richmond,2011,99.0,78.0,79.25,82.25,106.5,207.0,5.5,8.75,9.5,0,1
146,146,LaceDarius Dunn,2011,99.0,75.0,76.0,78.25,101.0,188.0,5.5,9.0,10.25,0,1
147,147,Malcolm Thomas,2011,99.0,79.5,80.75,84.5,107.5,223.0,5.9,9.5,10.5,0,1
148,148,Michael Dunigan,2011,99.0,80.5,82.0,87.25,107.5,238.0,8.0,9.0,10.75,0,1
149,149,Rick Jackson,2011,99.0,80.25,81.25,86.0,106.5,242.0,8.3,8.75,9.5,0,1
150,150,Scotty Hopson,2011,99.0,77.75,78.5,82.5,103.5,205.0,4.8,8.5,10.0,0,1
151,151,Anthony Davis,2012,1.0,81.25,82.5,89.5,108.0,222.0,7.9,9.0,8.5,1,0
152,152,Austin Rivers,2012,10.0,75.5,77.0,79.25,96.5,203.0,6.2,8.5,10.0,1,1
153,153,Meyers Leonard,2012,11.0,83.75,85.25,87.0,108.0,250.0,5.7,9.25,11.0,1,1
154,154,Jeremy Lamb,2012,12.0,76.0,77.25,83.0,102.0,179.0,4.5,8.75,9.25,1,1
155,155,Kendall Marshall,2012,13.0,75.25,76.25,77.5,96.0,198.0,7.8,8.5,9.0,1,1
156,156,John Henson,2012,14.0,81.0,82.5,89.0,112.0,216.0,8.6,9.25,10.0,1,0
157,157,Moe Harkless,2012,15.0,79.25,80.75,84.0,102.5,207.0,5.3,9.25,10.25,1,1
158,158,Royce White,2012,16.0,79.0,80.0,84.0,104.5,261.0,10.6,9.5,11.5,1,0
159,159,Tyler Zeller,2012,17.0,83.25,84.5,84.0,104.5,247.0,6.4,9.0,9.75,1,1
160,160,Terrence Jones,2012,18.0,80.25,81.5,86.25,107.0,252.0,7.7,9.0,10.0,1,1
161,161,Andrew Nicholson,2012,19.0,80.5,81.5,88.0,107.0,234.0,7.6,10.0,10.75,1,1
162,162,Michael Kidd-Gilchrist,2012,2.0,77.75,79.5,84.0,104.5,233.0,7.0,9.0,10.25,1,1
163,163,Jared Sullinger,2012,21.0,79.75,81.0,85.25,105.5,268.0,10.7,9.25,9.75,1,1
164,164,Fab Melo,2012,22.0,82.75,84.0,86.5,110.0,255.0,9.2,9.0,10.0,1,1
165,165,John Jenkins,2012,23.0,75.25,76.25,80.5,98.0,212.0,7.1,9.0,9.0,1,1
166,166,Jared Cunningham,2012,24.0,75.5,77.0,78.5,98.0,188.0,3.6,8.25,9.0,1,0
167,167,Tony Wroten,2012,25.0,76.75,78.0,81.0,101.0,203.0,5.2,8.0,9.0,1,1
168,168,Miles Plumlee,2012,26.0,82.5,83.75,84.75,105.5,252.0,11.4,9.25,9.0,1,1
169,169,Arnett Moultrie,2012,27.0,81.5,82.75,86.25,106.5,233.0,7.7,9.25,9.25,1,1
170,170,Perry Jones,2012,28.0,82.25,83.25,85.75,107.0,234.0,4.6,9.25,9.5,1,1
171,171,Marquis Teague,2012,29.0,73.0,74.0,79.25,96.5,180.0,6.3,8.25,7.75,1,1
172,172,Bradley Beal,2012,3.0,75.25,76.75,80.0,100.0,202.0,6.0,8.5,9.0,1,1
173,173,Festus Ezeli,2012,30.0,81.75,83.5,89.75,108.0,264.0,5.5,9.0,10.75,1,1
174,174,Jeff Taylor,2012,31.0,78.0,79.25,78.25,101.5,213.0,4.2,8.25,9.75,1,1
175,175,Tomas Satoransky,2012,32.0,78.5,79.5,79.25,100.0,201.0,5.2,8.5,9.5,1,0
176,176,Bernard James,2012,33.0,80.75,82.0,87.0,108.5,230.0,5.0,9.0,9.25,1,1
177,177,Jae Crowder,2012,34.0,76.75,78.5,81.25,99.5,241.0,9.0,9.5,10.5,1,1
178,178,Draymond Green,2012,35.0,77.75,79.5,85.25,105.0,236.0,11.3,9.0,9.5,1,1
179,179,Orlando Johnson,2012,36.0,75.75,77.25,83.25,99.0,224.0,7.0,9.0,9.5,1,1
180,180,Quincy Acy,2012,37.0,78.5,79.75,86.75,106.5,224.0,7.1,9.5,11.0,1,1
181,181,Quincy Miller,2012,38.0,80.75,82.0,85.25,105.0,219.0,7.8,9.25,10.25,1,1
182,182,Khris Middleton,2012,39.0,78.75,80.25,82.75,103.0,216.0,7.8,9.0,9.0,1,1
183,183,Dion Waiters,2012,4.0,74.5,76.0,79.25,98.0,221.0,8.5,8.5,9.5,1,0
184,184,Will Barton,2012,40.0,77.0,78.0,81.75,102.5,174.0,4.1,9.0,9.5,1,1
185,185,Tyshawn Taylor,2012,41.0,74.75,76.0,78.25,97.5,177.0,4.2,8.75,8.75,1,1
186,186,Doron Lamb,2012,42.0,75.25,76.75,78.75,98.5,199.0,6.7,8.5,8.75,1,1
187,187,Mike Scott,2012,43.0,79.25,80.75,82.75,104.0,241.0,10.6,8.5,9.0,1,1
188,188,Kim English,2012,44.0,76.5,77.75,78.5,98.0,192.0,4.3,8.5,8.75,1,1
189,189,Darius Miller,2012,46.0,78.0,79.5,81.0,101.0,233.0,7.5,8.5,8.75,1,1
190,190,Kevin Murphy,2012,47.0,77.0,78.25,78.75,99.0,194.0,5.8,8.5,8.5,1,1
191,191,Kyle O'Quinn,2012,49.0,80.5,82.0,88.75,106.5,241.0,8.0,9.5,10.0,1,1
192,192,Thomas Robinson,2012,5.0,79.75,80.75,87.25,106.0,244.0,5.0,9.75,10.5,1,1
193,193,Kris Joseph,2012,51.0,78.0,79.0,83.0,104.0,215.0,8.6,9.0,9.0,1,0
194,194,Darius Johnson-Odom,2012,55.0,73.5,75.0,79.0,96.0,212.0,7.0,8.75,8.75,1,1
195,195,Robbie Hummel,2012,58.0,79.25,80.5,80.5,102.0,218.0,9.4,8.5,9.5,1,1
196,196,Marcus Denmon,2012,59.0,74.25,75.25,77.0,94.5,188.0,6.6,8.25,9.75,1,1
197,197,Damian Lillard,2012,6.0,73.75,74.75,79.75,95.5,189.0,5.9,8.75,9.75,1,1
198,198,Harrison Barnes,2012,7.0,79.0,80.0,83.25,101.5,228.0,9.6,9.0,8.5,1,1
199,199,Terrence Ross,2012,8.0,78.0,79.0,79.25,100.5,197.0,3.2,8.75,10.25,1,1
200,200,Andre Drummond,2012,9.0,81.75,83.75,90.25,109.5,279.0,7.5,9.5,9.5,1,1
201,201,Drew Gordon,2012,99.0,80.0,80.75,83.5,103.5,239.0,9.1,8.5,9.75,0,1
202,202,Henry Sims,2012,99.0,82.0,83.75,88.0,108.0,241.0,7.7,9.25,10.0,0,1
203,203,Hollis Thompson,2012,99.0,78.75,80.0,81.5,102.5,206.0,6.0,8.25,9.75,0,1
204,204,J'Covan Brown,2012,99.0,73.0,74.25,77.25,96.0,202.0,12.5,7.75,8.25,0,1
205,205,JaMychal Green,2012,99.0,80.0,81.0,86.25,106.5,217.0,9.8,9.25,9.25,0,1
206,206,Jordan Taylor,2012,99.0,73.0,74.0,75.0,92.5,193.0,5.5,8.25,9.5,0,1
207,207,Kevin Jones,2012,99.0,78.25,79.5,85.5,105.0,251.0,11.2,9.0,7.75,0,1
208,208,Scott Machado,2012,99.0,73.0,74.0,76.0,94.5,206.0,5.8,8.5,9.5,0,1
209,209,Tony Mitchell (Alabama),2012,99.0,77.25,78.25,82.0,100.0,216.0,5.7,8.5,10.0,0,1
210,210,Tu Holloway,2012,99.0,70.5,71.75,77.5,94.5,187.0,8.5,8.75,10.0,0,1
211,211,William Buford,2012,99.0,76.0,77.0,81.5,102.0,215.0,11.3,8.75,10.0,0,1
212,212,C.J. McCollum,2013,10.0,74.25,75.25,78.25,96.5,197.0,8.6,8.0,9.5,1,1
213,213,Michael Carter-Williams,2013,11.0,76.75,77.75,79.25,101.0,184.0,4.4,7.5,8.5,1,1
214,214,Steven Adams,2013,12.0,82.75,84.0,88.5,109.5,255.0,6.7,9.5,11.0,1,1
215,215,Kelly Olynyk,2013,13.0,82.75,84.0,81.75,108.0,234.0,6.7,8.5,10.0,1,1
216,216,Shabazz Muhammad,2013,14.0,76.75,78.25,83.0,104.5,222.0,9.0,9.0,10.0,1,1
217,217,Dennis Schroeder,2013,17.0,73.0,74.0,79.75,98.0,165.0,4.1,8.75,10.5,1,1
218,218,Shane Larkin,2013,18.0,70.25,71.5,70.75,89.5,171.0,3.8,7.5,8.75,1,1
219,219,Victor Oladipo,2013,2.0,75.25,76.25,81.25,100.5,213.0,6.6,8.75,9.25,1,1
220,220,Tony Snell,2013,20.0,78.0,79.25,83.5,105.5,198.0,4.9,9.0,9.5,1,1
221,221,Gorgui Dieng,2013,21.0,81.75,82.75,87.5,111.5,230.0,5.4,9.0,10.0,1,0
222,222,Mason Plumlee,2013,22.0,83.25,84.5,83.0,108.0,238.0,6.2,9.75,9.5,1,1
223,223,Solomon Hill,2013,23.0,77.5,79.0,81.0,103.0,226.0,7.6,9.0,10.5,1,1
224,224,Tim Hardaway Jr,2013,24.0,76.5,78.25,79.0,101.0,199.0,6.1,8.0,9.25,1,1
225,225,Reggie Bullock,2013,25.0,77.75,79.0,80.75,102.0,200.0,7.0,8.5,9.0,1,1
226,226,Andre Roberson,2013,26.0,78.25,79.0,83.0,104.5,206.0,7.1,8.75,9.5,1,1
227,227,Rudy Gobert,2013,27.0,84.5,86.0,92.5,115.0,238.0,4.4,9.75,10.0,1,1
228,228,Archie Goodwin,2013,29.0,75.75,77.25,81.5,102.0,189.0,4.6,8.5,9.0,1,1
229,229,Otto Porter,2013,3.0,79.5,80.5,85.5,105.5,198.0,6.7,8.75,9.25,1,1
230,230,Allen Crabbe,2013,31.0,77.25,78.25,83.25,103.5,197.0,4.7,8.25,8.5,1,1
231,231,Carrick Felix,2013,33.0,76.75,78.25,81.25,103.5,203.0,3.3,8.5,9.5,1,1
232,232,Isaiah Canaan,2013,34.0,71.0,72.0,76.5,94.5,188.0,5.9,8.25,9.5,1,1
233,233,Glen Rice,2013,35.0,76.5,77.75,81.25,101.5,211.0,8.5,8.5,9.0,1,1
234,234,Ray McCallum,2013,36.0,72.25,73.75,75.25,96.5,191.0,7.3,8.0,8.75,1,1
235,235,Tony Mitchell,2013,37.0,79.5,80.75,86.5,106.5,236.0,5.6,9.0,10.0,1,1
236,236,Nate Wolters,2013,38.0,75.5,76.75,75.75,98.0,196.0,5.5,8.25,8.75,1,0
237,237,Jeff Withey,2013,39.0,82.75,84.5,86.0,110.5,222.0,8.7,9.0,9.75,1,1
238,238,Cody Zeller,2013,4.0,82.75,84.25,82.75,106.0,230.0,4.8,8.5,10.5,1,1
239,239,Grant Jerrett,2013,40.0,80.75,82.25,86.0,109.0,232.0,10.1,8.5,9.25,1,1
240,240,Jamaal Franklin,2013,41.0,76.0,77.25,83.25,103.5,191.0,8.3,8.5,8.25,1,0
241,241,Pierre Jackson,2013,42.0,69.5,70.5,70.0,90.0,176.0,4.5,7.5,8.25,1,0
242,242,Ricky Ledo,2013,43.0,76.75,78.0,79.25,102.5,197.0,10.3,8.5,9.25,1,1
243,243,Mike Muscala,2013,44.0,82.25,83.5,85.0,108.0,230.0,6.8,8.5,9.0,1,1
244,244,Erick Green,2013,46.0,73.5,75.0,77.75,98.0,178.0,4.4,8.5,9.0,1,0
245,245,Ryan Kelly,2013,48.0,81.75,83.75,83.5,110.0,228.0,14.8,9.0,10.0,1,0
246,246,Erik Murphy,2013,49.0,80.75,81.5,82.5,108.0,240.0,8.0,8.75,9.75,1,1
247,247,James Ennis,2013,50.0,77.75,79.0,83.5,104.5,201.0,4.5,8.5,8.75,1,1
248,248,Lorenzo Brown,2013,52.0,76.0,77.25,79.0,100.0,189.0,4.0,8.25,8.5,1,1
249,249,Colton Iverson,2013,53.0,82.5,84.0,86.0,110.0,263.0,9.6,9.25,9.5,1,0
250,250,Peyton Siva,2013,56.0,71.5,73.0,75.0,93.0,181.0,6.1,8.0,9.75,1,1
251,251,Deshaun Thomas,2013,58.0,77.0,79.0,82.0,104.0,220.0,9.1,8.0,8.75,1,1
252,252,Nerlens Noel,2013,6.0,82.0,83.75,87.75,110.0,206.0,4.2,9.5,10.0,1,0
253,253,Ben McLemore,2013,7.0,75.5,76.75,79.75,100.5,189.0,5.0,8.75,9.5,1,1
254,254,Kentavious Caldwell-Pope,2013,8.0,76.5,77.5,80.0,100.5,204.0,6.5,8.5,9.0,1,1
255,255,Trey Burke,2013,9.0,71.75,73.25,77.5,97.5,187.0,6.9,8.25,8.75,1,1
256,256,Adonis Thomas,2013,99.0,76.75,77.75,85.0,99.0,232.0,7.5,9.25,9.5,0,1
257,257,B.J. Young,2013,99.0,74.25,75.5,80.25,99.0,179.0,4.7,8.5,9.5,0,0
258,258,Brandon Davies,2013,99.0,80.5,82.25,85.5,108.5,242.0,8.6,9.0,11.0,0,1
259,259,Brandon Paul,2013,99.0,74.75,76.0,82.25,98.0,201.0,5.3,8.5,9.5,0,1
260,260,C.J. Leslie,2013,99.0,79.5,80.75,86.25,104.5,209.0,8.0,8.75,9.0,0,1
261,261,DeWayne Dedmon,2013,99.0,82.0,83.5,88.0,109.0,239.0,8.4,9.0,11.0,0,1
262,262,Jackie Carmichael,2013,99.0,79.5,81.0,85.5,107.0,241.0,5.8,9.0,10.25,0,1
263,263,James Southerland,2013,99.0,79.0,80.0,85.0,106.0,221.0,8.1,8.0,9.5,0,1
264,264,Kenny Kadji,2013,99.0,80.75,82.0,87.0,106.5,242.0,7.5,9.0,10.25,0,1
265,265,Myck Kabongo,2013,99.0,73.25,74.75,78.25,98.0,180.0,6.0,8.25,9.0,0,1
266,266,Norvel Pelle,2013,99.0,81.5,82.5,86.5,109.0,207.0,5.2,8.75,9.5,0,1
267,267,Phil Pressey,2013,99.0,69.5,71.5,74.25,92.0,177.0,4.7,7.75,9.75,0,1
268,268,Richard Howell,2013,99.0,78.25,79.5,82.25,105.5,250.0,8.8,8.75,9.5,0,0
269,269,Robert Covington,2013,99.0,78.25,79.5,85.75,106.0,209.0,4.7,9.0,8.5,0,1
270,270,Seth Curry,2013,99.0,73.0,75.0,76.0,97.5,179.0,9.6,8.0,8.25,0,0
271,271,Trevor Mbakwe,2013,99.0,78.75,80.0,88.0,106.5,236.0,5.9,9.5,11.5,0,1
272,272,Vander Blue,2013,99.0,75.5,77.25,78.0,100.5,197.0,4.6,8.5,9.5,0,1
273,273,Will Clyburn,2013,99.0,77.75,79.0,84.25,105.0,210.0,6.9,9.25,10.25,0,1
274,274,Elfrid Payton,2014,10.0,74.5,75.75,80.0,98.5,185.0,5.7,8.75,9.0,1,1
275,275,Doug McDermott,2014,11.0,78.25,79.75,81.25,103.0,218.0,7.1,8.75,9.75,1,1
276,276,Zach LaVine,2014,13.0,76.5,77.75,80.25,100.0,181.0,4.7,8.25,8.75,1,1
277,277,T.J. Warren,2014,14.0,79.0,80.25,82.25,104.0,220.0,8.0,8.75,9.0,1,1
278,278,Adreian Payne,2014,15.0,81.0,81.75,88.0,109.0,239.0,7.6,9.25,9.5,1,0
279,279,James Young,2014,17.0,77.25,78.75,84.0,104.0,213.0,5.1,9.0,9.5,1,0
280,280,Tyler Ennis,2014,18.0,73.0,74.5,79.25,98.0,182.0,6.2,8.25,8.75,1,1
281,281,Gary Harris,2014,19.0,74.5,76.5,78.75,96.0,205.0,4.6,8.5,9.5,1,0
282,282,Jordan Adams,2014,22.0,75.5,76.75,82.0,102.0,209.0,10.8,8.5,7.5,1,1
283,283,Rodney Hood,2014,23.0,79.25,80.5,80.5,103.0,208.0,7.5,8.5,8.5,1,1
284,284,Shabazz Napier,2014,24.0,71.0,73.0,75.25,93.0,175.0,7.4,8.25,8.5,1,1
285,285,P.J. Hairston,2014,26.0,76.25,77.25,81.0,101.0,229.0,8.2,8.75,9.75,1,1
286,286,C.J. Wilcox,2014,28.0,75.5,77.0,81.75,100.5,201.0,6.5,8.75,9.0,1,1
287,287,Kyle Anderson,2014,30.0,79.5,80.5,86.75,107.5,230.0,13.4,8.25,8.75,1,0
288,288,K.J. McDaniels,2014,32.0,76.5,78.0,83.25,102.0,196.0,4.5,8.75,9.75,1,1
289,289,Joe Harris,2014,33.0,76.75,78.25,78.0,100.0,215.0,6.2,8.5,9.75,1,1
290,290,Cleanthony Early,2014,34.0,78.0,79.25,82.75,101.5,209.0,4.5,8.5,9.0,1,1
291,291,Jarnell Stokes,2014,35.0,79.0,80.5,85.25,103.5,263.0,8.2,9.75,10.5,1,1
292,292,Johnny O'Bryant,2014,36.0,79.25,80.5,86.25,105.0,257.0,10.8,9.25,9.5,1,1
293,293,DeAndre Daniels,2014,37.0,79.25,80.5,86.0,106.5,196.0,3.9,9.25,10.5,1,1
294,294,Spencer Dinwiddie,2014,38.0,76.5,78.0,80.25,103.0,205.0,5.4,8.25,9.0,1,0
295,295,Jerami Grant,2014,39.0,78.5,79.75,86.75,107.0,214.0,3.8,9.25,9.25,1,0
296,296,Aaron Gordon,2014,4.0,79.5,80.75,83.75,105.0,220.0,5.1,8.75,10.5,1,1
297,297,Glenn Robinson,2014,40.0,77.5,78.75,82.0,100.5,211.0,5.1,9.0,9.5,1,1
298,298,Nick Johnson,2014,42.0,73.5,75.0,79.25,96.5,198.0,6.1,8.75,9.75,1,1
299,299,Markel Brown,2014,44.0,74.5,75.5,80.75,100.0,184.0,4.2,8.25,9.75,1,1
300,300,Dwight Powell,2014,45.0,81.5,83.0,84.5,105.0,234.0,6.2,9.0,9.25,1,1
301,301,Jordan Clarkson,2014,46.0,75.25,77.0,80.0,98.0,186.0,4.3,8.25,9.0,1,1
302,302,Russ Smith,2014,47.0,71.5,72.75,75.5,95.0,160.0,3.5,8.25,8.5,1,1
303,303,Lamar Patterson,2014,48.0,76.0,77.25,83.0,101.0,226.0,10.8,9.0,9.25,1,1
304,304,Cameron Bairstow,2014,49.0,80.75,81.75,84.75,107.0,252.0,8.7,8.75,9.0,1,1
305,305,Dante Exum,2014,5.0,76.5,78.0,81.5,103.0,196.0,6.4,8.5,9.5,1,1
306,306,Alec Brown,2014,50.0,84.25,85.25,85.5,109.0,231.0,7.7,9.25,8.75,1,1
307,307,Thanasis Antetokounmpo,2014,51.0,77.25,78.25,84.0,104.5,205.0,6.1,9.0,9.75,1,1
308,308,Semaj Christon,2014,55.0,73.5,75.25,78.5,99.0,186.0,5.3,8.5,8.25,1,1
309,309,Devyn Marble,2014,56.0,77.0,78.5,81.0,102.0,192.0,6.9,8.25,8.5,1,1
310,310,Jordan McRae,2014,58.0,75.75,77.25,84.5,104.0,179.0,5.2,8.75,8.5,1,1
311,311,Xavier Thames,2014,59.0,74.25,75.5,76.0,96.0,187.0,6.4,8.25,9.0,1,1
312,312,Marcus Smart,2014,6.0,74.0,75.25,81.25,99.0,227.0,10.6,9.0,8.75,1,1
313,313,Cory Jefferson,2014,60.0,79.75,81.0,84.5,105.0,218.0,5.3,8.75,9.75,1,1
314,314,Julius Randle,2014,7.0,79.75,81.0,84.0,105.5,250.0,9.4,8.75,8.25,1,1
315,315,Nik Stauskas,2014,8.0,77.25,78.5,79.75,102.0,207.0,12.1,8.5,8.5,1,1
316,316,Noah Vonleh,2014,9.0,80.0,81.5,88.25,108.0,247.0,7.3,9.75,11.75,1,1
317,317,Aaron Craft,2014,99.0,72.75,73.75,74.0,94.5,192.0,6.1,7.75,8.5,0,1
318,318,Alex Kirk,2014,99.0,81.25,82.75,87.5,109.5,252.0,13.6,9.25,10.5,0,1
319,319,C.J. Fair,2014,99.0,78.5,80.0,81.5,104.0,218.0,5.1,9.0,9.0,0,1
320,320,DeAndre Kane,2014,99.0,74.75,76.5,80.0,99.0,200.0,5.0,8.25,9.0,0,1
321,321,Deonte Burton,2014,99.0,72.0,73.25,79.0,97.5,193.0,7.7,8.25,8.0,0,1
322,322,Isaiah Austin,2014,99.0,83.5,84.5,88.5,112.5,220.0,7.5,8.75,8.75,0,1
323,323,Jabari Brown,2014,99.0,75.0,76.25,80.25,100.0,202.0,6.1,9.0,9.25,0,1
324,324,Jahii Carson,2014,99.0,69.75,71.0,74.0,93.0,180.0,6.5,7.5,8.75,0,1
325,325,James McAdoo,2014,99.0,79.5,80.75,86.25,106.5,228.0,6.2,9.25,9.0,0,1
326,326,Jordan Bachynski,2014,99.0,85.25,86.0,88.0,108.5,254.0,7.5,9.25,10.0,0,1
327,327,Kendall Williams,2014,99.0,74.25,75.75,77.5,99.0,183.0,7.2,8.0,7.75,0,0
328,328,Khem Birch,2014,99.0,79.5,81.25,85.0,107.0,209.0,6.0,9.0,8.5,0,1
329,329,LaQuinton Ross,2014,99.0,78.5,79.5,85.75,106.0,239.0,16.3,8.75,9.75,0,1
330,330,Melvin Ejim,2014,99.0,77.25,79.0,83.25,103.5,219.0,6.5,8.75,9.25,0,1
331,331,Patric Young,2014,99.0,80.5,82.0,85.75,103.5,247.0,5.5,9.25,9.5,0,1
332,332,Sean Kilpatrick,2014,99.0,74.5,76.25,79.0,99.0,219.0,9.2,9.0,9.0,0,0
333,333,Justise Winslow,2015,10.0,76.5,78.5,82.25,104.5,222.0,5.3,8.5,9.25,1,0
334,334,Myles Turner,2015,11.0,81.75,83.5,88.0,112.0,239.0,9.3,9.25,9.25,1,0
335,335,Trey Lyles,2015,12.0,81.0,82.25,85.5,108.0,241.0,12.1,9.25,10.25,1,0
336,336,Devin Booker,2015,13.0,76.5,77.75,80.25,102.5,206.0,8.3,8.75,9.0,1,1
337,337,Cameron Payne,2015,14.0,72.75,73.5,79.25,97.5,183.0,6.3,8.5,8.25,1,1
338,338,Kelly Oubre,2015,15.0,77.75,78.75,86.25,102.5,203.0,5.7,9.0,8.75,1,1
339,339,Terry Rozier,2015,16.0,72.75,74.25,80.25,98.5,190.0,5.6,8.25,8.75,1,1
340,340,Rashad Vaughn,2015,17.0,75.75,77.0,79.0,101.0,199.0,6.2,8.0,8.5,1,1
341,341,Sam Dekker,2015,18.0,79.75,81.0,83.5,106.0,219.0,7.5,8.5,9.25,1,1
342,342,Jerian Grant,2015,19.0,75.25,76.25,79.5,100.0,198.0,5.6,8.25,8.5,1,0
343,343,D'Angelo Russell,2015,2.0,75.25,77.0,81.75,102.0,193.0,8.3,8.75,9.75,1,0
344,344,Delon Wright,2015,20.0,76.25,77.5,79.5,101.5,181.0,6.6,8.0,8.5,1,1
345,345,Justin Anderson,2015,21.0,77.25,78.25,83.75,101.0,231.0,5.0,8.5,9.5,1,1
346,346,Bobby Portis,2015,22.0,81.5,82.5,86.0,108.5,246.0,8.9,9.5,9.25,1,1
347,347,Rondae Hollis-Jefferson,2015,23.0,77.5,79.0,86.0,104.0,211.0,5.0,8.75,9.75,1,1
348,348,Tyus Jones,2015,24.0,72.25,74.0,77.0,97.0,185.0,6.5,8.25,8.75,1,1
349,349,Jarell Martin,2015,25.0,80.0,81.25,81.75,106.5,239.0,10.1,8.25,9.0,1,1
350,350,Larry Nance,2015,27.0,79.5,80.5,85.5,108.0,227.0,6.4,9.0,9.75,1,1
351,351,R.J. Hunter,2015,28.0,76.5,78.0,82.5,104.0,185.0,6.0,8.5,8.25,1,1
352,352,Chris McCullough,2015,29.0,80.25,81.0,87.25,109.0,199.0,6.2,8.75,8.75,1,0
353,353,Kevon Looney,2015,30.0,80.0,81.25,87.5,110.0,222.0,11.9,9.5,9.25,1,0
354,354,Montrezl Harrell,2015,32.0,79.0,79.5,88.25,109.0,253.0,11.9,9.0,9.75,1,0
355,355,Jordan Mickey,2015,33.0,79.0,80.25,87.25,106.0,238.0,7.2,8.75,9.5,1,1
356,356,Anthony Brown,2015,34.0,77.25,80.5,83.25,104.5,211.0,6.1,8.5,9.0,1,1
357,357,Rakeem Christmas,2015,36.0,80.25,81.75,89.25,110.5,243.0,9.6,9.25,9.84,1,0
358,358,Richaun Holmes,2015,37.0,80.25,81.5,85.5,108.0,243.0,8.8,8.5,8.5,1,1
359,359,Pat Connaughton,2015,41.0,76.0,77.25,80.75,96.0,215.0,10.2,8.5,9.25,1,1
360,360,Olivier Hanlan,2015,42.0,75.25,76.25,78.5,100.0,186.0,4.3,8.0,8.75,1,1
361,361,Joseph Young,2015,43.0,72.75,74.0,77.0,94.5,182.0,4.1,8.25,7.5,1,1
362,362,Andrew Harrison,2015,44.0,76.5,77.5,81.0,100.0,213.0,5.9,8.25,9.25,1,1
363,363,Marcus Thornton,2015,45.0,73.75,74.75,79.75,97.5,177.0,5.3,8.25,8.5,1,1
364,364,Norman Powell,2015,46.0,75.0,76.25,82.75,102.5,215.0,6.4,9.25,9.0,1,1
365,365,Dakari Johnson,2015,48.0,83.0,83.75,86.0,112.0,265.0,14.9,9.25,10.5,1,1
366,366,Aaron White,2015,49.0,79.75,80.75,83.5,106.5,220.0,8.0,8.25,9.25,1,1
367,367,Tyler Harvey,2015,51.0,74.75,76.0,77.5,98.5,181.0,9.2,7.75,8.75,1,1
368,368,Branden Dawson,2015,56.0,77.5,78.75,83.0,105.0,230.0,5.8,9.0,8.75,1,1
369,369,J.P. Tokoto,2015,58.0,77.25,78.25,82.0,100.5,196.0,4.1,8.0,8.75,1,1
370,370,Willie Cauley-Stein,2015,6.0,83.25,84.5,87.0,111.0,242.0,6.3,9.5,9.0,1,0
371,371,Stanley Johnson,2015,8.0,77.0,78.5,83.5,102.0,242.0,7.5,9.0,9.0,1,0
372,372,Frank Kaminsky,2015,9.0,83.75,84.75,83.0,109.5,231.0,9.4,8.5,9.5,1,0
373,373,Aaron Harrison,2015,99.0,76.5,78.0,80.25,100.5,209.0,6.0,8.3,10.0,0,0
374,374,Alan Williams,2015,99.0,79.25,80.25,85.75,106.5,261.0,12.0,8.5,9.5,0,1
375,375,Brandon Ashley,2015,99.0,79.25,80.5,87.25,105.0,228.0,8.8,9.0,9.5,0,1
376,376,Chasson Randle,2015,99.0,72.75,73.5,79.0,96.5,179.0,4.5,8.5,9.5,0,1
377,377,Chris Walker,2015,99.0,80.75,81.25,86.75,108.0,208.0,5.1,9.0,9.0,0,1
378,378,Christian Wood,2015,99.0,81.25,82.5,87.25,111.5,216.0,14.7,9.25,10.75,0,0
379,379,Cliff Alexander,2015,99.0,79.25,80.5,87.5,109.5,239.0,5.8,9.5,10.25,0,0
380,380,Corey Hawkins,2015,99.0,72.75,73.75,80.0,99.5,192.0,5.5,8.3,9.0,0,1
381,381,Dez Wells,2015,99.0,75.0,76.0,81.5,100.5,209.0,8.1,8.75,9.75,0,1
382,382,George De Paula,2015,99.0,76.5,77.5,84.0,104.0,197.0,6.7,9.5,10.0,0,1
383,383,Jonathan Holmes,2015,99.0,80.25,81.25,83.5,107.5,242.0,7.2,8.25,9.5,0,1
384,384,Keifer Sykes,2015,99.0,70.5,71.75,74.0,93.0,167.0,5.0,8.5,9.5,0,1
385,385,Michael Frazier,2015,99.0,75.75,76.25,80.0,101.5,199.0,7.4,8.25,9.25,0,1
386,386,Michael Qualls,2015,99.0,76.0,77.0,84.25,104.5,201.0,4.0,9.0,10.25,0,0
387,387,Mouhammadou Jaiteh,2015,99.0,81.5,82.5,87.25,110.5,247.0,9.9,9.0,9.25,0,1
388,388,Quinn Cook,2015,99.0,72.25,74.0,76.0,96.5,179.0,6.7,7.5,8.25,0,1
389,389,Robert Upshaw,2015,99.0,82.75,84.0,89.5,113.0,258.0,12.5,10.0,11.0,0,0
390,390,Ryan Boatright,2015,99.0,70.0,71.0,72.5,92.5,170.0,6.6,7.5,8.75,0,1
391,391,T.J. McConnell,2015,99.0,72.5,74.0,74.0,96.5,188.0,7.3,7.5,7.0,0,1
392,392,TaShawn Thomas,2015,99.0,79.25,80.0,86.0,108.0,240.0,12.4,9.0,9.25,0,1
393,393,Terran Petteway,2015,99.0,76.75,78.0,83.25,104.5,209.0,4.9,8.25,8.25,0,1
394,394,Treveon Graham,2015,99.0,76.75,77.75,82.5,103.0,219.0,5.5,8.5,8.25,0,1
395,395,Vince Hunter,2015,99.0,78.75,79.5,83.0,104.5,208.0,4.6,9.0,8.75,0,1
396,396,Thon Maker,2016,10.0,83.75,84.75,87.0,110.5,216.0,6.1,8.75,9.5,1,1
397,397,Taurean Prince,2016,12.0,78.5,79.75,83.5,102.0,220.0,6.5,9.0,8.5,1,1
398,398,Denzel Valentine,2016,14.0,76.0,77.75,82.75,102.0,210.0,9.2,8.5,9.75,1,1
399,399,Justin Jackson,2016,15.0,79.0,80.25,82.75,103.5,193.0,7.6,8.75,8.75,1,1
400,400,Wade Baldwin,2016,17.0,74.5,76.0,83.25,100.0,202.0,5.2,9.0,9.75,1,1
401,401,Henry Ellenson,2016,18.0,82.0,83.5,86.25,108.0,242.0,11.2,8.5,9.75,1,0
402,402,Malik Beasley,2016,19.0,75.5,76.5,79.0,100.5,190.0,6.9,8.5,9.0,1,0
403,403,Caris LeVert,2016,20.0,77.75,79.0,82.0,101.0,191.0,7.6,8.5,9.25,1,0
404,404,DeAndre Bembry,2016,21.0,76.25,77.75,81.25,101.0,207.0,7.0,8.0,9.25,1,1
405,405,Malachi Richardson,2016,22.0,76.75,78.25,84.0,101.5,200.0,7.0,8.75,10.0,1,1
406,406,Brice Johnson,2016,25.0,81.0,82.5,84.5,106.5,209.0,7.5,9.0,8.25,1,1
407,407,Caleb Swanigan,2016,26.0,79.5,80.5,87.5,107.0,247.0,12.6,9.0,10.25,1,0
408,408,Pascal Siakam,2016,27.0,80.25,81.5,87.25,107.5,227.0,5.2,9.25,10.0,1,1
409,409,Skal Labissiere,2016,28.0,82.5,83.75,86.5,105.5,216.0,5.7,8.75,9.0,1,0
410,410,Jaylen Brown,2016,3.0,77.25,78.75,83.75,102.5,223.0,5.1,8.75,9.0,1,0
411,411,Damian Jones,2016,30.0,82.25,83.5,87.75,107.0,244.0,6.6,8.75,10.5,1,1
412,412,Josh Hart,2016,30.0,76.0,77.5,80.5,99.5,204.0,5.8,8.5,9.25,1,1
413,413,Deyonta Davis,2016,31.0,81.25,82.5,86.5,108.5,237.0,9.7,9.0,9.25,1,0
414,414,Cheick Diallo,2016,33.0,79.5,81.0,88.5,107.5,219.0,5.6,8.5,9.75,1,1
415,415,Tyler Ulis,2016,34.0,68.75,70.0,74.0,88.5,149.0,5.2,7.5,7.5,1,1
416,416,Malcolm Brogdon,2016,36.0,75.75,77.5,82.5,98.0,223.0,5.4,9.0,10.25,1,1
417,417,Chinanu Onuaku,2016,37.0,81.0,82.0,86.75,108.5,245.0,8.6,9.0,8.0,1,1
418,418,Patrick McCaw,2016,38.0,77.25,78.75,82.0,100.5,181.0,4.7,8.75,8.75,1,1
419,419,Diamond Stone,2016,40.0,81.0,82.25,86.75,108.5,254.0,12.9,8.5,7.75,1,1
420,420,Stephen Zimmerman,2016,41.0,82.25,83.75,87.25,108.5,234.0,11.2,9.0,9.0,1,1
421,421,Isaiah Whitehead,2016,42.0,75.25,76.5,80.75,100.0,210.0,9.3,8.5,8.75,1,1
422,422,Zhou Qi,2016,43.0,85.25,86.25,91.75,112.5,218.0,4.9,9.25,9.5,1,1
423,423,Demetrius Jackson,2016,45.0,72.0,73.25,77.5,93.0,194.0,6.5,8.25,9.0,1,1
424,424,Jake Layman,2016,47.0,80.0,81.25,81.25,102.0,209.0,7.1,8.25,9.25,1,1
425,425,Michael Gbinije,2016,49.0,77.5,78.75,79.5,101.0,205.0,5.4,8.0,9.0,1,1
426,426,Kris Dunn,2016,5.0,75.0,76.25,81.5,100.0,,6.6,8.62,9.31,1,0
427,427,Georges Niang,2016,50.0,78.75,80.5,82.0,103.0,231.0,10.1,9.25,9.25,1,1
428,428,Ben Bentil,2016,51.0,79.25,80.25,85.5,105.0,229.0,9.7,9.5,10.0,1,1
429,429,Joel Bolomboy,2016,52.0,79.5,81.0,85.75,103.5,224.0,5.2,9.0,10.25,1,1
430,430,Kay Felder,2016,54.0,68.25,69.5,74.5,88.5,177.0,5.8,8.25,8.5,1,1
431,431,Marcus Paige,2016,55.0,72.5,73.75,78.25,97.0,164.0,4.3,7.75,8.75,1,1
432,432,Daniel Hamilton,2016,56.0,78.25,80.0,81.0,103.5,197.0,6.0,9.0,8.5,1,1
433,433,Isaiah Cousins,2016,59.0,75.25,76.5,78.25,98.5,194.0,4.8,8.25,8.75,1,1
434,434,Jaron Blossomgame,2016,59.0,78.25,79.25,82.0,102.0,214.0,5.3,8.5,10.0,1,1
435,435,Buddy Hield,2016,6.0,75.75,77.0,81.25,101.0,212.0,6.1,8.5,9.0,1,0
436,436,Marquese Chriss,2016,8.0,80.75,82.0,84.25,105.0,233.0,8.5,9.0,9.0,1,1
437,437,Jakob Poeltl,2016,9.0,84.25,85.0,86.75,111.5,239.0,5.8,9.25,10.25,1,0
438,438,A.J. English,2016,99.0,74.0,75.0,82.0,98.5,182.0,5.3,8.75,8.5,0,1
439,439,Cat Barber,2016,99.0,73.5,74.75,77.5,95.5,173.0,4.5,8.0,8.5,0,0
440,440,Dedric Lawson,2016,99.0,79.0,80.0,86.5,106.5,225.0,11.1,9.5,9.5,0,1
441,441,Dorian Finney-Smith,2016,99.0,78.5,79.75,83.75,105.5,213.0,6.5,9.0,9.75,0,1
442,442,Elgin Cook,2016,99.0,77.0,78.25,82.0,100.5,210.0,6.4,8.5,10.25,0,0
443,443,Gary Payton II,2016,99.0,74.0,75.0,80.0,99.5,184.0,4.0,8.75,9.5,0,1
444,444,Isaiah Miles,2016,99.0,78.75,79.75,82.5,105.0,220.0,9.6,9.0,9.5,0,1
445,445,Jarrod Uthoff,2016,99.0,80.5,81.75,83.5,104.0,214.0,6.0,8.75,9.0,0,1
446,446,Kyle Wiltjer,2016,99.0,80.75,82.0,84.25,102.5,243.0,15.3,8.25,9.5,0,1
447,447,Malik Newman,2016,99.0,74.25,75.5,77.75,97.5,182.0,5.6,8.25,9.25,0,1
448,448,Marcus Lee,2016,99.0,81.0,82.25,87.0,107.5,211.0,5.4,9.0,9.0,0,1
449,449,Melo Trimble,2016,99.0,73.25,74.5,74.0,92.5,192.0,8.4,8.0,8.75,0,1
450,450,Nigel Hayes,2016,99.0,78.25,79.25,87.0,107.5,245.0,10.9,8.5,9.5,0,1
451,451,Perry Ellis,2016,99.0,79.0,80.25,82.25,102.0,218.0,4.6,8.0,8.5,0,1
452,452,Robert Carter,2016,99.0,78.75,80.5,87.25,106.5,251.0,12.5,8.75,9.5,0,1
453,453,Ron Baker,2016,99.0,75.25,76.25,81.75,97.5,212.0,7.9,8.75,9.5,0,1
454,454,Sheldon McClellan,2016,99.0,77.0,78.25,79.0,99.5,198.0,4.8,8.0,8.0,0,1
455,455,Troy Williams,2016,99.0,77.75,78.75,80.25,102.0,218.0,10.0,8.25,9.25,0,1
456,456,Wayne Selden,2016,99.0,76.25,77.75,82.5,101.0,232.0,7.3,9.0,9.25,0,0
457,457,Zach Collins,2017,10.0,82.25,84.0,85.0,111.0,232.0,8.9,8.75,9.25,1,0
458,458,Luke Kennard,2017,12.0,76.5,77.5,77.25,98.5,196.0,6.6,8.0,8.75,1,0
459,459,Donovan Mitchell,2017,13.0,73.25,75.0,82.0,97.0,211.0,5.9,8.5,9.5,1,1
460,460,Bam Adebayo,2017,14.0,80.75,81.75,86.75,108.0,243.0,5.2,9.5,8.75,1,1
461,461,Justin Patton,2017,16.0,82.0,83.25,87.0,111.5,229.0,7.8,8.75,9.75,1,1
462,462,D.J. Wilson,2017,17.0,80.75,82.5,87.0,109.5,234.0,6.4,9.25,10.25,1,0
463,463,T.J. Leaf,2017,18.0,80.75,81.75,83.0,107.0,222.0,6.8,8.5,9.5,1,1
464,464,John Collins,2017,19.0,80.25,81.5,83.25,106.5,225.0,5.4,9.0,10.0,1,1
465,465,Harry Giles,2017,20.0,81.25,82.5,87.25,109.5,232.0,5.2,9.5,10.75,1,1
466,466,Terrance Ferguson,2017,21.0,77.5,79.0,80.75,103.0,184.0,5.8,8.5,10.0,1,1
467,467,Jarrett Allen,2017,22.0,81.0,82.25,89.25,109.5,234.0,7.4,9.5,10.5,1,1
468,468,OG Anunoby,2017,23.0,78.25,79.75,86.25,107.5,232.0,6.8,9.25,9.5,1,0
469,469,Tyler Lydon,2017,24.0,80.25,81.5,84.0,107.5,215.0,13.6,8.75,8.75,1,1
470,470,Kyle Kuzma,2017,27.0,80.0,81.5,84.25,107.5,223.0,9.4,8.5,9.5,1,1
471,471,Tony Bradley,2017,28.0,81.25,82.75,89.0,112.5,249.0,12.0,9.5,9.5,1,1
472,472,Derrick White,2017,29.0,75.25,76.5,79.5,101.5,190.0,6.2,8.25,8.5,1,1
473,473,Frank Jackson,2017,31.0,74.0,75.5,79.5,98.0,202.0,6.7,8.25,9.0,1,1
474,474,Davon Reed,2017,32.0,76.5,77.5,84.0,102.0,206.0,6.5,9.25,9.5,1,1
475,475,Wesley Iwundu,2017,33.0,77.5,78.75,85.0,105.5,193.0,4.0,8.75,9.5,1,1
476,476,Frank Mason,2017,34.0,71.0,72.0,75.25,94.0,189.0,4.3,8.0,9.25,1,1
477,477,Ivan Rabb,2017,35.0,80.75,82.0,85.5,109.0,220.0,6.8,8.75,9.0,1,1
478,478,Semi Ojeleye,2017,37.0,77.25,78.75,81.75,102.0,241.0,5.5,8.75,9.5,1,1
479,479,Jordan Bell,2017,38.0,79.0,80.5,83.75,104.5,224.0,5.4,9.25,9.5,1,1
480,480,Jawun Evans,2017,39.0,70.75,71.5,77.5,95.0,185.0,9.1,8.0,7.75,1,1
481,481,Dwayne Bacon,2017,40.0,76.75,78.25,82.0,103.5,222.0,7.9,8.75,10.0,1,1
482,482,Tyler Dorsey,2017,41.0,75.0,76.5,77.25,99.5,183.0,4.7,8.5,9.25,1,1
483,483,Thomas Bryant,2017,42.0,81.5,82.75,90.0,112.5,248.0,9.4,9.5,10.25,1,1
484,484,Damyean Dotson,2017,44.0,76.5,77.5,81.0,100.0,205.0,5.3,8.5,9.25,1,1
485,485,Dillon Brooks,2017,45.0,77.0,78.0,78.0,100.5,220.0,7.5,8.25,9.25,1,1
486,486,Ike Anigbogu,2017,47.0,80.5,81.75,90.25,110.5,252.0,5.4,9.5,10.0,1,1
487,487,Sindarius Thornwell,2017,48.0,75.5,76.75,82.0,103.0,212.0,7.8,8.75,8.75,1,1
488,488,De'Aaron Fox,2017,5.0,74.0,75.25,78.5,100.0,170.0,4.5,8.5,8.5,1,0
489,489,Monte Morris,2017,51.0,73.25,74.5,76.0,96.5,175.0,6.9,8.25,8.75,1,1
490,490,Edmond Sumner,2017,52.0,76.0,77.75,81.0,102.5,176.0,8.3,8.25,9.0,1,0
491,491,Kadeem Allen,2017,53.0,73.0,74.25,81.25,99.5,192.0,6.4,8.5,8.75,1,1
492,492,Alec Peters,2017,54.0,79.25,80.75,82.75,105.0,232.0,8.8,8.75,10.0,1,0
493,493,Nigel Williams-Goss,2017,55.0,73.5,75.0,79.25,99.0,190.0,5.6,8.75,9.25,1,1
494,494,Andrew Jones,2017,99.0,75.0,76.25,78.5,99.5,185.0,4.9,8.5,9.0,0,1
495,495,Cameron Oliver,2017,99.0,79.0,80.25,85.25,106.5,239.0,7.7,9.5,10.25,0,1
496,496,Chris Boucher,2017,99.0,80.0,81.5,88.0,110.5,182.0,5.4,9.25,10.5,0,0
497,497,Derrick Walton,2017,99.0,71.0,72.75,74.5,95.0,189.0,5.8,8.0,8.5,0,1
498,498,Devin Robinson,2017,99.0,79.0,80.25,84.75,106.0,190.0,3.2,9.25,10.25,0,1
499,499,Eric Mika,2017,99.0,80.5,81.75,82.0,106.5,233.0,6.5,8.25,8.75,0,1
500,500,Hamidou Diallo,2017,99.0,75.75,77.0,83.25,101.5,197.0,5.2,8.5,9.5,0,1
501,501,Isaiah Briscoe,2017,99.0,73.25,74.75,81.0,99.5,222.0,11.0,9.0,9.25,0,1
502,502,Isaiah Hicks,2017,99.0,79.25,80.5,84.5,105.0,233.0,7.7,8.75,9.75,0,1
503,503,Jamel Artis,2017,99.0,77.5,78.75,82.0,105.0,213.0,11.9,9.25,9.75,0,1
504,504,Johnathan Motley,2017,99.0,79.75,80.75,88.0,108.0,238.0,6.6,9.0,9.5,0,0
505,505,Jonathan Jeanne,2017,99.0,84.75,86.0,90.5,113.5,207.0,8.7,9.5,10.0,0,1
506,506,Justin Jackson (Canada),2017,99.0,77.75,79.0,87.25,107.0,219.0,8.1,9.0,9.5,0,1
507,507,Kennedy Meeks,2017,99.0,80.75,82.25,85.0,106.0,277.0,11.5,8.75,8.75,0,1
508,508,Kobi Simmons,2017,99.0,75.25,76.5,78.0,99.0,166.0,5.0,8.5,9.5,0,1
509,509,Moritz Wagner,2017,99.0,82.0,83.25,84.0,108.0,231.0,6.7,8.75,10.75,0,1
510,510,Omer Yurtseven,2017,99.0,82.5,83.75,85.0,108.5,248.0,7.6,9.0,10.5,0,1
511,511,P.J. Dozier,2017,99.0,77.25,78.75,83.0,101.0,201.0,6.1,8.5,9.5,0,1
512,512,Peter Jok,2017,99.0,76.25,77.75,80.0,102.0,202.0,11.0,8.25,9.5,0,1
513,513,Rawle Alkins,2017,99.0,74.5,75.75,80.75,99.0,223.0,11.0,8.75,10.0,0,1
514,514,Sviatoslav Mykhailiuk,2017,99.0,78.5,79.5,77.0,100.0,220.0,11.4,8.0,9.25,0,1
515,515,Thomas Welsh,2017,99.0,83.5,84.5,84.0,109.5,254.0,10.9,9.0,10.5,0,0
516,516,V.J. Beachem,2017,99.0,78.25,80.0,82.25,104.5,193.0,6.8,8.5,9.0,0,1
