"","player","pos","age","tm","g","gs","mp","fg","fga","fg_pct","three_p","three_pa","three_p_pct","two_p","two_pa","two_p_pct","efg_pct","ft","fta","ft_pct","orb","drb","trb","ast","stl","blk","tov","pf","pts","start_year","end_year"
"1","Jeff Adrien","PF",24,"GSW",23,0,196,23,54,0.426,0,0,NA,23,54,0.426,0.426,11,19,0.579,23,35,58,10,4,5,9,28,57,2010,2011
"2","Arron Afflalo","SG",25,"DEN",69,69,2324,312,627,0.498,105,248,0.423,207,379,0.546,0.581,138,163,0.847,45,206,251,168,34,31,71,153,867,2010,2011
"3","Maurice Ager","SG",26,"MIN",4,0,29,6,11,0.545,3,4,0.75,3,7,0.429,0.682,0,0,NA,0,2,2,1,1,0,4,4,15,2010,2011
"4","Alexis Ajinca","C",22,"TOT",34,2,340,59,133,0.444,12,34,0.353,47,99,0.475,0.489,13,18,0.722,17,61,78,10,11,19,18,73,143,2010,2011
"5","Alexis Ajinca","C",22,"DAL",10,2,75,12,32,0.375,3,7,0.429,9,25,0.36,0.422,2,3,0.667,5,12,17,2,3,5,1,13,29,2010,2011
"6","Alexis Ajinca","C",22,"TOR",24,0,265,47,101,0.465,9,27,0.333,38,74,0.514,0.51,11,15,0.733,12,49,61,8,8,14,17,60,114,2010,2011
"7","Solomon Alabi","C",22,"TOR",12,0,59,3,15,0.2,0,0,NA,3,15,0.2,0.2,0,2,0,7,7,14,2,2,2,3,5,6,2010,2011
"8","Cole Aldrich","C",22,"OKC",18,0,142,8,15,0.533,0,0,NA,8,15,0.533,0.533,2,4,0.5,13,22,35,4,5,7,8,30,18,2010,2011
"9","LaMarcus Aldridge","PF",25,"POR",81,81,3211,707,1415,0.5,4,23,0.174,703,1392,0.505,0.501,351,444,0.791,278,431,709,170,82,94,153,220,1769,2010,2011
"10","Malik Allen","PF",32,"ORL",18,0,178,11,31,0.355,0,0,NA,11,31,0.355,0.355,1,2,0.5,12,20,32,4,1,4,3,30,23,2010,2011
"11","Ray Allen*","SG",35,"BOS",80,80,2890,480,978,0.491,168,378,0.444,312,600,0.52,0.577,193,219,0.881,51,223,274,219,77,16,117,147,1321,2010,2011
"12","Tony Allen","SG",29,"MEM",72,31,1494,251,492,0.51,4,23,0.174,247,469,0.527,0.514,137,182,0.753,70,123,193,104,129,44,86,161,643,2010,2011
"13","Al-Farouq Aminu","SF",20,"LAC",81,14,1452,160,406,0.394,45,143,0.315,115,263,0.437,0.45,92,119,0.773,75,192,267,60,59,25,103,121,457,2010,2011
"14","Lou Amundson","PF",28,"GSW",46,7,691,83,183,0.454,0,0,NA,83,183,0.454,0.454,34,87,0.391,81,104,185,17,14,33,24,87,200,2010,2011
"15","Chris Andersen","C",32,"DEN",45,0,732,82,137,0.599,0,1,0,82,136,0.603,0.599,86,135,0.637,75,144,219,20,23,58,25,79,250,2010,2011
"16","David Andersen","PF",30,"TOT",40,0,373,56,121,0.463,8,23,0.348,48,98,0.49,0.496,14,22,0.636,20,64,84,13,5,9,22,40,134,2010,2011
"17","David Andersen","PF",30,"TOR",11,0,150,23,47,0.489,3,10,0.3,20,37,0.541,0.521,7,7,1,8,26,34,7,3,3,8,11,56,2010,2011
"18","David Andersen","PF",30,"NOH",29,0,223,33,74,0.446,5,13,0.385,28,61,0.459,0.48,7,15,0.467,12,38,50,6,2,6,14,29,78,2010,2011
"19","James Anderson","SF",21,"SAS",26,2,286,31,81,0.383,18,46,0.391,13,35,0.371,0.494,14,18,0.778,2,21,23,18,3,6,13,24,94,2010,2011
"20","Ryan Anderson","PF",22,"ORL",64,14,1424,226,525,0.43,134,341,0.393,92,184,0.5,0.558,95,117,0.812,129,226,355,52,30,38,49,137,681,2010,2011
"21","Carmelo Anthony","SF",26,"TOT",77,77,2751,684,1503,0.455,95,251,0.378,589,1252,0.47,0.487,507,605,0.838,118,445,563,221,68,46,206,224,1970,2010,2011
"22","Carmelo Anthony","SF",26,"DEN",50,50,1774,437,967,0.452,42,126,0.333,395,841,0.47,0.474,343,417,0.823,77,305,382,140,43,31,142,134,1259,2010,2011
"23","Carmelo Anthony","SF",26,"NYK",27,27,977,247,536,0.461,53,125,0.424,194,411,0.472,0.51,164,188,0.872,41,140,181,81,25,15,64,90,711,2010,2011
"24","Joel Anthony","C",28,"MIA",75,11,1463,53,99,0.535,0,0,NA,53,99,0.535,0.535,47,73,0.644,104,162,266,24,10,93,36,194,153,2010,2011
"25","Gilbert Arenas","PG",29,"TOT",70,16,1796,269,734,0.366,97,327,0.297,172,407,0.423,0.433,120,153,0.784,22,167,189,274,74,21,177,188,755,2010,2011
"26","Gilbert Arenas","PG",29,"WAS",21,14,726,130,330,0.394,47,145,0.324,83,185,0.449,0.465,56,67,0.836,6,64,70,117,30,12,71,76,363,2010,2011
"27","Gilbert Arenas","PG",29,"ORL",49,2,1070,139,404,0.344,50,182,0.275,89,222,0.401,0.406,64,86,0.744,16,103,119,157,44,9,106,112,392,2010,2011
"28","Trevor Ariza","SF",25,"NOH",75,75,2600,303,762,0.398,82,271,0.303,221,491,0.45,0.451,138,197,0.701,61,347,408,162,120,31,118,180,826,2010,2011
"29","Hilton Armstrong","C",26,"TOT",53,2,488,37,76,0.487,2,4,0.5,35,72,0.486,0.5,16,33,0.485,42,89,131,14,18,21,28,84,92,2010,2011
"30","Hilton Armstrong","C",26,"WAS",41,2,412,31,64,0.484,1,3,0.333,30,61,0.492,0.492,14,23,0.609,39,75,114,10,15,16,25,75,77,2010,2011
"31","Hilton Armstrong","C",26,"ATL",12,0,76,6,12,0.5,1,1,1,5,11,0.455,0.542,2,10,0.2,3,14,17,4,3,5,3,9,15,2010,2011
"32","Carlos Arroyo","PG",31,"TOT",64,43,1185,120,273,0.44,31,69,0.449,89,204,0.436,0.496,39,47,0.83,20,83,103,125,21,1,60,71,310,2010,2011
"33","Carlos Arroyo","PG",31,"MIA",49,42,995,109,238,0.458,28,64,0.438,81,174,0.466,0.517,28,35,0.8,13,67,80,100,14,1,43,60,274,2010,2011
"34","Carlos Arroyo","PG",31,"BOS",15,1,190,11,35,0.314,3,5,0.6,8,30,0.267,0.357,11,12,0.917,7,16,23,25,7,0,17,11,36,2010,2011
"35","Darrell Arthur","PF",22,"MEM",80,9,1609,310,624,0.497,0,6,0,310,618,0.502,0.497,109,134,0.813,115,227,342,53,52,63,88,228,729,2010,2011
"36","Omer Asik","C",24,"CHI",82,0,989,78,141,0.553,0,0,NA,78,141,0.553,0.553,73,145,0.503,112,194,306,32,20,56,64,153,229,2010,2011
"37","D.J. Augustin","PG",23,"CHA",82,82,2757,399,958,0.416,111,333,0.333,288,625,0.461,0.474,269,297,0.906,38,187,225,498,54,3,155,152,1178,2010,2011
"38","Luke Babbitt","SF",21,"POR",24,0,137,15,55,0.273,3,16,0.188,12,39,0.308,0.3,3,9,0.333,6,24,30,6,2,2,8,15,36,2010,2011
"39","Renaldo Balkman","SF",26,"TOT",8,0,62,6,13,0.462,1,2,0.5,5,11,0.455,0.5,3,4,0.75,2,5,7,2,4,2,1,15,16,2010,2011
"40","Renaldo Balkman","SF",26,"DEN",5,0,44,5,9,0.556,0,0,NA,5,9,0.556,0.556,3,4,0.75,1,3,4,2,3,2,0,11,13,2010,2011
"41","Renaldo Balkman","SF",26,"NYK",3,0,18,1,4,0.25,1,2,0.5,0,2,0,0.375,0,0,NA,1,2,3,0,1,0,1,4,3,2010,2011
"42","Marcus Banks","PG",29,"TOR",3,0,22,0,2,0,0,0,NA,0,2,0,0,6,8,0.75,0,1,1,3,1,0,2,4,6,2010,2011
"43","Leandro Barbosa","SG",28,"TOR",58,0,1395,294,653,0.45,72,213,0.338,222,440,0.505,0.505,109,137,0.796,14,85,99,119,50,6,84,112,769,2010,2011
"44","J.J. Barea","PG",26,"DAL",81,2,1669,285,649,0.439,66,189,0.349,219,460,0.476,0.49,133,157,0.847,29,130,159,317,30,1,136,136,769,2010,2011
"45","Andrea Bargnani","C",25,"TOR",66,66,2353,525,1173,0.448,77,223,0.345,448,950,0.472,0.48,287,350,0.82,74,269,343,119,34,46,152,160,1414,2010,2011
"46","Matt Barnes","SF",30,"LAL",53,0,1020,131,279,0.47,34,107,0.318,97,172,0.564,0.53,60,77,0.779,73,155,228,71,39,22,58,127,356,2010,2011
"47","Earl Barron","C",29,"TOT",21,7,305,32,99,0.323,0,0,NA,32,99,0.323,0.323,15,24,0.625,32,44,76,11,8,6,16,46,79,2010,2011
"48","Earl Barron","C",29,"PHO",12,6,183,12,51,0.235,0,0,NA,12,51,0.235,0.235,12,20,0.6,16,24,40,4,6,4,11,32,36,2010,2011
"49","Earl Barron","C",29,"MIL",7,0,85,17,37,0.459,0,0,NA,17,37,0.459,0.459,2,2,1,12,10,22,4,2,2,2,10,36,2010,2011
"50","Earl Barron","C",29,"POR",2,1,37,3,11,0.273,0,0,NA,3,11,0.273,0.273,1,2,0.5,4,10,14,3,0,0,3,4,7,2010,2011
"51","Brandon Bass","PF",25,"ORL",76,51,1980,332,645,0.515,0,2,0,332,643,0.516,0.515,190,233,0.815,134,290,424,57,27,52,97,159,854,2010,2011
"52","Tony Battie","C",34,"PHI",38,0,377,45,96,0.469,2,3,0.667,43,93,0.462,0.479,8,14,0.571,17,82,99,12,5,15,12,59,100,2010,2011
"53","Shane Battier","SF",32,"TOT",82,59,2375,229,509,0.45,102,267,0.382,127,242,0.525,0.55,64,93,0.688,90,283,373,185,69,81,79,158,624,2010,2011
"54","Shane Battier","SF",32,"HOU",59,59,1818,186,408,0.456,88,225,0.391,98,183,0.536,0.564,49,76,0.645,58,223,281,153,53,71,63,127,509,2010,2011
"55","Shane Battier","SF",32,"MEM",23,0,557,43,101,0.426,14,42,0.333,29,59,0.492,0.495,15,17,0.882,32,60,92,32,16,10,16,31,115,2010,2011
"56","Nicolas Batum","SF",22,"POR",80,67,2522,367,807,0.455,118,342,0.345,249,465,0.535,0.528,138,164,0.841,109,252,361,123,68,49,83,194,990,2010,2011
"57","Jerryd Bayless","PG",22,"TOT",71,14,1496,218,517,0.422,49,146,0.336,169,371,0.456,0.469,166,206,0.806,26,139,165,266,38,5,127,149,651,2010,2011
"58","Jerryd Bayless","PG",22,"NOH",11,0,149,17,49,0.347,3,14,0.214,14,35,0.4,0.378,13,17,0.765,2,13,15,28,2,1,17,16,50,2010,2011
"59","Jerryd Bayless","PG",22,"TOR",60,14,1347,201,468,0.429,46,132,0.348,155,336,0.461,0.479,153,189,0.81,24,126,150,238,36,4,110,133,601,2010,2011
"60","Michael Beasley","SF",22,"MIN",73,73,2361,561,1246,0.45,60,164,0.366,501,1082,0.463,0.474,219,291,0.753,118,291,409,158,54,52,195,222,1401,2010,2011
"61","Rodrigue Beaubois","PG",22,"DAL",28,26,496,94,223,0.422,25,83,0.301,69,140,0.493,0.478,23,30,0.767,7,45,52,64,20,8,47,76,236,2010,2011
"62","Marco Belinelli","SG",24,"NOH",80,69,1957,302,691,0.437,134,324,0.414,168,367,0.458,0.534,98,125,0.784,17,134,151,92,38,6,77,146,836,2010,2011
"63","Charlie Bell","SG",31,"GSW",19,0,171,12,43,0.279,6,21,0.286,6,22,0.273,0.349,2,4,0.5,6,12,18,13,6,1,6,13,32,2010,2011
"64","Raja Bell","SG",34,"UTA",68,63,2097,191,467,0.409,68,193,0.352,123,274,0.449,0.482,91,102,0.892,31,145,176,118,56,14,63,169,541,2010,2011
"65","Mike Bibby","PG",32,"TOT",80,68,2285,248,576,0.431,153,348,0.44,95,228,0.417,0.563,39,62,0.629,17,178,195,265,50,9,101,175,688,2010,2011
"66","Mike Bibby","PG",32,"ATL",56,56,1674,192,441,0.435,113,256,0.441,79,185,0.427,0.563,29,46,0.63,15,128,143,202,38,6,68,125,526,2010,2011
"67","Mike Bibby","PG",32,"WAS",2,0,29,1,9,0.111,0,4,0,1,5,0.2,0.111,0,0,NA,0,3,3,8,1,0,1,3,2,2010,2011
"68","Mike Bibby","PG",32,"MIA",22,12,582,55,126,0.437,40,88,0.455,15,38,0.395,0.595,10,16,0.625,2,47,49,55,11,3,32,47,160,2010,2011
"69","Andris Biedrins","C",24,"GSW",59,55,1397,142,266,0.534,0,0,NA,142,266,0.534,0.534,10,31,0.323,145,281,426,60,52,52,57,198,294,2010,2011
"70","Chauncey Billups","PG",34,"TOT",72,72,2310,339,794,0.427,146,363,0.402,193,431,0.448,0.519,384,419,0.916,25,165,190,387,71,14,177,146,1208,2010,2011
"71","Chauncey Billups","PG",34,"DEN",51,51,1646,235,536,0.438,105,238,0.441,130,298,0.436,0.536,265,287,0.923,12,113,125,271,52,12,129,94,840,2010,2011
"72","Chauncey Billups","PG",34,"NYK",21,21,664,104,258,0.403,41,125,0.328,63,133,0.474,0.483,119,132,0.902,13,52,65,116,19,2,48,52,368,2010,2011
"73","DeJuan Blair","PF",21,"SAS",81,65,1734,292,583,0.501,0,2,0,292,581,0.503,0.501,90,137,0.657,215,350,565,77,95,42,113,213,674,2010,2011
"74","Steve Blake","PG",30,"LAL",79,0,1581,110,306,0.359,73,193,0.378,37,113,0.327,0.479,26,30,0.867,19,137,156,170,40,3,73,99,319,2010,2011
"75","Andray Blatche","PF",24,"WAS",64,63,2172,426,957,0.445,4,18,0.222,422,939,0.449,0.447,220,283,0.777,183,343,526,144,98,51,172,182,1076,2010,2011
"76","Eric Bledsoe","PG",21,"LAC",81,25,1841,206,486,0.424,32,116,0.276,174,370,0.47,0.457,99,133,0.744,68,155,223,289,92,26,194,130,543,2010,2011
"77","Keith Bogans","SG",30,"CHI",82,82,1461,124,307,0.404,90,237,0.38,34,70,0.486,0.55,21,32,0.656,19,129,148,101,38,9,41,113,359,2010,2011
"78","Andrew Bogut","C",26,"MIL",65,65,2297,367,742,0.495,0,4,0,367,738,0.497,0.495,96,217,0.442,199,521,720,131,47,168,125,217,830,2010,2011
"79","Matt Bonner","PF",30,"SAS",66,1,1432,172,371,0.464,105,230,0.457,67,141,0.475,0.605,32,43,0.744,60,179,239,60,26,21,27,110,481,2010,2011
"80","Trevor Booker","PF",23,"WAS",65,14,1063,139,253,0.549,0,1,0,139,252,0.552,0.549,68,101,0.673,98,153,251,35,29,42,38,115,346,2010,2011
"81","Carlos Boozer","C",29,"CHI",59,59,1882,431,845,0.51,0,0,NA,431,845,0.51,0.51,171,244,0.701,130,435,565,145,45,18,149,186,1033,2010,2011
"82","Chris Bosh","PF",26,"MIA",77,77,2795,524,1056,0.496,6,25,0.24,518,1031,0.502,0.499,384,471,0.815,141,500,641,144,59,49,138,172,1438,2010,2011
"83","Earl Boykins","PG",34,"MIL",57,0,862,156,352,0.443,27,71,0.38,129,281,0.459,0.482,69,82,0.841,15,40,55,141,38,3,52,43,408,2010,2011
"84","Craig Brackins","PF",23,"PHI",3,0,33,4,16,0.25,0,5,0,4,11,0.364,0.25,0,0,NA,2,2,4,1,1,0,0,3,8,2010,2011
"85","Avery Bradley","PG",20,"BOS",31,0,162,23,67,0.343,0,5,0,23,62,0.371,0.343,6,12,0.5,4,13,17,12,9,0,16,20,52,2010,2011
"86","Elton Brand","PF",31,"PHI",81,81,2809,502,981,0.512,0,1,0,502,980,0.512,0.512,213,273,0.78,237,439,676,120,92,106,101,244,1217,2010,2011
"87","Corey Brewer","SF-SG",24,"TOT",69,24,1510,193,488,0.395,30,112,0.268,163,376,0.434,0.426,136,192,0.708,57,118,175,89,100,16,87,159,552,2010,2011
"88","Corey Brewer","SF",24,"MIN",56,22,1362,168,437,0.384,26,99,0.263,142,338,0.42,0.414,121,171,0.708,45,107,152,77,89,14,77,134,483,2010,2011
"89","Corey Brewer","SG",24,"DAL",13,2,148,25,51,0.49,4,13,0.308,21,38,0.553,0.529,15,21,0.714,12,11,23,12,11,2,10,25,69,2010,2011
"90","Ronnie Brewer","SG",25,"CHI",81,1,1781,205,427,0.48,6,27,0.222,199,400,0.498,0.487,87,133,0.654,55,207,262,140,106,22,55,82,503,2010,2011
"91","Jon Brockman","C",23,"MIL",63,6,677,48,94,0.511,0,0,NA,48,94,0.511,0.511,40,59,0.678,74,110,184,18,14,3,24,119,136,2010,2011
"92","Aaron Brooks","PG",26,"TOT",59,12,1284,220,587,0.375,70,236,0.297,150,351,0.427,0.434,124,140,0.886,20,58,78,233,34,3,99,115,634,2010,2011
"93","Aaron Brooks","PG",26,"HOU",34,7,811,134,387,0.346,48,169,0.284,86,218,0.394,0.408,78,83,0.94,11,40,51,129,21,2,55,69,394,2010,2011
"94","Aaron Brooks","PG",26,"PHO",25,5,473,86,200,0.43,22,67,0.328,64,133,0.481,0.485,46,57,0.807,9,18,27,104,13,1,44,46,240,2010,2011
"95","Derrick Brown","SF",23,"TOT",49,1,576,74,131,0.565,5,10,0.5,69,121,0.57,0.584,32,60,0.533,41,58,99,33,20,10,35,59,185,2010,2011
"96","Derrick Brown","SF",23,"CHA",41,1,488,62,113,0.549,2,6,0.333,60,107,0.561,0.558,25,47,0.532,32,52,84,29,16,8,28,48,151,2010,2011
"97","Derrick Brown","SF",23,"NYK",8,0,88,12,18,0.667,3,4,0.75,9,14,0.643,0.75,7,13,0.538,9,6,15,4,4,2,7,11,34,2010,2011
"98","Kwame Brown","C",28,"CHA",66,50,1714,194,375,0.517,0,0,NA,194,375,0.517,0.517,136,231,0.589,147,303,450,43,26,39,69,174,524,2010,2011
"99","Shannon Brown","SG",25,"LAL",82,0,1568,273,643,0.425,74,212,0.349,199,431,0.462,0.482,92,101,0.911,35,122,157,96,67,16,75,124,712,2010,2011
"100","Kobe Bryant","SG",32,"LAL",82,82,2779,740,1639,0.451,115,356,0.323,625,1283,0.487,0.487,483,583,0.828,83,336,419,388,99,12,243,172,2078,2010,2011
"101","Chase Budinger","SF",22,"HOU",78,22,1738,279,656,0.425,89,274,0.325,190,382,0.497,0.493,118,138,0.855,52,229,281,127,41,18,67,114,765,2010,2011
"102","Caron Butler","SF",30,"DAL",29,29,867,170,378,0.45,28,65,0.431,142,313,0.454,0.487,68,88,0.773,22,96,118,46,28,8,49,59,436,2010,2011
"103","Rasual Butler","SG",31,"TOT",47,2,770,79,237,0.333,46,136,0.338,33,101,0.327,0.43,18,27,0.667,10,67,77,27,8,15,24,37,222,2010,2011
"104","Rasual Butler","SG",31,"LAC",41,2,744,73,226,0.323,42,129,0.326,31,97,0.32,0.416,18,27,0.667,10,66,76,27,8,15,22,34,206,2010,2011
"105","Rasual Butler","SG",31,"CHI",6,0,26,6,11,0.545,4,7,0.571,2,4,0.5,0.727,0,0,NA,0,1,1,0,0,0,2,3,16,2010,2011
"106","Andrew Bynum","C",23,"LAL",54,47,1500,237,413,0.574,0,0,NA,237,413,0.574,0.574,138,209,0.66,170,338,508,73,19,106,74,140,612,2010,2011
"107","Will Bynum","PG",28,"DET",61,5,1125,182,406,0.448,16,50,0.32,166,356,0.466,0.468,102,122,0.836,15,59,74,195,52,4,83,113,482,2010,2011
"108","Jose Calderon","PG",29,"TOR",68,55,2102,262,596,0.44,57,156,0.365,205,440,0.466,0.487,88,103,0.854,30,172,202,605,81,7,148,143,669,2010,2011
"109","Marcus Camby","C",36,"POR",59,51,1540,117,294,0.398,0,1,0,117,293,0.399,0.398,43,70,0.614,182,424,606,121,40,92,62,140,277,2010,2011
"110","Derrick Caracter","C",22,"LAL",41,0,215,32,66,0.485,0,0,NA,32,66,0.485,0.485,17,23,0.739,19,24,43,7,4,10,19,47,81,2010,2011
"111","Brian Cardinal","SF",33,"DAL",56,4,618,43,100,0.43,42,87,0.483,1,13,0.077,0.64,17,18,0.944,10,49,59,40,24,7,17,82,145,2010,2011
"112","Rodney Carney","SF",26,"TOT",27,1,336,46,110,0.418,17,38,0.447,29,72,0.403,0.495,18,27,0.667,13,35,48,11,12,5,16,33,127,2010,2011
"113","Rodney Carney","SF",26,"GSW",25,1,331,45,107,0.421,17,37,0.459,28,70,0.4,0.5,18,27,0.667,12,35,47,11,11,5,16,33,125,2010,2011
"114","Rodney Carney","SF",26,"MEM",2,0,5,1,3,0.333,0,1,0,1,2,0.5,0.333,0,0,NA,1,0,1,0,1,0,0,0,2,2010,2011
"115","DeMarre Carroll","PF",24,"TOT",12,0,50,4,12,0.333,0,0,NA,4,12,0.333,0.333,2,2,1,2,6,8,4,1,1,0,5,10,2010,2011
"116","DeMarre Carroll","PF",24,"MEM",7,0,39,4,9,0.444,0,0,NA,4,9,0.444,0.444,2,2,1,2,6,8,2,1,1,0,5,10,2010,2011
"117","DeMarre Carroll","PF",24,"HOU",5,0,11,0,3,0,0,0,NA,0,3,0,0,0,0,NA,0,0,0,2,0,0,0,0,0,2010,2011
"118","Matt Carroll","SG",30,"CHA",54,1,582,89,199,0.447,17,46,0.37,72,153,0.471,0.49,40,52,0.769,12,56,68,23,17,6,23,43,235,2010,2011
"119","Anthony Carter","PG",35,"TOT",33,0,463,45,106,0.425,12,40,0.3,33,66,0.5,0.481,8,8,1,7,44,51,69,27,6,39,49,110,2010,2011
"120","Anthony Carter","PG",35,"DEN",14,0,153,10,30,0.333,4,12,0.333,6,18,0.333,0.4,2,2,1,0,12,12,26,9,1,14,19,26,2010,2011
"121","Anthony Carter","PG",35,"NYK",19,0,310,35,76,0.461,8,28,0.286,27,48,0.563,0.513,6,6,1,7,32,39,43,18,5,25,30,84,2010,2011
"122","Vince Carter","SG",34,"TOT",73,63,2051,389,891,0.437,116,321,0.361,273,570,0.479,0.502,128,173,0.74,54,221,275,146,67,20,90,193,1022,2010,2011
"123","Vince Carter","SG",34,"ORL",22,22,664,125,266,0.47,27,78,0.346,98,188,0.521,0.521,56,75,0.747,11,79,90,64,20,3,36,70,333,2010,2011
"124","Vince Carter","SG",34,"PHO",51,41,1387,264,625,0.422,89,243,0.366,175,382,0.458,0.494,72,98,0.735,43,142,185,82,47,17,54,123,689,2010,2011
"125","Omri Casspi","SF",22,"SAC",71,27,1702,225,546,0.412,92,247,0.372,133,299,0.445,0.496,68,101,0.673,74,233,307,74,54,13,68,115,610,2010,2011
"126","Mario Chalmers","PG",24,"MIA",70,28,1579,155,388,0.399,83,231,0.359,72,157,0.459,0.506,54,62,0.871,12,134,146,177,76,7,91,158,447,2010,2011
"127","Tyson Chandler","C",28,"DAL",74,74,2059,266,407,0.654,0,0,NA,266,407,0.654,0.654,216,295,0.732,206,486,692,32,36,80,88,240,748,2010,2011
"128","Wilson Chandler","SF",23,"TOT",72,49,2401,429,953,0.45,112,320,0.35,317,633,0.501,0.509,130,161,0.807,75,333,408,120,48,94,104,199,1100,2010,2011
"129","Wilson Chandler","SF",23,"NYK",51,30,1759,328,712,0.461,86,245,0.351,242,467,0.518,0.521,96,119,0.807,62,241,303,86,34,70,67,152,838,2010,2011
"130","Wilson Chandler","SF",23,"DEN",21,19,642,101,241,0.419,26,75,0.347,75,166,0.452,0.473,34,42,0.81,13,92,105,34,14,24,37,47,262,2010,2011
"131","Josh Childress","SG",27,"PHO",54,3,894,121,214,0.565,1,16,0.063,120,198,0.606,0.568,29,59,0.492,69,86,155,42,33,23,44,68,272,2010,2011
"132","Earl Clark","SF",23,"TOT",42,0,464,68,158,0.43,0,5,0,68,153,0.444,0.43,27,47,0.574,37,64,101,9,8,18,28,45,163,2010,2011
"133","Earl Clark","SF",23,"PHO",9,0,72,12,31,0.387,0,0,NA,12,31,0.387,0.387,5,10,0.5,4,13,17,4,1,3,2,6,29,2010,2011
"134","Earl Clark","SF",23,"ORL",33,0,392,56,127,0.441,0,5,0,56,122,0.459,0.441,22,37,0.595,33,51,84,5,7,15,26,39,134,2010,2011
"135","Jarron Collins","C",32,"TOT",28,0,181,6,21,0.286,0,0,NA,6,21,0.286,0.286,7,10,0.7,14,10,24,2,4,1,7,29,19,2010,2011
"136","Jarron Collins","C",32,"LAC",23,0,157,5,15,0.333,0,0,NA,5,15,0.333,0.333,7,10,0.7,7,10,17,1,4,1,5,24,17,2010,2011
"137","Jarron Collins","C",32,"POR",5,0,24,1,6,0.167,0,0,NA,1,6,0.167,0.167,0,0,NA,7,0,7,1,0,0,2,5,2,2010,2011
"138","Jason Collins","C",32,"ATL",49,28,593,34,71,0.479,1,1,1,33,70,0.471,0.486,27,41,0.659,30,72,102,22,9,9,26,97,96,2010,2011
"139","Sherron Collins","PG",23,"CHA",20,0,66,7,25,0.28,2,10,0.2,5,15,0.333,0.32,1,1,1,0,5,5,8,2,0,4,2,17,2010,2011
"140","Darren Collison","PG",23,"IND",79,79,2360,398,870,0.457,41,124,0.331,357,746,0.479,0.481,202,232,0.871,40,185,225,403,87,14,194,109,1039,2010,2011
"141","Nick Collison","C",30,"OKC",71,2,1524,137,242,0.566,0,0,NA,137,242,0.566,0.566,55,73,0.753,119,197,316,69,42,31,55,210,329,2010,2011
"142","Mike Conley","PG",23,"MEM",81,81,2872,423,953,0.444,80,217,0.369,343,736,0.466,0.486,181,247,0.733,32,215,247,528,144,18,176,182,1107,2010,2011
"143","Brian Cook","PF",30,"LAC",40,0,447,72,170,0.424,34,79,0.43,38,91,0.418,0.524,15,24,0.625,19,77,96,15,12,11,25,75,193,2010,2011
"144","Daequan Cook","SG",23,"OKC",43,0,598,79,181,0.436,65,154,0.422,14,27,0.519,0.616,16,20,0.8,8,64,72,20,14,1,17,51,239,2010,2011
"145","Marcus Cousin","C",24,"UTA",4,0,18,2,3,0.667,0,0,NA,2,3,0.667,0.667,0,0,NA,0,3,3,0,0,1,1,1,4,2010,2011
"146","DeMarcus Cousins","C",20,"SAC",81,62,2309,432,1004,0.43,3,18,0.167,429,986,0.435,0.432,276,402,0.687,217,482,699,204,85,68,268,332,1143,2010,2011
"147","Jamal Crawford","SG",30,"ATL",76,0,2297,368,874,0.421,119,349,0.341,249,525,0.474,0.489,222,260,0.854,22,108,130,241,57,14,145,97,1077,2010,2011
"148","Jordan Crawford","SG",22,"TOT",42,18,1027,192,500,0.384,33,128,0.258,159,372,0.427,0.417,73,84,0.869,31,74,105,117,39,3,83,63,490,2010,2011
"149","Jordan Crawford","SG",22,"ATL",16,0,160,27,77,0.351,9,27,0.333,18,50,0.36,0.409,4,6,0.667,9,19,28,15,3,0,15,13,67,2010,2011
"150","Jordan Crawford","SG",22,"WAS",26,18,867,165,423,0.39,24,101,0.238,141,322,0.438,0.418,69,78,0.885,22,55,77,102,36,3,68,50,423,2010,2011
"151","Dante Cunningham","PF",23,"TOT",78,18,1637,218,472,0.462,1,13,0.077,217,459,0.473,0.463,45,62,0.726,96,181,277,43,54,43,51,177,482,2010,2011
"152","Dante Cunningham","PF",23,"POR",56,9,1108,126,291,0.433,0,4,0,126,287,0.439,0.433,32,45,0.711,73,116,189,30,39,32,33,139,284,2010,2011
"153","Dante Cunningham","PF",23,"CHA",22,9,529,92,181,0.508,1,9,0.111,91,172,0.529,0.511,13,17,0.765,23,65,88,13,15,11,18,38,198,2010,2011
"154","Stephen Curry","PG",22,"GSW",74,74,2489,505,1053,0.48,151,342,0.442,354,711,0.498,0.551,212,227,0.934,52,234,286,432,109,20,226,233,1373,2010,2011
"155","Samuel Dalembert","C",29,"SAC",80,46,1938,268,567,0.473,0,2,0,268,565,0.474,0.473,108,148,0.73,212,445,657,67,36,116,132,225,644,2010,2011
"156","Erick Dampier","C",35,"MIA",51,22,815,52,89,0.584,0,1,0,52,88,0.591,0.584,24,44,0.545,53,124,177,22,14,47,32,82,128,2010,2011
"157","Antonio Daniels","PG",35,"PHI",4,0,35,2,5,0.4,0,2,0,2,3,0.667,0.4,2,2,1,0,5,5,2,0,0,1,0,6,2010,2011
"158","Marquis Daniels","SF",30,"BOS",49,0,938,114,232,0.491,4,21,0.19,110,211,0.521,0.5,39,57,0.684,24,89,113,64,39,22,38,63,271,2010,2011
"159","Baron Davis","PG",31,"TOT",58,44,1649,289,693,0.417,81,239,0.339,208,454,0.458,0.475,101,131,0.771,35,121,156,391,78,28,146,143,760,2010,2011
"160","Baron Davis","PG",31,"LAC",43,35,1269,214,515,0.416,45,152,0.296,169,363,0.466,0.459,79,104,0.76,29,91,120,299,62,22,107,114,552,2010,2011
"161","Baron Davis","PG",31,"CLE",15,9,380,75,178,0.421,36,87,0.414,39,91,0.429,0.522,22,27,0.815,6,30,36,92,16,6,39,29,208,2010,2011
"162","Ed Davis","PF",21,"TOR",65,17,1602,215,373,0.576,0,0,NA,215,373,0.576,0.576,71,128,0.555,168,294,462,40,39,67,48,183,501,2010,2011
"163","Glen Davis","C",25,"BOS",78,13,2298,359,801,0.448,2,15,0.133,357,786,0.454,0.449,195,265,0.736,101,324,425,92,78,30,85,231,915,2010,2011
"164","Austin Daye","SF",22,"DET",72,16,1446,193,471,0.41,69,172,0.401,124,299,0.415,0.483,82,108,0.759,64,210,274,78,39,39,59,165,537,2010,2011
"165","Carlos Delfino","SF",28,"MIL",49,40,1590,200,513,0.39,105,284,0.37,95,229,0.415,0.492,60,75,0.8,24,176,200,112,76,8,57,72,565,2010,2011
"166","Luol Deng","SF",25,"CHI",82,82,3208,531,1155,0.46,115,333,0.345,416,822,0.506,0.51,253,336,0.753,116,360,476,230,78,48,156,162,1430,2010,2011
"167","DeMar DeRozan","SG",21,"TOR",82,82,2851,539,1154,0.467,5,52,0.096,534,1102,0.485,0.469,327,402,0.813,75,240,315,148,85,31,144,217,1410,2010,2011
"168","Boris Diaw","PF",28,"CHA",82,82,2778,381,774,0.492,78,226,0.345,303,548,0.553,0.543,84,123,0.683,105,309,414,337,74,46,166,190,924,2010,2011
"169","Ike Diogu","PF",27,"LAC",36,0,470,83,148,0.561,0,0,NA,83,148,0.561,0.561,41,62,0.661,41,74,115,2,3,3,22,72,207,2010,2011
"170","DeSagana Diop","C",29,"CHA",16,0,181,8,24,0.333,0,0,NA,8,24,0.333,0.333,4,11,0.364,12,28,40,7,4,15,11,26,20,2010,2011
"171","Keyon Dooling","PG",30,"MIL",80,22,1757,206,519,0.397,81,234,0.346,125,285,0.439,0.475,78,94,0.83,12,105,117,243,54,4,91,119,571,2010,2011
"172","Joey Dorsey","C",27,"TOR",43,9,522,52,99,0.525,0,0,NA,52,99,0.525,0.525,31,65,0.477,79,111,190,27,24,17,39,78,135,2010,2011
"173","Toney Douglas","SG",24,"NYK",81,9,1971,314,755,0.416,143,383,0.373,171,372,0.46,0.511,85,107,0.794,65,179,244,244,89,4,89,177,856,2010,2011
"174","Chris Douglas-Roberts","SF",24,"MIL",44,12,884,117,273,0.429,15,46,0.326,102,227,0.449,0.456,74,89,0.831,7,81,88,50,29,13,35,73,323,2010,2011
"175","Zabian Dowdell","PG",26,"PHO",24,0,292,51,125,0.408,3,10,0.3,48,115,0.417,0.42,16,17,0.941,5,15,20,51,20,2,29,30,121,2010,2011
"176","Goran Dragic","PG",24,"TOT",70,5,1234,192,441,0.435,56,155,0.361,136,286,0.476,0.499,83,133,0.624,36,106,142,204,50,10,117,125,523,2010,2011
"177","Goran Dragic","PG",24,"PHO",48,2,856,133,316,0.421,28,101,0.277,105,215,0.488,0.465,59,97,0.608,24,62,86,149,36,6,96,90,353,2010,2011
"178","Goran Dragic","PG",24,"HOU",22,3,378,59,125,0.472,28,54,0.519,31,71,0.437,0.584,24,36,0.667,12,44,56,55,14,4,21,35,170,2010,2011
"179","Jared Dudley","SF",25,"PHO",82,15,2140,300,629,0.477,105,253,0.415,195,376,0.519,0.56,162,218,0.743,111,207,318,108,87,20,77,139,867,2010,2011
"180","Chris Duhon","PG",28,"ORL",51,5,774,49,129,0.38,13,52,0.25,36,77,0.468,0.43,14,25,0.56,9,43,52,118,16,2,61,30,125,2010,2011
"181","Tim Duncan","C",34,"SAS",76,76,2156,419,838,0.5,0,4,0,419,834,0.502,0.5,184,257,0.716,169,509,678,203,50,146,122,119,1022,2010,2011
"182","Mike Dunleavy","SG",30,"IND",61,44,1683,240,520,0.462,102,254,0.402,138,266,0.519,0.56,100,125,0.8,28,248,276,105,40,30,69,107,682,2010,2011
"183","Ronald Dupree","SF",30,"TOR",3,0,13,1,4,0.25,0,1,0,1,3,0.333,0.25,0,0,NA,0,3,3,1,0,0,0,2,2,2010,2011
"184","Kevin Durant","SF",22,"OKC",78,78,3038,711,1538,0.462,145,414,0.35,566,1124,0.504,0.509,594,675,0.88,57,476,533,214,88,76,218,159,2161,2010,2011
"185","Devin Ebanks","SG",21,"LAL",20,0,118,21,51,0.412,2,5,0.4,19,46,0.413,0.431,18,23,0.783,15,12,27,2,4,5,6,7,62,2010,2011
"186","Wayne Ellington","SG",23,"MIN",62,8,1181,160,397,0.403,48,121,0.397,112,276,0.406,0.463,42,53,0.792,26,82,108,72,28,3,53,85,410,2010,2011
"187","Monta Ellis","SG",25,"GSW",80,80,3227,726,1611,0.451,137,379,0.361,589,1232,0.478,0.493,340,431,0.789,44,237,281,450,168,23,252,203,1929,2010,2011
"188","Francisco Elson","C",34,"UTA",62,1,610,54,113,0.478,0,0,NA,54,113,0.478,0.478,26,31,0.839,35,80,115,33,21,14,32,84,134,2010,2011
"189","Melvin Ely","C",32,"DEN",30,2,366,28,51,0.549,0,0,NA,28,51,0.549,0.549,13,21,0.619,27,47,74,14,4,11,14,50,69,2010,2011
"190","Semih Erden","C",24,"TOT",41,8,595,62,111,0.559,0,0,NA,62,111,0.559,0.559,39,60,0.65,37,81,118,20,15,24,34,104,163,2010,2011
"191","Semih Erden","C",24,"BOS",37,7,531,58,97,0.598,0,0,NA,58,97,0.598,0.598,34,54,0.63,31,76,107,19,13,21,32,92,150,2010,2011
"192","Semih Erden","C",24,"CLE",4,1,64,4,14,0.286,0,0,NA,4,14,0.286,0.286,5,6,0.833,6,5,11,1,2,3,2,12,13,2010,2011
"193","Jeremy Evans","SF",23,"UTA",49,3,463,76,115,0.661,0,1,0,76,114,0.667,0.661,26,37,0.703,36,61,97,24,17,17,19,50,178,2010,2011
"194","Maurice Evans","SF",32,"TOT",73,24,1549,177,424,0.417,55,167,0.329,122,257,0.475,0.482,52,58,0.897,52,104,156,45,34,14,33,129,461,2010,2011
"195","Maurice Evans","SF",32,"ATL",47,12,837,79,201,0.393,28,89,0.315,51,112,0.455,0.463,24,28,0.857,23,61,84,30,16,5,15,74,210,2010,2011
"196","Maurice Evans","SF",32,"WAS",26,12,712,98,223,0.439,27,78,0.346,71,145,0.49,0.5,28,30,0.933,29,43,72,15,18,9,18,55,251,2010,2011
"197","Reggie Evans","PF",30,"TOR",30,18,798,42,103,0.408,0,1,0,42,102,0.412,0.408,48,88,0.545,119,226,345,38,29,6,39,89,132,2010,2011
"198","Tyreke Evans","SG",21,"SAC",57,53,2107,382,933,0.409,43,148,0.291,339,785,0.432,0.432,205,266,0.771,46,229,275,319,85,30,184,143,1012,2010,2011
"199","Patrick Ewing","SF",26,"NOH",7,0,19,0,5,0,0,2,0,0,3,0,0,3,4,0.75,1,1,2,2,0,1,1,1,3,2010,2011
"200","Christian Eyenga","SF",21,"CLE",44,18,947,130,306,0.425,25,91,0.275,105,215,0.488,0.466,18,28,0.643,27,96,123,35,34,28,47,78,303,2010,2011
"201","Jordan Farmar","PG",24,"NJN",73,18,1796,255,651,0.392,109,304,0.359,146,347,0.421,0.475,82,100,0.82,24,149,173,368,62,6,139,128,701,2010,2011
"202","Derrick Favors","PF",19,"TOT",78,27,1535,215,416,0.517,0,0,NA,215,416,0.517,0.517,103,173,0.595,171,241,412,39,29,68,77,246,533,2010,2011
"203","Derrick Favors","PF",19,"NJN",56,23,1091,141,276,0.511,0,0,NA,141,276,0.511,0.511,71,116,0.612,126,171,297,21,18,41,56,183,353,2010,2011
"204","Derrick Favors","PF",19,"UTA",22,4,444,74,140,0.529,0,0,NA,74,140,0.529,0.529,32,57,0.561,45,70,115,18,11,27,21,63,180,2010,2011
"205","Raymond Felton","PG-SG",26,"TOT",75,54,2737,427,1005,0.425,116,329,0.353,311,676,0.46,0.483,194,241,0.805,48,221,269,625,125,11,221,150,1164,2010,2011
"206","Raymond Felton","PG",26,"NYK",54,54,2074,339,801,0.423,88,268,0.328,251,533,0.471,0.478,157,181,0.867,40,154,194,488,97,11,176,113,923,2010,2011
"207","Raymond Felton","SG",26,"DEN",21,0,663,88,204,0.431,28,61,0.459,60,143,0.42,0.5,37,60,0.617,8,67,75,137,28,0,45,37,241,2010,2011
"208","Rudy Fernandez","SG",25,"POR",78,3,1821,213,575,0.37,116,361,0.321,97,214,0.453,0.471,126,146,0.863,37,135,172,193,87,14,88,134,668,2010,2011
"209","Kyrylo Fesenko","C",24,"UTA",53,1,456,44,100,0.44,0,1,0,44,99,0.444,0.44,18,46,0.391,34,74,108,18,4,16,25,90,106,2010,2011
"210","Landry Fields","SG",22,"NYK",82,81,2541,299,602,0.497,86,219,0.393,213,383,0.556,0.568,113,147,0.769,105,416,521,155,80,17,107,114,797,2010,2011
"211","Derek Fisher","PG",36,"LAL",82,82,2297,206,529,0.389,63,159,0.396,143,370,0.386,0.449,83,103,0.806,14,138,152,224,99,8,70,192,558,2010,2011
"212","Jonny Flynn","PG",21,"MIN",53,8,983,108,296,0.365,31,100,0.31,77,196,0.393,0.417,32,42,0.762,12,65,77,182,34,3,113,58,279,2010,2011
"213","Gary Forbes","SF",25,"DEN",63,11,791,124,273,0.454,19,58,0.328,105,215,0.488,0.489,59,87,0.678,28,88,116,49,23,6,46,77,326,2010,2011
"214","T.J. Ford","PG",27,"IND",41,3,773,91,236,0.386,6,32,0.188,85,204,0.417,0.398,35,48,0.729,17,64,81,141,35,8,63,69,223,2010,2011
"215","Jeff Foster","C",34,"IND",56,3,940,80,167,0.479,0,3,0,80,164,0.488,0.479,27,48,0.563,160,190,350,46,24,31,26,127,187,2010,2011
"216","Randy Foye","SG",27,"LAC",63,24,1551,206,531,0.388,71,217,0.327,135,314,0.43,0.455,133,149,0.893,13,90,103,170,47,21,95,122,616,2010,2011
"217","Channing Frye","PF",27,"PHO",77,64,2541,358,829,0.432,171,439,0.39,187,390,0.479,0.535,89,107,0.832,65,448,513,96,46,79,73,272,976,2010,2011
"218","Dan Gadzuric","C-PF",32,"TOT",42,9,463,54,129,0.419,0,1,0,54,128,0.422,0.419,10,27,0.37,71,64,135,14,13,29,29,91,118,2010,2011
"219","Dan Gadzuric","C",32,"GSW",28,4,297,37,88,0.42,0,1,0,37,87,0.425,0.42,5,14,0.357,53,33,86,11,10,18,21,63,79,2010,2011
"220","Dan Gadzuric","PF",32,"NJN",14,5,166,17,41,0.415,0,0,NA,17,41,0.415,0.415,5,13,0.385,18,31,49,3,3,11,8,28,39,2010,2011
"221","Sundiata Gaines","PG",24,"TOT",24,0,301,42,105,0.4,9,38,0.237,33,67,0.493,0.443,18,36,0.5,13,25,38,42,16,1,27,25,111,2010,2011
"222","Sundiata Gaines","PG",24,"MIN",8,0,65,7,22,0.318,2,6,0.333,5,16,0.313,0.364,5,10,0.5,1,5,6,6,3,0,6,4,21,2010,2011
"223","Sundiata Gaines","PG",24,"TOR",6,0,90,15,35,0.429,3,15,0.2,12,20,0.6,0.471,2,6,0.333,2,6,8,11,4,1,8,10,35,2010,2011
"224","Sundiata Gaines","PG",24,"NJN",10,0,146,20,48,0.417,4,17,0.235,16,31,0.516,0.458,11,20,0.55,10,14,24,25,9,0,13,11,55,2010,2011
"225","Danilo Gallinari","PF-SF",22,"TOT",62,60,2104,265,640,0.414,103,293,0.352,162,347,0.467,0.495,337,391,0.862,59,246,305,104,51,27,83,144,970,2010,2011
"226","Danilo Gallinari","PF",22,"NYK",48,48,1671,211,509,0.415,83,239,0.347,128,270,0.474,0.496,259,290,0.893,48,181,229,82,38,18,58,117,764,2010,2011
"227","Danilo Gallinari","SF",22,"DEN",14,12,433,54,131,0.412,20,54,0.37,34,77,0.442,0.489,78,101,0.772,11,65,76,22,13,9,25,27,206,2010,2011
"228","Francisco Garcia","SF",29,"SAC",58,34,1386,207,475,0.436,81,224,0.362,126,251,0.502,0.521,65,76,0.855,24,109,133,71,51,49,45,126,560,2010,2011
"229","Kevin Garnett","PF",34,"BOS",71,71,2220,434,822,0.528,1,5,0.2,433,817,0.53,0.529,187,217,0.862,83,548,631,171,95,57,115,148,1056,2010,2011
"230","Marc Gasol","C",26,"MEM",81,81,2586,364,691,0.527,3,7,0.429,361,684,0.528,0.529,220,294,0.748,154,415,569,200,74,136,146,265,951,2010,2011
"231","Pau Gasol","C",30,"LAL",82,82,3037,593,1120,0.529,1,3,0.333,592,1117,0.53,0.53,354,430,0.823,268,568,836,273,48,130,142,203,1541,2010,2011
"232","Rudy Gay","SF",24,"MEM",54,54,2152,409,869,0.471,57,144,0.396,352,725,0.486,0.503,194,241,0.805,82,254,336,153,91,58,135,131,1069,2010,2011
"233","Alonzo Gee","SG",23,"TOT",56,34,1118,121,264,0.458,17,51,0.333,104,213,0.488,0.491,72,92,0.783,62,120,182,38,40,18,55,94,331,2010,2011
"234","Alonzo Gee","SG",23,"SAS",5,0,18,1,3,0.333,0,0,NA,1,3,0.333,0.333,0,0,NA,2,1,3,0,0,2,3,3,2,2010,2011
"235","Alonzo Gee","SG",23,"WAS",11,5,127,12,27,0.444,0,2,0,12,25,0.48,0.444,8,12,0.667,11,11,22,5,7,0,8,10,32,2010,2011
"236","Alonzo Gee","SG",23,"CLE",40,29,973,108,234,0.462,17,49,0.347,91,185,0.492,0.498,64,80,0.8,49,108,157,33,33,16,44,81,297,2010,2011
"237","Paul George","SG",20,"IND",61,19,1265,179,395,0.453,41,138,0.297,138,257,0.537,0.505,77,101,0.762,37,187,224,65,62,26,70,127,476,2010,2011
"238","Daniel Gibson","SG",24,"CLE",67,15,1865,264,660,0.4,118,293,0.403,146,367,0.398,0.489,134,163,0.822,24,153,177,201,48,21,80,154,780,2010,2011
"239","Taj Gibson","PF",25,"CHI",80,19,1742,234,502,0.466,1,8,0.125,233,494,0.472,0.467,100,148,0.676,162,296,458,58,39,106,71,203,569,2010,2011
"240","Manu Ginobili","SG",33,"SAS",80,79,2426,441,1018,0.433,154,441,0.349,287,577,0.497,0.509,357,410,0.871,42,253,295,393,123,28,174,163,1393,2010,2011
"241","Ryan Gomes","SF",28,"LAC",76,62,2095,207,505,0.41,72,211,0.341,135,294,0.459,0.481,61,85,0.718,61,193,254,118,62,12,55,159,547,2010,2011
"242","Drew Gooden","PF",29,"MIL",35,18,860,156,362,0.431,3,20,0.15,153,342,0.447,0.435,81,102,0.794,73,165,238,47,21,18,46,98,396,2010,2011
"243","Ben Gordon","SG",27,"DET",82,27,2131,339,770,0.44,107,266,0.402,232,504,0.46,0.51,136,160,0.85,41,154,195,171,48,16,141,178,921,2010,2011
"244","Eric Gordon","SG",22,"LAC",56,56,2112,427,949,0.45,106,291,0.364,321,658,0.488,0.506,287,348,0.825,45,119,164,244,71,18,151,115,1247,2010,2011
"245","Marcin Gortat","C",26,"TOT",80,14,2032,338,603,0.561,1,4,0.25,337,599,0.563,0.561,140,193,0.725,148,483,631,70,36,91,81,188,817,2010,2011
"246","Marcin Gortat","C",26,"ORL",25,2,396,44,81,0.543,0,0,NA,44,81,0.543,0.543,12,18,0.667,38,80,118,17,7,21,17,52,100,2010,2011
"247","Marcin Gortat","C",26,"PHO",55,12,1636,294,522,0.563,1,4,0.25,293,518,0.566,0.564,128,175,0.731,110,403,513,53,29,70,64,136,717,2010,2011
"248","Joey Graham","SF",28,"CLE",39,8,586,82,179,0.458,9,30,0.3,73,149,0.49,0.483,29,36,0.806,8,76,84,18,6,7,28,73,202,2010,2011
"249","Stephen Graham","SG",28,"NJN",59,28,959,81,200,0.405,5,21,0.238,76,179,0.425,0.418,31,38,0.816,17,106,123,40,14,1,38,106,198,2010,2011
"250","Danny Granger","SF",27,"IND",79,79,2763,535,1260,0.425,157,407,0.386,378,853,0.443,0.487,395,466,0.848,87,338,425,203,89,62,206,213,1622,2010,2011
"251","Aaron Gray","C",26,"NOH",41,6,531,56,99,0.566,0,0,NA,56,99,0.566,0.566,17,34,0.5,59,112,171,16,11,12,32,96,129,2010,2011
"252","Danny Green","SG",23,"SAS",8,0,92,17,35,0.486,7,19,0.368,10,16,0.625,0.586,0,0,NA,3,12,15,2,2,1,5,7,41,2010,2011
"253","Jeff Green","PF-SF",24,"TOT",75,51,2427,368,820,0.449,64,211,0.303,304,609,0.499,0.488,198,244,0.811,73,287,360,108,53,37,99,210,998,2010,2011
"254","Jeff Green","PF",24,"OKC",49,49,1815,270,618,0.437,56,184,0.304,214,434,0.493,0.482,148,181,0.818,57,217,274,89,40,21,76,142,744,2010,2011
"255","Jeff Green","SF",24,"BOS",26,2,612,98,202,0.485,8,27,0.296,90,175,0.514,0.505,50,63,0.794,16,70,86,19,13,16,23,68,254,2010,2011
"256","Willie Green","SG",29,"NOH",77,13,1674,270,609,0.443,54,155,0.348,216,454,0.476,0.488,78,100,0.78,22,139,161,74,36,13,67,143,672,2010,2011
"257","Donte Greene","SF",22,"SAC",69,21,1127,156,386,0.404,45,154,0.292,111,232,0.478,0.462,43,65,0.662,49,98,147,48,36,20,60,88,400,2010,2011
"258","Orien Greene","SG",28,"NJN",3,0,5,1,2,0.5,0,0,NA,1,2,0.5,0.5,1,2,0.5,0,0,0,1,1,0,0,0,3,2010,2011
"259","Blake Griffin","PF",21,"LAC",82,82,3112,696,1376,0.506,7,24,0.292,689,1352,0.51,0.508,446,695,0.642,270,719,989,312,63,45,223,252,1845,2010,2011
"260","Hamed Haddadi","C",25,"MEM",31,0,168,30,58,0.517,0,1,0,30,57,0.526,0.517,15,23,0.652,24,44,68,5,2,13,11,29,75,2010,2011
"261","Richard Hamilton","SG",32,"DET",55,39,1498,288,671,0.429,55,144,0.382,233,527,0.442,0.47,146,172,0.849,24,102,126,171,39,4,88,95,777,2010,2011
"262","Tyler Hansbrough","PF",25,"IND",70,29,1535,285,613,0.465,0,2,0,285,611,0.466,0.465,197,253,0.779,145,221,366,41,37,15,76,160,767,2010,2011
"263","Luke Harangody","PF",23,"TOT",49,0,640,79,206,0.383,16,66,0.242,63,140,0.45,0.422,19,26,0.731,40,103,143,30,15,17,16,80,193,2010,2011
"264","Luke Harangody","PF",23,"BOS",28,0,241,28,71,0.394,2,10,0.2,26,61,0.426,0.408,5,8,0.625,17,38,55,10,4,7,5,36,63,2010,2011
"265","Luke Harangody","PF",23,"CLE",21,0,399,51,135,0.378,14,56,0.25,37,79,0.468,0.43,14,18,0.778,23,65,88,20,11,10,11,44,130,2010,2011
"266","James Harden","SG",21,"OKC",82,5,2189,298,684,0.436,113,324,0.349,185,360,0.514,0.518,289,343,0.843,42,213,255,176,92,24,106,207,998,2010,2011
"267","Al Harrington","PF",30,"DEN",73,3,1665,281,675,0.416,117,328,0.357,164,347,0.473,0.503,86,117,0.735,76,256,332,101,39,10,106,202,765,2010,2011
"268","Devin Harris","PG",27,"TOT",71,70,2254,343,813,0.422,58,180,0.322,285,633,0.45,0.458,335,402,0.833,17,152,169,503,70,7,207,163,1079,2010,2011
"269","Devin Harris","PG",27,"NJN",54,54,1724,260,612,0.425,33,110,0.3,227,502,0.452,0.452,258,307,0.84,11,118,129,411,57,5,158,130,811,2010,2011
"270","Devin Harris","PG",27,"UTA",17,16,530,83,201,0.413,25,70,0.357,58,131,0.443,0.475,77,95,0.811,6,34,40,92,13,2,49,33,268,2010,2011
"271","Manny Harris","SG",21,"CLE",54,15,933,108,289,0.374,34,92,0.37,74,197,0.376,0.433,71,93,0.763,36,104,140,85,31,7,63,65,321,2010,2011
"272","Mike Harris","PF",27,"HOU",4,0,16,3,6,0.5,0,0,NA,3,6,0.5,0.5,2,4,0.5,2,3,5,1,0,1,1,2,8,2010,2011
"273","Udonis Haslem","PF",30,"MIA",13,0,345,44,86,0.512,0,0,NA,44,86,0.512,0.512,16,20,0.8,29,77,106,6,7,3,14,39,104,2010,2011
"274","Spencer Hawes","C",22,"PHI",81,81,1718,264,568,0.465,9,37,0.243,255,531,0.48,0.473,47,88,0.534,129,336,465,121,29,71,97,201,584,2010,2011
"275","Chuck Hayes","C",27,"HOU",74,63,2079,244,463,0.527,0,2,0,244,461,0.529,0.527,94,142,0.662,219,380,599,202,79,49,86,200,582,2010,2011
"276","Gordon Hayward","SF",20,"UTA",72,17,1218,142,293,0.485,35,74,0.473,107,219,0.489,0.544,69,97,0.711,41,98,139,81,30,19,70,106,388,2010,2011
"277","Lazar Hayward","SF",24,"MIN",42,0,419,55,154,0.357,17,60,0.283,38,94,0.404,0.412,33,42,0.786,23,47,70,28,12,7,19,44,160,2010,2011
"278","Brendan Haywood","C",31,"DAL",72,8,1331,128,223,0.574,0,1,0,128,222,0.577,0.574,64,177,0.362,129,247,376,19,16,74,51,146,320,2010,2011
"279","Luther Head","PG",28,"SAC",36,14,586,68,164,0.415,25,64,0.391,43,100,0.43,0.491,39,50,0.78,16,44,60,70,10,9,32,43,200,2010,2011
"280","Gerald Henderson","SG",23,"CHA",68,30,1661,259,570,0.454,7,36,0.194,252,534,0.472,0.461,128,163,0.785,49,158,207,101,50,32,64,118,653,2010,2011
"281","Xavier Henry","SG",19,"MEM",38,16,527,65,160,0.406,2,17,0.118,63,143,0.441,0.413,33,52,0.635,9,28,37,18,11,3,13,48,165,2010,2011
"282","Roy Hibbert","C",24,"IND",81,80,2244,410,890,0.461,0,4,0,410,886,0.463,0.461,205,275,0.745,182,428,610,166,33,142,185,256,1025,2010,2011
"283","J.J. Hickson","C",22,"CLE",80,66,2256,429,936,0.458,0,5,0,429,931,0.461,0.458,247,367,0.673,217,478,695,91,48,54,173,215,1105,2010,2011
"284","Nene Hilario","C",28,"DEN",75,75,2291,402,654,0.615,1,5,0.2,401,649,0.618,0.615,286,402,0.711,145,426,571,149,84,73,134,238,1091,2010,2011
"285","George Hill","PG",24,"SAS",76,5,2148,287,633,0.453,77,204,0.377,210,429,0.49,0.514,233,270,0.863,24,175,199,193,66,21,99,153,884,2010,2011
"286","Grant Hill*","SF",38,"PHO",80,80,2409,399,825,0.484,45,114,0.395,354,711,0.498,0.511,213,257,0.829,77,261,338,200,64,35,134,184,1056,2010,2011
"287","Jordan Hill","C",23,"HOU",72,11,1125,173,352,0.491,0,2,0,173,350,0.494,0.491,60,85,0.706,128,178,306,29,14,52,62,157,406,2010,2011
"288","Kirk Hinrich","SG-PG",30,"TOT",72,51,2157,278,623,0.446,75,188,0.399,203,435,0.467,0.506,106,126,0.841,21,161,182,288,75,17,121,185,737,2010,2011
"289","Kirk Hinrich","SG",30,"WAS",48,29,1471,198,438,0.452,43,112,0.384,155,326,0.475,0.501,92,105,0.876,14,115,129,210,56,10,84,119,531,2010,2011
"290","Kirk Hinrich","PG",30,"ATL",24,22,686,80,185,0.432,32,76,0.421,48,109,0.44,0.519,14,21,0.667,7,46,53,78,19,7,37,66,206,2010,2011
"291","Jrue Holiday","PG",20,"PHI",82,82,2901,446,999,0.446,81,222,0.365,365,777,0.47,0.487,172,209,0.823,68,264,332,531,120,29,218,203,1145,2010,2011
"292","Ryan Hollins","C",26,"CLE",70,16,1182,131,219,0.598,0,0,NA,131,219,0.598,0.598,111,163,0.681,70,116,186,26,22,42,67,199,373,2010,2011
"293","Al Horford","C",24,"ATL",77,77,2704,513,921,0.557,2,4,0.5,511,917,0.557,0.558,150,188,0.798,182,536,718,266,59,80,119,193,1178,2010,2011
"294","Eddie House","SG",32,"MIA",56,1,978,128,321,0.399,68,175,0.389,60,146,0.411,0.505,38,40,0.95,9,83,92,62,32,3,29,68,362,2010,2011
"295","Dwight Howard","C",25,"ORL",78,78,2935,619,1044,0.593,0,7,0,619,1037,0.597,0.593,546,916,0.596,309,789,1098,107,107,186,279,258,1784,2010,2011
"296","Josh Howard","SF",30,"WAS",18,10,409,58,162,0.358,7,29,0.241,51,133,0.383,0.38,29,47,0.617,18,56,74,24,13,5,20,34,152,2010,2011
"297","Juwan Howard","PF",37,"MIA",57,0,592,55,125,0.44,0,0,NA,55,125,0.44,0.44,29,35,0.829,36,86,122,23,10,4,25,61,139,2010,2011
"298","Lester Hudson","PG",26,"WAS",11,0,73,6,24,0.25,4,15,0.267,2,9,0.222,0.333,2,4,0.5,1,4,5,17,4,1,7,10,18,2010,2011
"299","Kris Humphries","PF",25,"NJN",74,44,2061,307,583,0.527,0,1,0,307,582,0.527,0.527,127,191,0.665,225,546,771,84,33,80,103,168,741,2010,2011
"300","Serge Ibaka","PF",21,"OKC",82,44,2216,335,617,0.543,0,1,0,335,616,0.544,0.543,138,184,0.75,214,408,622,22,31,198,71,267,808,2010,2011
"301","Andre Iguodala","SF",27,"PHI",67,67,2469,338,759,0.445,61,181,0.337,277,578,0.479,0.486,208,300,0.693,61,326,387,422,101,38,138,109,945,2010,2011
"302","Zydrunas Ilgauskas","C",35,"MIA",72,51,1145,162,319,0.508,0,1,0,162,318,0.509,0.508,36,46,0.783,108,179,287,26,23,58,52,185,360,2010,2011
"303","Didier Ilunga-Mbenga","C",30,"NOH",41,0,330,23,49,0.469,0,0,NA,23,49,0.469,0.469,13,18,0.722,35,51,86,6,6,27,21,52,59,2010,2011
"304","Ersan Ilyasova","PF",23,"MIL",60,34,1505,221,507,0.436,36,121,0.298,185,386,0.479,0.471,93,104,0.894,105,260,365,56,51,24,63,159,571,2010,2011
"305","Royal Ivey","SG",29,"OKC",25,0,155,16,38,0.421,7,16,0.438,9,22,0.409,0.513,2,2,1,2,14,16,7,6,1,5,17,41,2010,2011
"306","Jarrett Jack","SG-PG",27,"TOT",83,15,1722,260,637,0.408,33,108,0.306,227,529,0.429,0.434,182,214,0.85,20,153,173,242,54,6,110,102,735,2010,2011
"307","Jarrett Jack","PG",27,"TOR",13,13,347,48,122,0.393,4,24,0.167,44,98,0.449,0.41,40,46,0.87,6,36,42,59,14,0,34,25,140,2010,2011
"308","Jarrett Jack","SG",27,"NOH",70,2,1375,212,515,0.412,29,84,0.345,183,431,0.425,0.44,142,168,0.845,14,117,131,183,40,6,76,77,595,2010,2011
"309","Darnell Jackson","PF",25,"SAC",59,2,486,77,158,0.487,3,11,0.273,74,147,0.503,0.497,30,49,0.612,49,45,94,14,12,3,23,61,187,2010,2011
"310","Stephen Jackson","SG",32,"CHA",67,67,2405,435,1059,0.411,121,359,0.337,314,700,0.449,0.468,249,305,0.816,53,251,304,241,80,28,209,161,1240,2010,2011
"311","Damion James","SF",23,"NJN",25,9,403,46,103,0.447,0,3,0,46,100,0.46,0.447,18,28,0.643,17,68,85,20,16,12,25,36,110,2010,2011
"312","LeBron James","SF",26,"MIA",79,79,3063,758,1485,0.51,92,279,0.33,666,1206,0.552,0.541,503,663,0.759,80,510,590,554,124,50,284,163,2111,2010,2011
"313","Antawn Jamison","PF",34,"CLE",56,38,1842,374,876,0.427,91,263,0.346,283,613,0.462,0.479,171,234,0.731,86,289,375,93,50,30,77,137,1010,2010,2011
"314","Othyus Jeffers","SG",25,"TOT",17,1,322,31,65,0.477,1,4,0.25,30,61,0.492,0.485,30,46,0.652,25,42,67,20,17,0,14,32,93,2010,2011
"315","Othyus Jeffers","SG",25,"SAS",1,0,8,1,3,0.333,0,0,NA,1,3,0.333,0.333,0,0,NA,0,2,2,1,0,0,1,1,2,2010,2011
"316","Othyus Jeffers","SG",25,"WAS",16,1,314,30,62,0.484,1,4,0.25,29,58,0.5,0.492,30,46,0.652,25,40,65,19,17,0,13,31,91,2010,2011
"317","Al Jefferson","C",26,"UTA",82,82,2940,654,1319,0.496,0,0,NA,654,1319,0.496,0.496,220,289,0.761,235,559,794,149,46,153,105,238,1528,2010,2011
"318","Richard Jefferson","SF",30,"SAS",81,81,2459,304,642,0.474,135,307,0.44,169,335,0.504,0.579,148,195,0.759,54,256,310,107,38,34,93,164,891,2010,2011
"319","Jared Jeffries","PF",29,"TOT",42,9,601,30,86,0.349,2,9,0.222,28,77,0.364,0.36,12,29,0.414,62,54,116,36,31,17,21,75,74,2010,2011
"320","Jared Jeffries","PF",29,"HOU",18,0,138,11,36,0.306,1,6,0.167,10,30,0.333,0.319,4,10,0.4,20,15,35,11,7,3,4,21,27,2010,2011
"321","Jared Jeffries","PF",29,"NYK",24,9,463,19,50,0.38,1,3,0.333,18,47,0.383,0.39,8,19,0.421,42,39,81,25,24,14,17,54,47,2010,2011
"322","Brandon Jennings","PG",21,"MIL",63,61,2169,361,926,0.39,98,303,0.323,263,623,0.422,0.443,199,246,0.809,42,192,234,305,95,21,146,131,1019,2010,2011
"323","Eugene Jeter","PG",27,"SAC",62,1,858,106,259,0.409,6,30,0.2,100,229,0.437,0.421,37,41,0.902,9,61,70,162,29,2,51,54,255,2010,2011
"324","Yi Jianlian","PF",23,"WAS",63,11,1112,145,347,0.418,3,13,0.231,142,334,0.425,0.422,62,91,0.681,79,169,248,25,27,32,51,115,355,2010,2011
"325","Amir Johnson","PF",23,"TOR",72,54,1853,281,495,0.568,0,1,0,281,494,0.569,0.568,126,160,0.788,189,272,461,81,53,88,69,263,688,2010,2011
"326","Armon Johnson","PG",21,"POR",38,0,277,46,101,0.455,5,12,0.417,41,89,0.461,0.48,13,22,0.591,11,25,36,45,5,1,38,31,110,2010,2011
"327","Chris Johnson","C",25,"TOT",14,1,138,9,21,0.429,0,0,NA,9,21,0.429,0.429,15,20,0.75,12,20,32,3,3,9,10,21,33,2010,2011
"328","Chris Johnson","C",25,"POR",10,1,106,7,18,0.389,0,0,NA,7,18,0.389,0.389,13,18,0.722,11,16,27,2,3,6,8,18,27,2010,2011
"329","Chris Johnson","C",25,"BOS",4,0,32,2,3,0.667,0,0,NA,2,3,0.667,0.667,2,2,1,1,4,5,1,0,3,2,3,6,2010,2011
"330","James Johnson","SF",23,"TOT",38,25,822,108,237,0.456,8,34,0.235,100,203,0.493,0.473,47,71,0.662,37,105,142,89,33,37,64,95,271,2010,2011
"331","James Johnson","SF",23,"CHI",13,0,123,17,41,0.415,2,9,0.222,15,32,0.469,0.439,6,13,0.462,6,18,24,14,8,9,18,25,42,2010,2011
"332","James Johnson","SF",23,"TOR",25,25,699,91,196,0.464,6,25,0.24,85,171,0.497,0.48,41,58,0.707,31,87,118,75,25,28,46,70,229,2010,2011
"333","Joe Johnson","SG",29,"ATL",72,72,2554,514,1161,0.443,89,300,0.297,425,861,0.494,0.481,195,243,0.802,59,232,291,338,47,7,146,131,1312,2010,2011
"334","Trey Johnson","SG",26,"TOT",8,0,94,12,33,0.364,1,3,0.333,11,30,0.367,0.379,9,10,0.9,2,5,7,11,1,1,5,12,34,2010,2011
"335","Trey Johnson","SG",26,"TOR",7,0,81,10,30,0.333,1,3,0.333,9,27,0.333,0.35,7,8,0.875,2,5,7,11,1,1,5,11,28,2010,2011
"336","Trey Johnson","SG",26,"LAL",1,0,13,2,3,0.667,0,0,NA,2,3,0.667,0.667,2,2,1,0,0,0,0,0,0,0,1,6,2010,2011
"337","Wesley Johnson","SG",23,"MIN",79,63,2069,271,682,0.397,103,289,0.356,168,393,0.427,0.473,64,92,0.696,51,189,240,148,58,54,95,163,709,2010,2011
"338","Dahntay Jones","SG",30,"IND",45,2,589,100,214,0.467,14,39,0.359,86,175,0.491,0.5,69,90,0.767,4,61,65,33,20,7,31,70,283,2010,2011
"339","Dominique Jones","SG",22,"DAL",18,0,135,14,45,0.311,0,4,0,14,41,0.341,0.311,14,17,0.824,6,19,25,19,5,3,10,7,42,2010,2011
"340","James Jones","SF",30,"MIA",81,8,1549,146,346,0.422,123,287,0.429,23,59,0.39,0.6,60,72,0.833,23,137,160,43,29,19,21,129,475,2010,2011
"341","Solomon Jones","C",26,"IND",39,0,528,49,121,0.405,0,1,0,49,120,0.408,0.405,41,62,0.661,45,68,113,30,12,22,35,94,139,2010,2011
"342","DeAndre Jordan","C",22,"LAC",80,66,2047,234,341,0.686,0,1,0,234,340,0.688,0.686,98,217,0.452,207,368,575,42,41,142,101,255,566,2010,2011
"343","Chris Kaman","C",28,"LAC",32,15,838,177,376,0.471,0,0,NA,177,376,0.471,0.471,43,57,0.754,51,174,225,46,16,48,58,75,397,2010,2011
"344","Jason Kapono","SF",29,"PHI",24,2,112,7,28,0.25,1,8,0.125,6,20,0.3,0.268,1,2,0.5,3,8,11,4,2,1,2,4,16,2010,2011
"345","Jason Kidd*","PG",37,"DAL",80,80,2653,215,596,0.361,133,391,0.34,82,205,0.4,0.472,67,77,0.87,35,316,351,655,134,29,179,119,630,2010,2011
"346","Andrei Kirilenko","SF",29,"UTA",64,62,1999,253,542,0.467,36,98,0.367,217,444,0.489,0.5,208,270,0.77,100,227,327,192,81,74,117,113,750,2010,2011
"347","Linas Kleiza","SF",26,"TOR",39,23,1032,178,406,0.438,39,131,0.298,139,275,0.505,0.486,41,65,0.631,37,140,177,40,19,7,65,99,436,2010,2011
"348","Kyle Korver","SG",29,"CHI",82,0,1649,242,557,0.434,120,289,0.415,122,268,0.455,0.542,77,87,0.885,12,138,150,124,35,20,60,156,681,2010,2011
"349","Kosta Koufos","C",21,"TOT",50,2,434,68,150,0.453,0,2,0,68,148,0.459,0.453,24,43,0.558,57,73,130,7,10,25,31,59,160,2010,2011
"350","Kosta Koufos","C",21,"MIN",39,1,336,47,108,0.435,0,2,0,47,106,0.443,0.435,12,24,0.5,42,55,97,7,8,20,25,50,106,2010,2011
"351","Kosta Koufos","C",21,"DEN",11,1,98,21,42,0.5,0,0,NA,21,42,0.5,0.5,12,19,0.632,15,18,33,0,2,5,6,9,54,2010,2011
"352","Nenad Krstic","C",27,"TOT",71,67,1571,231,452,0.511,0,0,NA,231,452,0.511,0.511,113,146,0.774,124,211,335,27,26,25,56,184,575,2010,2011
"353","Nenad Krstic","C",27,"OKC",47,47,1018,152,305,0.498,0,0,NA,152,305,0.498,0.498,53,66,0.803,77,130,207,19,18,17,33,107,357,2010,2011
"354","Nenad Krstic","C",27,"BOS",24,20,553,79,147,0.537,0,0,NA,79,147,0.537,0.537,60,80,0.75,47,81,128,8,8,8,23,77,218,2010,2011
"355","Carl Landry","PF",27,"TOT",76,26,2008,345,687,0.502,0,4,0,345,683,0.505,0.502,213,288,0.74,165,182,347,63,40,32,109,196,903,2010,2011
"356","Carl Landry","PF",27,"SAC",53,16,1406,238,484,0.492,0,3,0,238,481,0.495,0.492,155,215,0.721,127,126,253,50,30,20,82,125,631,2010,2011
"357","Carl Landry","PF",27,"NOH",23,10,602,107,203,0.527,0,1,0,107,202,0.53,0.527,58,73,0.795,38,56,94,13,10,12,27,71,272,2010,2011
"358","Acie Law","PG",26,"TOT",51,0,726,81,186,0.435,6,36,0.167,75,150,0.5,0.452,47,64,0.734,12,51,63,84,32,0,43,61,215,2010,2011
"359","Acie Law","PG",26,"MEM",11,0,94,3,19,0.158,0,6,0,3,13,0.231,0.158,6,10,0.6,3,8,11,14,4,0,10,10,12,2010,2011
"360","Acie Law","PG",26,"GSW",40,0,632,78,167,0.467,6,30,0.2,72,137,0.526,0.485,41,54,0.759,9,43,52,70,28,0,33,51,203,2010,2011
"361","Gani Lawal","PF",22,"PHO",1,0,2,0,0,NA,0,0,NA,0,0,NA,NA,0,0,NA,0,0,0,0,0,0,0,1,0,2010,2011
"362","Ty Lawson","PG",23,"DEN",80,31,2103,346,688,0.503,69,171,0.404,277,517,0.536,0.553,172,225,0.764,67,142,209,377,80,4,137,133,933,2010,2011
"363","Courtney Lee","SG",25,"HOU",81,1,1723,253,576,0.439,71,174,0.408,182,402,0.453,0.501,95,120,0.792,51,158,209,100,58,18,68,102,672,2010,2011
"364","David Lee","PF",27,"GSW",73,73,2634,496,978,0.507,1,3,0.333,495,975,0.508,0.508,210,267,0.787,217,497,714,233,74,31,170,211,1203,2010,2011
"365","Rashard Lewis","SF-PF",31,"TOT",57,52,1824,252,582,0.433,87,244,0.357,165,338,0.488,0.508,77,96,0.802,71,219,290,92,52,30,87,159,668,2010,2011
"366","Rashard Lewis","PF",31,"ORL",25,25,810,113,270,0.419,44,120,0.367,69,150,0.46,0.5,34,45,0.756,23,83,106,29,22,10,35,63,304,2010,2011
"367","Rashard Lewis","SF",31,"WAS",32,27,1014,139,312,0.446,43,124,0.347,96,188,0.511,0.514,43,51,0.843,48,136,184,63,30,20,52,96,364,2010,2011
"368","Jeremy Lin","PG",22,"GSW",29,0,285,28,72,0.389,1,5,0.2,27,67,0.403,0.396,19,25,0.76,12,22,34,42,33,9,18,31,76,2010,2011
"369","Shaun Livingston","PG",25,"CHA",73,0,1261,185,397,0.466,1,4,0.25,184,393,0.468,0.467,108,125,0.864,29,120,149,164,47,29,88,109,479,2010,2011
"370","Brook Lopez","C",22,"NJN",82,82,2889,644,1309,0.492,0,1,0,644,1308,0.492,0.492,385,489,0.787,197,291,488,129,47,120,176,240,1673,2010,2011
"371","Robin Lopez","C",22,"PHO",67,56,991,179,357,0.501,0,0,NA,179,357,0.501,0.501,74,100,0.74,82,134,216,8,18,45,48,143,432,2010,2011
"372","Kevin Love","PF",22,"MIN",73,73,2611,482,1026,0.47,88,211,0.417,394,815,0.483,0.513,424,499,0.85,330,782,1112,184,45,28,155,148,1476,2010,2011
"373","Kyle Lowry","PG",24,"HOU",75,71,2563,345,809,0.426,129,343,0.376,216,466,0.464,0.506,192,251,0.765,89,220,309,500,102,23,158,207,1011,2010,2011
"374","John Lucas III","PG",28,"CHI",2,0,10,1,3,0.333,0,1,0,1,2,0.5,0.333,0,2,0,0,0,0,1,0,0,0,0,2,2010,2011
"375","Corey Maggette","SF",31,"MIL",67,18,1401,253,559,0.453,28,78,0.359,225,481,0.468,0.478,271,325,0.834,44,197,241,84,21,5,127,175,805,2010,2011
"376","Jamaal Magloire","C",32,"MIA",18,0,158,13,22,0.591,0,0,NA,13,22,0.591,0.591,9,18,0.5,17,44,61,3,4,2,5,26,35,2010,2011
"377","Ian Mahinmi","C",24,"DAL",56,0,488,55,98,0.561,0,2,0,55,96,0.573,0.561,63,82,0.768,43,77,120,8,14,15,25,105,173,2010,2011
"378","Shawn Marion","SF",32,"DAL",80,27,2253,434,834,0.52,5,33,0.152,429,801,0.536,0.523,126,164,0.768,168,383,551,110,68,50,130,144,999,2010,2011
"379","Sean Marks","C",35,"POR",29,0,208,19,44,0.432,2,2,1,17,42,0.405,0.455,5,8,0.625,16,24,40,4,3,5,11,44,45,2010,2011
"380","Cartier Martin","SF",26,"WAS",52,1,542,71,182,0.39,39,99,0.394,32,83,0.386,0.497,28,40,0.7,20,54,74,18,18,6,16,52,209,2010,2011
"381","Kenyon Martin","PF",33,"DEN",48,48,1233,185,362,0.511,2,9,0.222,183,353,0.518,0.514,42,72,0.583,67,230,297,109,43,35,59,136,414,2010,2011
"382","Kevin Martin","SG",27,"HOU",80,80,2603,553,1267,0.436,176,459,0.383,377,808,0.467,0.506,594,669,0.888,28,230,258,198,80,15,184,155,1876,2010,2011
"383","Roger Mason","SG",30,"NYK",26,0,319,26,77,0.338,16,44,0.364,10,33,0.303,0.442,7,10,0.7,5,38,43,20,6,2,6,25,75,2010,2011
"384","Wesley Matthews","SG",24,"POR",82,69,2758,440,979,0.449,154,378,0.407,286,601,0.476,0.528,266,315,0.844,48,210,258,164,102,9,138,195,1300,2010,2011
"385","Jason Maxiell","PF",27,"DET",57,14,930,93,189,0.492,0,0,NA,93,189,0.492,0.492,51,99,0.515,66,107,173,17,24,21,44,92,237,2010,2011
"386","Eric Maynor","PG",23,"OKC",82,0,1200,134,333,0.402,37,96,0.385,97,237,0.409,0.458,43,59,0.729,25,96,121,238,35,6,77,96,348,2010,2011
"387","O.J. Mayo","SG",23,"MEM",71,17,1869,304,747,0.407,96,264,0.364,208,483,0.431,0.471,99,131,0.756,35,135,170,145,73,26,99,127,803,2010,2011
"388","Luc Mbah a Moute","PF",24,"MIL",79,52,2093,198,428,0.463,0,7,0,198,421,0.47,0.463,133,188,0.707,169,251,420,68,72,28,77,180,529,2010,2011
"389","Antonio McDyess","PF",36,"SAS",73,16,1387,169,344,0.491,0,1,0,169,343,0.493,0.491,52,77,0.675,122,273,395,84,36,39,72,163,390,2010,2011
"390","JaVale McGee","C",23,"WAS",79,75,2193,332,604,0.55,0,3,0,332,601,0.552,0.55,134,230,0.583,223,411,634,38,41,193,102,232,798,2010,2011
"391","Tracy McGrady*","SG",31,"DET",72,39,1686,227,514,0.442,30,88,0.341,197,426,0.462,0.471,90,129,0.698,49,202,251,252,66,34,102,101,574,2010,2011
"392","Dominic McGuire","SF",25,"CHA",52,8,760,72,182,0.396,0,2,0,72,180,0.4,0.396,30,39,0.769,63,136,199,43,10,33,25,94,174,2010,2011
"393","Josh McRoberts","PF",23,"IND",72,51,1597,211,386,0.547,23,60,0.383,188,326,0.577,0.576,88,119,0.739,109,273,382,150,47,57,93,165,533,2010,2011
"394","Jodie Meeks","SG",23,"PHI",74,64,2062,242,570,0.425,138,348,0.397,104,222,0.468,0.546,152,170,0.894,21,150,171,78,63,4,60,97,774,2010,2011
"395","Pops Mensah-Bonsu","PF",27,"NOH",7,0,35,1,3,0.333,0,0,NA,1,3,0.333,0.333,0,0,NA,3,8,11,2,0,0,2,11,2,2010,2011
"396","C.J. Miles","SF",23,"UTA",78,19,1969,366,899,0.407,109,339,0.322,257,560,0.459,0.468,159,196,0.811,54,201,255,135,74,38,93,221,1000,2010,2011
"397","Darko Milicic","C",25,"MIN",69,69,1686,271,578,0.469,0,0,NA,271,578,0.469,0.469,64,115,0.557,133,227,360,104,54,140,151,229,606,2010,2011
"398","Andre Miller","PG",34,"POR",81,81,2650,388,844,0.46,4,37,0.108,384,807,0.476,0.462,249,292,0.853,97,205,302,566,114,12,197,171,1029,2010,2011
"399","Brad Miller","C",34,"HOU",60,5,1015,132,296,0.446,40,107,0.374,92,189,0.487,0.514,78,94,0.83,44,178,222,145,28,21,54,98,382,2010,2011
"400","Mike Miller","SG",30,"MIA",41,2,838,81,202,0.401,43,118,0.364,38,84,0.452,0.507,23,34,0.676,38,146,184,51,20,2,41,88,228,2010,2011
"401","Patty Mills","PG",22,"POR",64,0,783,135,328,0.412,47,133,0.353,88,195,0.451,0.483,36,47,0.766,19,32,51,109,27,1,62,63,353,2010,2011
"402","Paul Millsap","PF",25,"UTA",76,76,2605,525,988,0.531,9,23,0.391,516,965,0.535,0.536,256,338,0.757,164,415,579,187,103,69,145,272,1315,2010,2011
"403","Yao Ming*","C",30,"HOU",5,5,91,18,37,0.486,0,0,NA,18,37,0.486,0.486,15,16,0.938,7,20,27,4,0,8,7,13,51,2010,2011
"404","Nazr Mohammed","C",33,"TOT",75,37,1280,234,448,0.522,0,1,0,234,447,0.523,0.522,67,112,0.598,140,228,368,23,30,56,70,184,535,2010,2011
"405","Nazr Mohammed","C",33,"CHA",51,30,851,159,317,0.502,0,1,0,159,316,0.503,0.502,52,88,0.591,94,158,252,17,14,46,51,121,370,2010,2011
"406","Nazr Mohammed","C",33,"OKC",24,7,429,75,131,0.573,0,0,NA,75,131,0.573,0.573,15,24,0.625,46,70,116,6,16,10,19,63,165,2010,2011
"407","Greg Monroe","C",20,"DET",80,48,2222,303,550,0.551,0,1,0,303,549,0.552,0.551,145,233,0.622,248,353,601,105,93,45,81,196,751,2010,2011
"408","Jamario Moon","SF",30,"TOT",59,20,1042,101,248,0.407,38,123,0.309,63,125,0.504,0.484,15,17,0.882,23,142,165,52,28,33,22,65,255,2010,2011
"409","Jamario Moon","SF",30,"CLE",40,13,764,76,189,0.402,27,95,0.284,49,94,0.521,0.474,10,11,0.909,14,104,118,45,25,27,17,39,189,2010,2011
"410","Jamario Moon","SF",30,"LAC",19,7,278,25,59,0.424,11,28,0.393,14,31,0.452,0.517,5,6,0.833,9,38,47,7,3,6,5,26,66,2010,2011
"411","Anthony Morrow","SG",25,"NJN",58,47,1856,279,620,0.45,110,260,0.423,169,360,0.469,0.539,96,107,0.897,37,135,172,68,19,7,54,135,764,2010,2011
"412","Timofey Mozgov","C",24,"TOT",45,14,524,63,133,0.474,0,0,NA,63,133,0.474,0.474,37,52,0.712,46,75,121,15,15,25,35,84,163,2010,2011
"413","Timofey Mozgov","C",24,"NYK",34,14,458,52,112,0.464,0,0,NA,52,112,0.464,0.464,31,44,0.705,41,63,104,15,14,23,32,76,135,2010,2011
"414","Timofey Mozgov","C",24,"DEN",11,0,66,11,21,0.524,0,0,NA,11,21,0.524,0.524,6,8,0.75,5,12,17,0,1,2,3,8,28,2010,2011
"415","Byron Mullens","PF",21,"OKC",13,0,85,9,28,0.321,0,0,NA,9,28,0.321,0.321,7,14,0.5,6,18,24,0,2,3,8,11,25,2010,2011
"416","Troy Murphy","PF",30,"TOT",35,4,466,42,114,0.368,5,33,0.152,37,81,0.457,0.39,20,30,0.667,22,91,113,23,15,3,20,47,109,2010,2011
"417","Troy Murphy","PF",30,"NJN",18,4,288,26,76,0.342,4,23,0.174,22,53,0.415,0.368,9,17,0.529,11,64,75,17,7,2,13,28,65,2010,2011
"418","Troy Murphy","PF",30,"BOS",17,0,178,16,38,0.421,1,10,0.1,15,28,0.536,0.434,11,13,0.846,11,27,38,6,8,1,7,19,44,2010,2011
"419","Hamady N'Diaye","C",24,"WAS",16,0,80,4,5,0.8,0,0,NA,4,5,0.8,0.8,6,12,0.5,2,5,7,0,2,5,3,18,14,2010,2011
"420","Eduardo Najera","PF",34,"CHA",31,0,372,26,72,0.361,11,34,0.324,15,38,0.395,0.438,6,11,0.545,14,30,44,20,11,6,13,52,69,2010,2011
"421","Steve Nash*","PG",36,"PHO",75,75,2497,399,811,0.492,81,205,0.395,318,606,0.525,0.542,227,249,0.912,40,220,260,855,48,4,265,87,1106,2010,2011
"422","Gary Neal","SG",26,"SAS",80,1,1685,285,632,0.451,129,308,0.419,156,324,0.481,0.553,84,104,0.808,21,175,196,96,27,4,78,148,783,2010,2011
"423","Jameer Nelson","PG",28,"ORL",76,76,2319,374,838,0.446,119,297,0.401,255,541,0.471,0.517,130,162,0.802,37,189,226,456,75,3,194,209,997,2010,2011
"424","Joakim Noah","C",25,"CHI",48,48,1576,211,402,0.525,0,1,0,211,401,0.526,0.525,139,188,0.739,182,316,498,107,48,72,90,156,561,2010,2011
"425","Andres Nocioni","SF",31,"PHI",54,17,931,118,277,0.426,42,118,0.356,76,159,0.478,0.502,49,61,0.803,19,150,169,45,14,15,47,100,327,2010,2011
"426","Steve Novak","SF",27,"TOT",30,0,215,35,67,0.522,26,46,0.565,9,21,0.429,0.716,8,8,1,4,24,28,3,1,5,4,14,104,2010,2011
"427","Steve Novak","SF",27,"DAL",7,0,18,4,8,0.5,3,4,0.75,1,4,0.25,0.688,0,0,NA,0,5,5,0,0,0,0,3,11,2010,2011
"428","Steve Novak","SF",27,"SAS",23,0,197,31,59,0.525,23,42,0.548,8,17,0.471,0.72,8,8,1,4,19,23,3,1,5,4,11,93,2010,2011
"429","Dirk Nowitzki","PF",32,"DAL",73,73,2504,610,1179,0.517,66,168,0.393,544,1011,0.538,0.545,395,443,0.892,50,463,513,190,38,47,137,172,1681,2010,2011
"430","Jermaine O'Neal","C",32,"BOS",24,10,431,50,109,0.459,0,1,0,50,108,0.463,0.459,29,43,0.674,25,63,88,12,2,30,27,65,129,2010,2011
"431","Shaquille O'Neal*","C",38,"BOS",37,36,752,134,201,0.667,0,0,NA,134,201,0.667,0.667,73,131,0.557,48,130,178,26,16,42,56,120,341,2010,2011
"432","Fabricio Oberto","C",35,"POR",5,0,45,3,5,0.6,0,0,NA,3,5,0.6,0.6,1,2,0.5,3,4,7,0,0,0,3,10,7,2010,2011
"433","Lamar Odom","PF",31,"LAL",82,35,2639,473,893,0.53,68,178,0.382,405,715,0.566,0.568,166,246,0.675,175,535,710,249,47,61,139,200,1180,2010,2011
"434","Emeka Okafor","C",28,"NOH",72,72,2287,300,524,0.573,0,1,0,300,523,0.574,0.573,145,258,0.562,230,454,684,42,40,127,119,230,745,2010,2011
"435","Mehmet Okur","C",31,"UTA",13,0,168,22,62,0.355,5,16,0.313,17,46,0.37,0.395,15,20,0.75,9,21,30,19,4,4,7,18,64,2010,2011
"436","Travis Outlaw","SF",26,"NJN",82,55,2358,274,731,0.375,76,252,0.302,198,479,0.413,0.427,132,171,0.772,54,271,325,84,34,36,71,148,756,2010,2011
"437","Larry Owens","SF",28,"TOT",12,0,143,15,32,0.469,6,13,0.462,9,19,0.474,0.563,4,9,0.444,1,14,15,8,9,5,5,18,40,2010,2011
"438","Larry Owens","SF",28,"SAS",7,0,31,3,6,0.5,1,3,0.333,2,3,0.667,0.583,2,4,0.5,0,4,4,1,2,0,0,4,9,2010,2011
"439","Larry Owens","SF",28,"WAS",5,0,112,12,26,0.462,5,10,0.5,7,16,0.438,0.558,2,5,0.4,1,10,11,7,7,5,5,14,31,2010,2011
"440","Zaza Pachulia","C",26,"ATL",79,7,1244,107,232,0.461,0,0,NA,107,232,0.461,0.461,135,179,0.754,119,214,333,58,34,22,69,184,349,2010,2011
"441","Anthony Parker","SF",35,"CLE",72,65,2091,220,552,0.399,86,227,0.379,134,325,0.412,0.476,74,95,0.779,33,185,218,218,67,10,80,109,600,2010,2011
"442","Tony Parker","PG",28,"SAS",78,78,2528,555,1069,0.519,25,70,0.357,530,999,0.531,0.531,233,303,0.769,30,208,238,513,90,3,200,135,1368,2010,2011
"443","Patrick Patterson","PF",21,"HOU",52,6,868,149,267,0.558,0,2,0,149,265,0.562,0.558,30,42,0.714,86,114,200,41,17,37,31,77,328,2010,2011
"444","Chris Paul","PG",25,"NOH",80,80,2880,430,928,0.463,71,183,0.388,359,745,0.482,0.502,337,384,0.878,38,289,327,782,188,5,177,196,1268,2010,2011
"445","Sasha Pavlovic","SG-SF",27,"TOT",31,7,362,29,72,0.403,12,31,0.387,17,41,0.415,0.486,6,10,0.6,1,31,32,16,10,7,12,34,76,2010,2011
"446","Sasha Pavlovic","SF",27,"DAL",10,6,163,15,35,0.429,7,16,0.438,8,19,0.421,0.529,4,5,0.8,0,12,12,7,5,3,5,15,41,2010,2011
"447","Sasha Pavlovic","SG",27,"NOH",4,1,50,2,11,0.182,0,5,0,2,6,0.333,0.182,0,0,NA,0,6,6,6,0,4,1,4,4,2010,2011
"448","Sasha Pavlovic","SG",27,"BOS",17,0,149,12,26,0.462,5,10,0.5,7,16,0.438,0.558,2,5,0.4,1,13,14,3,5,0,6,15,31,2010,2011
"449","Nikola Pekovic","C",25,"MIN",65,11,887,136,263,0.517,0,0,NA,136,263,0.517,0.517,87,114,0.763,90,103,193,27,18,35,91,181,359,2010,2011
"450","Kendrick Perkins","C",26,"TOT",29,24,742,67,130,0.515,0,0,NA,67,130,0.515,0.515,40,72,0.556,62,170,232,26,9,26,56,91,174,2010,2011
"451","Kendrick Perkins","C",26,"BOS",12,7,313,32,59,0.542,0,0,NA,32,59,0.542,0.542,23,40,0.575,23,74,97,10,2,10,25,37,87,2010,2011
"452","Kendrick Perkins","C",26,"OKC",17,17,429,35,71,0.493,0,0,NA,35,71,0.493,0.493,17,32,0.531,39,96,135,16,7,16,31,54,87,2010,2011
"453","Morris Peterson","SG",33,"OKC",4,0,23,2,5,0.4,0,1,0,2,4,0.5,0.4,0,0,NA,0,3,3,1,0,0,0,5,4,2010,2011
"454","Johan Petro","C",25,"NJN",77,1,893,129,290,0.445,0,4,0,129,286,0.451,0.445,15,28,0.536,62,150,212,44,34,34,46,178,273,2010,2011
"455","Paul Pierce","SF",33,"BOS",80,80,2774,507,1021,0.497,111,297,0.374,396,724,0.547,0.551,386,449,0.86,34,396,430,260,80,51,171,231,1511,2010,2011
"456","Mickael Pietrus","SG-SF",28,"TOT",57,4,1107,143,365,0.392,85,236,0.36,58,129,0.45,0.508,39,57,0.684,15,111,126,33,29,21,39,101,410,2010,2011
"457","Mickael Pietrus","SF",28,"ORL",19,0,418,45,115,0.391,34,87,0.391,11,28,0.393,0.539,3,6,0.5,6,44,50,10,10,3,14,35,127,2010,2011
"458","Mickael Pietrus","SG",28,"PHO",38,4,689,98,250,0.392,51,149,0.342,47,101,0.465,0.494,36,51,0.706,9,67,76,23,19,18,25,66,283,2010,2011
"459","Dexter Pittman","C",22,"MIA",2,0,11,1,3,0.333,0,0,NA,1,3,0.333,0.333,0,0,NA,1,2,3,0,0,0,2,2,2,2010,2011
"460","Quincy Pondexter","SF",22,"NOH",66,6,734,73,180,0.406,18,50,0.36,55,130,0.423,0.456,24,34,0.706,23,65,88,28,17,10,16,63,188,2010,2011
"461","James Posey","SF",34,"IND",49,0,839,81,241,0.336,67,212,0.316,14,29,0.483,0.475,11,15,0.733,10,137,147,34,24,6,24,103,240,2010,2011
"462","Leon Powe","C-PF",27,"TOT",30,3,328,59,119,0.496,0,2,0,59,117,0.504,0.496,40,72,0.556,24,39,63,7,10,4,12,44,158,2010,2011
"463","Leon Powe","PF",27,"CLE",14,3,187,29,59,0.492,0,0,NA,29,59,0.492,0.492,12,26,0.462,16,22,38,2,7,3,5,20,70,2010,2011
"464","Leon Powe","C",27,"MEM",16,0,141,30,60,0.5,0,2,0,30,58,0.517,0.5,28,46,0.609,8,17,25,5,3,1,7,24,88,2010,2011
"465","Josh Powell","PF",28,"ATL",54,0,653,94,208,0.452,0,1,0,94,207,0.454,0.452,36,45,0.8,49,86,135,22,5,5,53,78,224,2010,2011
"466","A.J. Price","PG",24,"IND",50,0,795,114,320,0.356,41,149,0.275,73,171,0.427,0.42,54,81,0.667,16,56,72,111,29,1,53,61,323,2010,2011
"467","Ronnie Price","SG",27,"UTA",59,0,717,74,210,0.352,20,69,0.29,54,141,0.383,0.4,29,39,0.744,22,39,61,56,42,5,55,106,197,2010,2011
"468","Tayshaun Prince","SF",30,"DET",78,78,2562,473,1001,0.473,34,98,0.347,439,903,0.486,0.49,118,168,0.702,78,251,329,215,30,41,82,90,1098,2010,2011
"469","Joel Przybilla","C",31,"TOT",36,9,519,25,44,0.568,0,0,NA,25,44,0.568,0.568,14,27,0.519,37,108,145,13,5,15,29,79,64,2010,2011
"470","Joel Przybilla","C",31,"POR",31,9,445,21,34,0.618,0,0,NA,21,34,0.618,0.618,13,23,0.565,28,93,121,13,5,14,22,63,55,2010,2011
"471","Joel Przybilla","C",31,"CHA",5,0,74,4,10,0.4,0,0,NA,4,10,0.4,0.4,1,4,0.25,9,15,24,0,0,1,7,16,9,2010,2011
"472","Chris Quinn","PG",27,"SAS",41,0,292,33,91,0.363,11,37,0.297,22,54,0.407,0.423,4,8,0.5,3,22,25,42,5,1,12,29,81,2010,2011
"473","Vladimir Radmanovic","PF",30,"GSW",74,6,1169,137,318,0.431,70,173,0.405,67,145,0.462,0.541,30,34,0.882,64,148,212,79,44,44,57,157,374,2010,2011
"474","Anthony Randolph","C-PF",21,"TOT",40,3,590,123,264,0.466,1,4,0.25,122,260,0.469,0.468,58,86,0.674,43,117,160,33,22,24,53,62,305,2010,2011
"475","Anthony Randolph","PF",21,"NYK",17,0,127,14,45,0.311,1,4,0.25,13,41,0.317,0.322,6,12,0.5,11,29,40,7,4,8,10,15,35,2010,2011
"476","Anthony Randolph","C",21,"MIN",23,3,463,109,219,0.498,0,0,NA,109,219,0.498,0.498,52,74,0.703,32,88,120,26,18,16,43,47,270,2010,2011
"477","Zach Randolph","PF",29,"MEM",75,74,2724,598,1188,0.503,8,43,0.186,590,1145,0.515,0.507,300,396,0.758,326,588,914,163,63,25,151,175,1504,2010,2011
"478","Theo Ratliff","C",37,"LAL",10,0,71,1,6,0.167,0,0,NA,1,6,0.167,0.167,0,2,0,6,7,13,3,2,5,3,7,2,2010,2011
"479","Andy Rautins","SG",24,"NYK",5,0,24,3,7,0.429,1,4,0.25,2,3,0.667,0.5,1,2,0.5,0,1,1,3,1,0,7,0,8,2010,2011
"480","Michael Redd","SG",31,"MIL",10,0,134,18,45,0.4,4,17,0.235,14,28,0.5,0.444,4,4,1,0,8,8,12,2,1,4,4,44,2010,2011
"481","J.J. Redick","SG",26,"ORL",59,5,1513,197,447,0.441,87,219,0.397,110,228,0.482,0.538,112,128,0.875,6,107,113,102,29,3,53,80,593,2010,2011
"482","Jason Richardson","SG",30,"TOT",80,80,2715,472,1056,0.447,189,479,0.395,283,577,0.49,0.536,116,159,0.73,67,264,331,147,93,13,95,162,1249,2010,2011
"483","Jason Richardson","SG",30,"PHO",25,25,796,183,389,0.47,62,148,0.419,121,241,0.502,0.55,55,72,0.764,33,78,111,36,27,3,30,46,483,2010,2011
"484","Jason Richardson","SG",30,"ORL",55,55,1919,289,667,0.433,127,331,0.384,162,336,0.482,0.528,61,87,0.701,34,186,220,111,66,10,65,116,766,2010,2011
"485","Quentin Richardson","SF",30,"ORL",57,19,955,87,255,0.341,42,146,0.288,45,109,0.413,0.424,33,44,0.75,39,139,178,38,25,5,33,74,249,2010,2011
"486","Luke Ridnour","PG",29,"MIN",71,66,2159,319,681,0.468,81,184,0.44,238,497,0.479,0.528,121,137,0.883,37,162,199,384,89,10,158,146,840,2010,2011
"487","Nate Robinson","PG",26,"TOT",59,11,1013,150,376,0.399,65,200,0.325,85,176,0.483,0.485,36,44,0.818,15,75,90,111,29,4,68,115,401,2010,2011
"488","Nate Robinson","PG",26,"BOS",55,11,983,146,361,0.404,63,192,0.328,83,169,0.491,0.492,33,40,0.825,15,74,89,105,29,4,66,107,388,2010,2011
"489","Nate Robinson","PG",26,"OKC",4,0,30,4,15,0.267,2,8,0.25,2,7,0.286,0.333,3,4,0.75,0,1,1,6,0,0,2,8,13,2010,2011
"490","Rajon Rondo","PG",24,"BOS",68,68,2527,318,670,0.475,10,43,0.233,308,627,0.491,0.482,75,132,0.568,87,210,297,760,153,11,234,120,721,2010,2011
"491","Derrick Rose","PG",22,"CHI",81,81,3026,711,1597,0.445,128,385,0.332,583,1212,0.481,0.485,476,555,0.858,81,249,330,623,85,51,278,136,2026,2010,2011
"492","Quinton Ross","SF",29,"NJN",36,4,353,26,59,0.441,0,3,0,26,56,0.464,0.441,5,14,0.357,10,20,30,10,3,6,7,40,57,2010,2011
"493","Brandon Roy","SG",26,"POR",47,23,1310,209,523,0.4,38,114,0.333,171,409,0.418,0.436,117,138,0.848,28,93,121,129,37,12,55,76,573,2010,2011
"494","Brandon Rush","SG",25,"IND",67,21,1754,217,515,0.421,93,223,0.417,124,292,0.425,0.512,80,106,0.755,33,184,217,62,41,35,69,107,607,2010,2011
"495","John Salmons","SG",31,"MIL",73,70,2554,373,898,0.415,83,219,0.379,290,679,0.427,0.462,195,240,0.813,27,239,266,252,72,28,137,157,1024,2010,2011
"496","Samardo Samuels","PF",22,"CLE",37,10,701,110,241,0.456,0,3,0,110,238,0.462,0.456,68,110,0.618,75,83,158,17,15,18,53,88,288,2010,2011
"497","Larry Sanders","C",22,"MIL",60,12,872,116,268,0.433,0,0,NA,116,268,0.433,0.433,28,50,0.56,59,119,178,16,22,72,38,117,260,2010,2011
"498","Brian Scalabrine","PF",32,"CHI",18,0,88,10,19,0.526,0,5,0,10,14,0.714,0.526,0,0,NA,1,7,8,6,3,4,5,18,20,2010,2011
"499","Luis Scola","PF",30,"HOU",74,74,2412,569,1129,0.504,0,3,0,569,1126,0.505,0.504,214,290,0.738,147,459,606,185,48,44,147,227,1352,2010,2011
"500","Thabo Sefolosha","SG",26,"OKC",79,79,2049,157,333,0.471,28,102,0.275,129,231,0.558,0.514,59,79,0.747,65,281,346,111,97,38,55,171,401,2010,2011
"501","Kevin Seraphin","PF",21,"WAS",58,1,635,66,147,0.449,0,0,NA,66,147,0.449,0.449,22,31,0.71,80,72,152,10,17,28,42,126,154,2010,2011
"502","Ramon Sessions","PG",24,"CLE",81,38,2133,362,776,0.466,3,15,0.2,359,761,0.472,0.468,348,423,0.823,46,209,255,419,60,8,178,93,1075,2010,2011
"503","Mustafa Shakur","PG",26,"WAS",22,0,159,21,59,0.356,1,10,0.1,20,49,0.408,0.364,8,15,0.533,7,15,22,25,5,3,18,15,51,2010,2011
"504","Garret Siler","C",24,"PHO",21,0,101,17,31,0.548,0,0,NA,17,31,0.548,0.548,11,22,0.5,16,12,28,3,1,4,10,20,45,2010,2011
"505","Bobby Simmons","SF",30,"SAS",2,0,16,0,3,0,0,3,0,0,0,NA,0,0,0,NA,0,0,0,2,0,0,0,2,0,2010,2011
"506","Brian Skinner","C",34,"MIL",2,0,6,0,0,NA,0,0,NA,0,0,NA,NA,0,0,NA,0,0,0,0,0,0,0,0,0,2010,2011
"507","Craig Smith","PF",27,"LAC",48,0,586,104,188,0.553,0,5,0,104,183,0.568,0.553,50,68,0.735,43,74,117,31,16,7,33,84,258,2010,2011
"508","Ish Smith","PG",22,"TOT",43,3,442,43,115,0.374,3,10,0.3,40,105,0.381,0.387,12,21,0.571,7,40,47,79,18,2,34,37,101,2010,2011
"509","Ish Smith","PG",22,"HOU",28,3,329,32,83,0.386,3,8,0.375,29,75,0.387,0.404,7,10,0.7,6,36,42,64,13,2,26,26,74,2010,2011
"510","Ish Smith","PG",22,"MEM",15,0,113,11,32,0.344,0,2,0,11,30,0.367,0.344,5,11,0.455,1,4,5,15,5,0,8,11,27,2010,2011
"511","J.R. Smith","SF",25,"DEN",79,6,1968,341,784,0.435,124,318,0.39,217,466,0.466,0.514,163,221,0.738,45,277,322,175,92,16,100,173,969,2010,2011
"512","Jason Smith","C",24,"NOH",77,6,1102,136,307,0.443,0,2,0,136,305,0.446,0.443,59,70,0.843,89,152,241,36,26,32,53,150,331,2010,2011
"513","Joe Smith","PF",35,"TOT",16,3,69,3,16,0.188,0,0,NA,3,16,0.188,0.188,2,2,1,3,18,21,4,0,4,5,13,8,2010,2011
"514","Joe Smith","PF",35,"NJN",4,3,25,1,4,0.25,0,0,NA,1,4,0.25,0.25,0,0,NA,1,2,3,1,0,0,2,3,2,2010,2011
"515","Joe Smith","PF",35,"LAL",12,0,44,2,12,0.167,0,0,NA,2,12,0.167,0.167,2,2,1,2,16,18,3,0,4,3,10,6,2010,2011
"516","Josh Smith","PF",25,"ATL",77,77,2645,497,1041,0.477,51,154,0.331,446,887,0.503,0.502,229,316,0.725,134,523,657,255,99,120,197,217,1274,2010,2011
"517","Darius Songaila","C",32,"PHI",10,0,71,7,15,0.467,0,0,NA,7,15,0.467,0.467,2,4,0.5,2,8,10,2,0,0,4,16,16,2010,2011
"518","Marreese Speights","C",23,"PHI",64,1,734,144,291,0.495,1,4,0.25,143,287,0.498,0.497,55,73,0.753,64,146,210,30,8,19,40,120,344,2010,2011
"519","Tiago Splitter","C",26,"SAS",60,6,738,101,191,0.529,0,1,0,101,190,0.532,0.529,76,140,0.543,72,129,201,26,29,17,32,91,278,2010,2011
"520","Jerry Stackhouse","SG",36,"MIA",7,1,50,3,12,0.25,1,4,0.25,2,8,0.25,0.292,5,7,0.714,1,6,7,3,0,2,2,3,12,2010,2011
"521","Lance Stephenson","SG",20,"IND",12,0,115,13,39,0.333,0,5,0,13,34,0.382,0.333,11,14,0.786,1,17,18,21,4,0,16,14,37,2010,2011
"522","DeShawn Stevenson","SG",29,"DAL",72,54,1158,128,330,0.388,94,249,0.378,34,81,0.42,0.53,33,43,0.767,20,86,106,77,21,5,44,71,383,2010,2011
"523","Peja Stojakovic","SF",33,"TOT",33,13,617,100,227,0.441,57,136,0.419,43,91,0.473,0.566,23,25,0.92,14,61,75,29,13,2,17,24,280,2010,2011
"524","Peja Stojakovic","SF",33,"NOH",6,0,89,14,33,0.424,11,25,0.44,3,8,0.375,0.591,6,7,0.857,0,6,6,6,2,0,4,2,45,2010,2011
"525","Peja Stojakovic","SF",33,"TOR",2,0,22,7,10,0.7,4,6,0.667,3,4,0.75,0.9,2,2,1,0,3,3,1,0,0,2,0,20,2010,2011
"526","Peja Stojakovic","SF",33,"DAL",25,13,506,79,184,0.429,42,105,0.4,37,79,0.468,0.543,15,16,0.938,14,52,66,22,11,2,11,22,215,2010,2011
"527","Amar'e Stoudemire","C",28,"NYK",78,78,2870,744,1482,0.502,10,23,0.435,734,1459,0.503,0.505,473,597,0.792,198,438,636,202,71,150,250,274,1971,2010,2011
"528","Rodney Stuckey","PG",24,"DET",70,54,2183,363,827,0.439,26,90,0.289,337,737,0.457,0.455,330,381,0.866,70,146,216,361,76,10,155,177,1082,2010,2011
"529","DaJuan Summers","SF",23,"DET",22,1,199,28,69,0.406,9,21,0.429,19,48,0.396,0.471,9,20,0.45,2,10,12,2,3,1,13,21,74,2010,2011
"530","Pape Sy","SF",22,"ATL",3,0,21,2,6,0.333,0,1,0,2,5,0.4,0.333,3,3,1,2,1,3,2,1,0,3,1,7,2010,2011
"531","Jermaine Taylor","SG",24,"TOT",34,8,483,94,196,0.48,14,45,0.311,80,151,0.53,0.515,21,28,0.75,26,36,62,32,14,5,46,39,223,2010,2011
"532","Jermaine Taylor","SG",24,"HOU",8,0,77,16,32,0.5,2,5,0.4,14,27,0.519,0.531,5,6,0.833,1,8,9,2,2,2,6,4,39,2010,2011
"533","Jermaine Taylor","SG",24,"SAC",26,8,406,78,164,0.476,12,40,0.3,66,124,0.532,0.512,16,22,0.727,25,28,53,30,12,3,40,35,184,2010,2011
"534","Jeff Teague","PG",22,"ATL",70,7,963,133,304,0.438,18,48,0.375,115,256,0.449,0.467,77,97,0.794,11,91,102,138,45,25,64,82,361,2010,2011
"535","Sebastian Telfair","PG",25,"MIN",37,8,711,97,241,0.402,28,78,0.359,69,163,0.423,0.461,44,60,0.733,17,37,54,111,25,3,64,64,266,2010,2011
"536","Garrett Temple","PG-SG",24,"TOT",24,0,230,20,68,0.294,10,37,0.27,10,31,0.323,0.368,7,17,0.412,1,22,23,32,11,6,23,24,57,2010,2011
"537","Garrett Temple","SG",24,"SAS",3,0,21,1,5,0.2,0,1,0,1,4,0.25,0.2,0,2,0,1,1,2,2,1,1,1,2,2,2010,2011
"538","Garrett Temple","SG",24,"MIL",9,0,83,7,21,0.333,3,10,0.3,4,11,0.364,0.405,0,4,0,0,6,6,6,1,1,2,8,17,2010,2011
"539","Garrett Temple","PG",24,"CHA",12,0,126,12,42,0.286,7,26,0.269,5,16,0.313,0.369,7,11,0.636,0,15,15,24,9,4,20,14,38,2010,2011
"540","Jason Terry","SG",33,"DAL",82,10,2564,492,1091,0.451,127,351,0.362,365,740,0.493,0.509,182,214,0.85,24,129,153,334,93,13,167,140,1293,2010,2011
"541","Hasheem Thabeet","C",23,"TOT",47,0,373,17,40,0.425,0,0,NA,17,40,0.425,0.425,19,35,0.543,24,51,75,4,9,16,17,76,53,2010,2011
"542","Hasheem Thabeet","C",23,"MEM",45,0,369,17,39,0.436,0,0,NA,17,39,0.436,0.436,19,35,0.543,24,51,75,4,9,15,17,73,53,2010,2011
"543","Hasheem Thabeet","C",23,"HOU",2,0,4,0,1,0,0,0,NA,0,1,0,0,0,0,NA,0,0,0,0,0,1,0,3,0,2010,2011
"544","Etan Thomas","C",32,"ATL",13,0,82,10,21,0.476,0,0,NA,10,21,0.476,0.476,12,15,0.8,6,17,23,2,1,4,5,11,32,2010,2011
"545","Kurt Thomas","PF",38,"CHI",52,37,1178,95,186,0.511,1,1,1,94,185,0.508,0.513,20,32,0.625,75,226,301,60,32,42,42,164,211,2010,2011
"546","Tyrus Thomas","C",24,"CHA",41,2,861,156,331,0.471,0,3,0,156,328,0.476,0.471,107,136,0.787,65,159,224,29,30,66,65,113,419,2010,2011
"547","Jason Thompson","PF",24,"SAC",75,39,1748,271,534,0.507,0,3,0,271,531,0.51,0.507,121,200,0.605,144,310,454,88,28,44,99,212,663,2010,2011
"548","Al Thornton","SF-PF",27,"TOT",71,23,1383,205,431,0.476,4,26,0.154,201,405,0.496,0.48,110,142,0.775,56,157,213,62,35,12,64,143,524,2010,2011
"549","Al Thornton","SF",27,"WAS",49,23,1069,154,327,0.471,4,25,0.16,150,302,0.497,0.477,81,107,0.757,46,110,156,51,28,9,44,103,393,2010,2011
"550","Al Thornton","PF",27,"GSW",22,0,314,51,104,0.49,0,1,0,51,103,0.495,0.49,29,35,0.829,10,47,57,11,7,3,20,40,131,2010,2011
"551","Marcus Thornton","SG",23,"TOT",73,23,1775,350,807,0.434,88,240,0.367,262,567,0.462,0.488,145,184,0.788,61,197,258,135,64,9,93,110,933,2010,2011
"552","Marcus Thornton","SG",23,"NOH",46,0,745,137,334,0.41,35,93,0.376,102,241,0.423,0.463,50,66,0.758,25,106,131,43,19,4,37,50,359,2010,2011
"553","Marcus Thornton","SG",23,"SAC",27,23,1030,213,473,0.45,53,147,0.361,160,326,0.491,0.506,95,118,0.805,36,91,127,92,45,5,56,60,574,2010,2011
"554","Anthony Tolliver","SF",25,"MIN",65,4,1362,141,313,0.45,47,115,0.409,94,198,0.475,0.526,105,131,0.802,92,203,295,82,28,28,49,145,434,2010,2011
"555","Ronny Turiaf","C",28,"NYK",64,21,1141,103,163,0.632,0,0,NA,103,163,0.632,0.632,61,98,0.622,64,143,207,92,35,73,41,160,267,2010,2011
"556","Hedo Turkoglu","SF-PF",31,"TOT",81,72,2540,322,722,0.446,127,310,0.41,195,412,0.473,0.534,106,156,0.679,45,311,356,343,72,34,132,247,877,2010,2011
"557","Hedo Turkoglu","PF",31,"PHO",25,16,630,85,193,0.44,41,97,0.423,44,96,0.458,0.547,26,36,0.722,20,80,100,58,18,14,31,77,237,2010,2011
"558","Hedo Turkoglu","SF",31,"ORL",56,56,1910,237,529,0.448,86,213,0.404,151,316,0.478,0.529,80,120,0.667,25,231,256,285,54,20,101,170,640,2010,2011
"559","Evan Turner","SG",22,"PHI",78,14,1797,225,529,0.425,14,44,0.318,211,485,0.435,0.439,101,125,0.808,42,264,306,159,49,14,80,138,565,2010,2011
"560","Ekpe Udoh","C",23,"GSW",58,18,1030,97,222,0.437,0,0,NA,97,222,0.437,0.437,42,64,0.656,80,101,181,40,22,86,48,144,236,2010,2011
"561","Ime Udoka","SF",33,"SAS",20,0,130,5,21,0.238,0,8,0,5,13,0.385,0.238,4,8,0.5,5,14,19,13,8,1,5,14,14,2010,2011
"562","Beno Udrih","PG",28,"SAC",79,64,2734,412,824,0.5,65,182,0.357,347,642,0.54,0.539,197,228,0.864,41,224,265,386,94,9,141,181,1086,2010,2011
"563","Ben Uzoh","PG",22,"NJN",42,0,438,61,144,0.424,3,8,0.375,58,136,0.426,0.434,33,56,0.589,30,31,61,69,13,8,25,29,158,2010,2011
"564","Anderson Varejao","C",28,"CLE",31,31,994,114,216,0.528,0,2,0,114,214,0.533,0.528,54,81,0.667,98,203,301,45,27,38,40,87,282,2010,2011
"565","Greivis Vasquez","SG",24,"MEM",70,1,860,95,233,0.408,25,86,0.291,70,147,0.476,0.461,34,44,0.773,12,61,73,151,22,4,70,83,249,2010,2011
"566","Charlie Villanueva","PF",26,"DET",76,11,1666,313,708,0.442,125,323,0.387,188,385,0.488,0.53,89,116,0.767,50,245,295,48,42,42,66,175,840,2010,2011
"567","Sasha Vujacic","SG",26,"TOT",67,17,1648,239,595,0.402,97,262,0.37,142,333,0.426,0.483,81,96,0.844,30,156,186,132,54,5,66,136,656,2010,2011
"568","Sasha Vujacic","SG",26,"LAL",11,0,54,8,23,0.348,3,7,0.429,5,16,0.313,0.413,1,2,0.5,1,3,4,5,1,0,5,7,20,2010,2011
"569","Sasha Vujacic","SG",26,"NJN",56,17,1594,231,572,0.404,94,255,0.369,137,317,0.432,0.486,80,94,0.851,29,153,182,127,53,5,61,129,636,2010,2011
"570","Dwyane Wade","SG",29,"MIA",76,76,2823,692,1384,0.5,63,206,0.306,629,1178,0.534,0.523,494,652,0.758,123,362,485,346,111,87,237,197,1941,2010,2011
"571","Von Wafer","SG",25,"BOS",58,2,553,67,159,0.421,18,67,0.269,49,92,0.533,0.478,32,38,0.842,7,42,49,35,18,5,20,39,184,2010,2011
"572","Henry Walker","SG",23,"NYK",61,1,784,104,236,0.441,59,153,0.386,45,83,0.542,0.566,31,44,0.705,16,106,122,34,21,6,37,81,298,2010,2011
"573","John Wall","PG",20,"WAS",69,64,2606,398,972,0.409,34,115,0.296,364,857,0.425,0.427,301,393,0.766,35,282,317,574,121,35,261,175,1131,2010,2011
"574","Ben Wallace","C",36,"DET",54,49,1238,67,149,0.45,1,2,0.5,66,147,0.449,0.453,19,57,0.333,129,221,350,72,54,54,44,81,154,2010,2011
"575","Gerald Wallace","SF-PF",28,"TOT",71,63,2693,386,851,0.454,62,186,0.333,324,665,0.487,0.49,279,374,0.746,111,458,569,173,105,63,152,183,1113,2010,2011
"576","Gerald Wallace","SF",28,"CHA",48,48,1872,252,582,0.433,35,106,0.33,217,476,0.456,0.463,210,284,0.739,72,322,394,116,59,48,100,120,749,2010,2011
"577","Gerald Wallace","PF",28,"POR",23,15,821,134,269,0.498,27,80,0.338,107,189,0.566,0.548,69,90,0.767,39,136,175,57,46,15,52,63,364,2010,2011
"578","Luke Walton","SF",30,"LAL",54,0,484,38,116,0.328,8,34,0.235,30,82,0.366,0.362,7,10,0.7,9,58,67,62,9,4,31,38,91,2010,2011
"579","Willie Warren","PG",21,"LAC",19,0,134,13,35,0.371,5,15,0.333,8,20,0.4,0.443,6,8,0.75,1,11,12,27,6,0,8,16,37,2010,2011
"580","Hakim Warrick","PF",28,"PHO",80,6,1416,228,446,0.511,1,11,0.091,227,435,0.522,0.512,212,294,0.721,88,208,296,69,32,9,79,100,669,2010,2011
"581","C.J. Watson","PG",26,"CHI",82,1,1091,146,394,0.371,44,112,0.393,102,282,0.362,0.426,69,93,0.742,16,78,94,186,55,11,73,82,405,2010,2011
"582","Earl Watson","PG",31,"UTA",80,13,1567,126,307,0.41,36,107,0.336,90,200,0.45,0.469,55,82,0.671,52,130,182,278,61,17,116,146,343,2010,2011
"583","Kyle Weaver","SG",24,"UTA",5,0,69,9,25,0.36,3,7,0.429,6,18,0.333,0.42,7,8,0.875,2,8,10,7,2,2,7,3,28,2010,2011
"584","Martell Webster","SF",24,"MIN",46,1,1094,152,340,0.447,55,132,0.417,97,208,0.466,0.528,94,122,0.77,36,111,147,53,28,9,58,101,453,2010,2011
"585","Sonny Weems","SF",24,"TOR",59,28,1413,228,513,0.444,17,61,0.279,211,452,0.467,0.461,72,94,0.766,39,114,153,104,34,2,86,87,545,2010,2011
"586","David West","PF",30,"NOH",70,70,2451,528,1040,0.508,2,9,0.222,526,1031,0.51,0.509,264,327,0.807,155,374,529,164,67,62,142,202,1322,2010,2011
"587","Delonte West","PG",27,"BOS",24,2,453,55,120,0.458,12,33,0.364,43,87,0.494,0.508,13,15,0.867,6,31,37,64,20,10,30,29,135,2010,2011
"588","Mario West","SG",26,"NJN",6,3,116,9,21,0.429,1,4,0.25,8,17,0.471,0.452,3,5,0.6,2,9,11,10,7,0,2,13,22,2010,2011
"589","Russell Westbrook","PG",22,"OKC",82,82,2847,614,1390,0.442,34,103,0.33,580,1287,0.451,0.454,531,631,0.842,121,258,379,670,155,30,316,207,1793,2010,2011
"590","D.J. White","C-PF",24,"TOT",47,0,685,111,219,0.507,0,2,0,111,217,0.512,0.507,46,64,0.719,43,115,158,19,12,20,14,77,268,2010,2011
"591","D.J. White","PF",24,"OKC",23,0,219,30,65,0.462,0,0,NA,30,65,0.462,0.462,5,10,0.5,12,40,52,4,6,8,7,31,65,2010,2011
"592","D.J. White","C",24,"CHA",24,0,466,81,154,0.526,0,2,0,81,152,0.533,0.526,41,54,0.759,31,75,106,15,6,12,7,46,203,2010,2011
"593","Hassan Whiteside","C",21,"SAC",1,0,2,0,0,NA,0,0,NA,0,0,NA,NA,0,0,NA,0,0,0,0,0,0,0,2,0,2010,2011
"594","Chris Wilcox","PF",28,"DET",57,29,995,187,322,0.581,0,1,0,187,321,0.583,0.581,50,89,0.562,95,176,271,43,29,17,43,145,424,2010,2011
"595","Damien Wilkins","SF",31,"ATL",52,0,676,69,137,0.504,2,10,0.2,67,127,0.528,0.511,40,56,0.714,23,67,90,41,27,9,21,72,180,2010,2011
"596","Deron Williams","PG",26,"TOT",65,65,2465,428,975,0.439,105,317,0.331,323,658,0.491,0.493,348,412,0.845,40,220,260,667,79,15,230,190,1309,2010,2011
"597","Deron Williams","PG",26,"UTA",53,53,2009,369,806,0.458,89,258,0.345,280,548,0.511,0.513,302,354,0.853,32,173,205,514,64,12,187,152,1129,2010,2011
"598","Deron Williams","PG",26,"NJN",12,12,456,59,169,0.349,16,59,0.271,43,110,0.391,0.396,46,58,0.793,8,47,55,153,15,3,43,38,180,2010,2011
"599","Jason Williams","PG",35,"TOT",27,0,295,22,67,0.328,10,38,0.263,12,29,0.414,0.403,0,0,NA,3,27,30,52,11,1,18,8,54,2010,2011
"600","Jason Williams","PG",35,"ORL",16,0,171,13,38,0.342,7,23,0.304,6,15,0.4,0.434,0,0,NA,3,19,22,24,8,0,11,6,33,2010,2011
"601","Jason Williams","PG",35,"MEM",11,0,124,9,29,0.31,3,15,0.2,6,14,0.429,0.362,0,0,NA,0,8,8,28,3,1,7,2,21,2010,2011
"602","Jawad Williams","SF",27,"CLE",26,1,391,41,126,0.325,13,45,0.289,28,81,0.346,0.377,9,12,0.75,7,41,48,22,9,3,16,34,104,2010,2011
"603","Lou Williams","SG",24,"PHI",75,0,1747,323,795,0.406,88,253,0.348,235,542,0.434,0.462,293,356,0.823,32,117,149,252,47,17,102,128,1027,2010,2011
"604","Marvin Williams","SF",24,"ATL",65,52,1865,246,537,0.458,37,110,0.336,209,427,0.489,0.493,147,174,0.845,68,245,313,88,34,23,62,104,676,2010,2011
"605","Mo Williams","PG",28,"TOT",58,56,1788,291,730,0.399,79,244,0.324,212,486,0.436,0.453,151,177,0.853,21,132,153,380,53,10,171,150,812,2010,2011
"606","Mo Williams","PG",28,"CLE",36,34,1065,178,462,0.385,36,136,0.265,142,326,0.436,0.424,85,102,0.833,15,82,97,257,33,10,105,91,477,2010,2011
"607","Mo Williams","PG",28,"LAC",22,22,723,113,268,0.422,43,108,0.398,70,160,0.438,0.502,66,75,0.88,6,50,56,123,20,0,66,59,335,2010,2011
"608","Reggie Williams","SF",24,"GSW",80,9,1626,268,572,0.469,102,241,0.423,166,331,0.502,0.558,100,134,0.746,45,171,216,121,28,3,57,124,738,2010,2011
"609","Shawne Williams","PF",24,"NYK",64,11,1323,164,385,0.426,85,212,0.401,79,173,0.457,0.536,41,49,0.837,60,179,239,47,39,51,46,164,454,2010,2011
"610","Shelden Williams","PF",27,"TOT",59,38,911,103,220,0.468,0,0,NA,103,220,0.468,0.468,58,75,0.773,93,180,273,32,23,26,43,126,264,2010,2011
"611","Shelden Williams","PF",27,"DEN",42,32,713,82,181,0.453,0,0,NA,82,181,0.453,0.453,34,46,0.739,74,149,223,19,18,22,37,92,198,2010,2011
"612","Shelden Williams","PF",27,"NYK",17,6,198,21,39,0.538,0,0,NA,21,39,0.538,0.538,24,29,0.828,19,31,50,13,5,4,6,34,66,2010,2011
"613","Terrence Williams","SG",23,"TOT",21,0,290,43,115,0.374,6,22,0.273,37,93,0.398,0.4,14,21,0.667,4,47,51,38,9,0,33,25,106,2010,2011
"614","Terrence Williams","SG",23,"NJN",10,0,206,29,73,0.397,4,12,0.333,25,61,0.41,0.425,5,10,0.5,3,33,36,31,5,0,25,21,67,2010,2011
"615","Terrence Williams","SG",23,"HOU",11,0,84,14,42,0.333,2,10,0.2,12,32,0.375,0.357,9,11,0.818,1,14,15,7,4,0,8,4,39,2010,2011
"616","Metta World Peace","SF",31,"LAL",82,82,2410,261,658,0.397,83,233,0.356,178,425,0.419,0.46,92,136,0.676,100,167,267,175,124,36,90,181,697,2010,2011
"617","Antoine Wright","SG",26,"SAC",7,0,31,1,8,0.125,0,4,0,1,4,0.25,0.125,0,0,NA,2,1,3,0,1,0,1,3,2,2010,2011
"618","Brandan Wright","PF",23,"TOT",37,2,379,60,117,0.513,0,0,NA,60,117,0.513,0.513,21,31,0.677,31,58,89,12,11,17,14,34,141,2010,2011
"619","Brandan Wright","PF",23,"GSW",21,1,195,38,63,0.603,0,0,NA,38,63,0.603,0.603,7,14,0.5,14,27,41,5,3,10,10,19,83,2010,2011
"620","Brandan Wright","PF",23,"NJN",16,1,184,22,54,0.407,0,0,NA,22,54,0.407,0.407,14,17,0.824,17,31,48,7,8,7,4,15,58,2010,2011
"621","Dorell Wright","SF",25,"GSW",82,82,3147,485,1146,0.423,194,516,0.376,291,630,0.462,0.508,180,228,0.789,88,343,431,242,124,63,133,171,1344,2010,2011
"622","Julian Wright","SF",23,"TOR",52,6,766,82,160,0.513,2,10,0.2,80,150,0.533,0.519,22,43,0.512,47,71,118,58,39,20,43,45,188,2010,2011
"623","Nick Young","SG",25,"WAS",64,40,2034,412,935,0.441,105,271,0.387,307,664,0.462,0.497,186,228,0.816,26,148,174,75,45,17,90,144,1115,2010,2011
"624","Sam Young","SF",25,"MEM",78,46,1577,233,494,0.472,17,50,0.34,216,444,0.486,0.489,89,116,0.767,40,147,187,71,68,23,61,120,572,2010,2011
"625","Thaddeus Young","PF",22,"PHI",82,1,2135,458,847,0.541,6,22,0.273,452,825,0.548,0.544,123,174,0.707,153,281,434,82,90,26,99,170,1045,2010,2011
