Name,School,Conf,Season,SOS,G,GS,MP,PTS,DRB,ORB,TRB,AST,STL,BLK,TOV,PF,FG,FGA,FG%,FT,FTA,FT%,2P,2PA,2P%,3P,3PA,3P%,EFG%,year,last
Blake Griffin,Oklahoma,Big 12,2009,6.88,35,35,33.3,22.7,10.5,3.9,14.4,2.3,1.1,1.2,3.3,2.5,8.6,13.1,0.654,5.5,9.3,0.59,8.5,12.9,0.659,0.1,0.2,0.375,0.6603053435114504,2,1
Hasheem Thabeet,UConn,Big East,2009,8.57,36,36,31.8,13.6,7.1,3.7,10.8,0.5,0.6,4.2,1.9,2.5,4.9,7.7,0.64,3.7,5.9,0.627,4.9,7.7,0.64,0,0,0,0.6363636363636364,3,1
James Harden,Arizona State,Pac-10,2009,7.82,35,35,35.8,20.1,4.2,1.4,5.6,4.2,1.7,0.3,3.4,2.8,6.3,12.9,0.489,5.8,7.7,0.7559999999999999,4.7,8.3,0.564,1.7,4.7,0.35600000000000004,0.5542635658914729,2,1
Tyreke Evans,Memphis,CUSA,2009,4.63,37,35,29,17.1,4.1,1.3,5.4,3.9,2.1,0.8,3.6,2.4,6.2,13.6,0.455,3.7,5.2,0.711,5.3,10.3,0.514,0.9,3.4,0.274,0.48897058823529416,1,1
Jonny Flynn,Syracuse,Big East,2009,9.48,38,38,37.3,17.4,2.2,0.6,2.7,6.7,1.4,0.2,3.4,1.4,5.8,12.5,0.46,4.7,6,0.7859999999999999,4.6,8.8,0.521,1.2,3.7,0.317,0.512,2,1
Stephen Curry,Davidson,Southern,2009,-3.33,34,34,33.7,28.6,3.8,0.6,4.4,5.6,2.5,0.2,3.7,2.4,9.2,20.2,0.454,6.5,7.4,0.8759999999999999,5.4,10.3,0.519,3.8,9.9,0.387,0.5495049504950495,3,1
Jordan Hill,Arizona,Pac-10,2009,8.8,34,34,35.7,18.3,6.8,4.2,11,1.5,0.9,1.7,2.9,3,7.4,13.8,0.537,3.4,5.3,0.654,7.4,13.8,0.537,0,0,0,0.5362318840579711,3,1
DeMar DeRozan,USC,Pac-10,2009,9.15,35,35,33.4,13.9,3.3,2.4,5.7,1.5,0.9,0.4,2.1,2.1,5.5,10.5,0.523,2.7,4.2,0.6459999999999999,5.3,9.5,0.562,0.2,1,0.16699999999999998,0.5333333333333333,1,1
Terrence Williams,Louisville,Big East,2009,8.41,37,36,34.2,12.5,7.2,1.4,8.6,5,2.3,0.8,2.3,1.7,4.6,10.6,0.431,1.8,3.2,0.581,3,6.6,0.459,1.5,4,0.385,0.5047169811320754,4,1
Tyler Hansbrough,UNC,ACC,2009,8.35,34,34,30.3,20.7,5.1,3,8.1,1,1.2,0.4,1.9,2.3,6.6,12.8,0.514,7.3,8.7,0.841,6.3,12.1,0.521,0.3,0.7,0.391,0.52734375,4,1
Earl Clark,Louisville,Big East,2009,8.41,37,36,34.3,14.2,5.9,2.8,8.7,3.2,1,1.4,3.2,1.9,5.5,11.9,0.457,2.4,3.8,0.647,4.6,9.4,0.493,0.8,2.6,0.326,0.4957983193277311,3,1
Austin Daye,Gonzaga,WCC,2009,3.55,34,33,26.3,12.7,5.8,1.1,6.8,1.1,0.7,2.1,2.1,2.9,4.7,9.8,0.477,2.3,3.2,0.706,3.6,7.3,0.494,1.1,2.5,0.429,0.5357142857142857,2,1
Jrue Holiday,UCLA,Pac-10,2009,7.18,35,35,27.1,8.5,2.5,1.3,3.8,3.7,1.6,0.5,2.1,2.1,3.2,7.1,0.45,1.3,1.8,0.726,2.4,4.6,0.528,0.8,2.5,0.307,0.5070422535211268,1,1
Ty Lawson,UNC,ACC,2009,8.35,35,35,29.9,16.6,2.3,0.7,3,6.6,2.1,0.1,1.9,1.7,5.2,9.8,0.532,4.7,5.9,0.7979999999999999,3.7,6.7,0.56,1.5,3.1,0.472,0.6071428571428571,3,1
Jeff Teague,Wake Forest,ACC,2009,7.36,31,31,32,18.8,2.8,0.5,3.3,3.5,1.9,0.6,3.4,2.2,5.8,12,0.485,5.8,7.1,0.8170000000000001,4.4,8.7,0.502,1.5,3.3,0.441,0.5458333333333333,2,1
Eric Maynor,VCU,CAA,2009,-0.65,34,34,35.5,22.4,3.1,0.5,3.6,6.2,1.7,0.2,3,2.4,7.3,15.8,0.463,5.8,7.1,0.815,5.4,10.4,0.516,1.9,5.4,0.361,0.5221518987341772,4,1
Darren Collison,UCLA,Pac-10,2009,7.18,35,35,31.5,14.4,1.9,0.5,2.4,4.7,1.6,0.1,2.5,1.5,5,9.8,0.509,3.2,3.6,0.897,3.8,6.9,0.5579999999999999,1.2,3,0.394,0.5714285714285714,4,1
BJ Mullens,Ohio State,Big Ten,2009,8.23,33,2,20.3,8.8,3,1.7,4.7,0.3,0.5,1.1,1.5,2.1,3.6,5.7,0.638,1.6,2.8,0.5589999999999999,3.6,5.7,0.642,0,0,0,0.631578947368421,1,1
Taj Gibson,USC,Pac-10,2009,9.15,35,35,33.7,14.3,5.5,3.5,9,1.3,1,2.9,2.1,2.9,5.4,9,0.601,3.4,5.2,0.659,5.4,9,0.601,0,0,0,0.6000000000000001,3,1
DeMarre Carroll,Missouri,Big 12,2009,6.72,38,38,28,16.6,4.8,2.4,7.2,2.2,1.6,0.7,1.5,2.2,6.5,11.6,0.5579999999999999,3.2,5,0.634,6.1,10.4,0.579,0.4,1.2,0.364,0.5775862068965517,4,1
Wayne Ellington,UNC,ACC,2009,8.35,38,37,30.4,15.8,3.4,1.5,4.9,2.7,0.9,0.2,1.6,1.5,5.7,11.7,0.483,2.3,2.9,0.777,3.4,6.3,0.539,2.2,5.4,0.417,0.5811965811965812,3,1
Toney Douglas,Florida State,ACC,2009,7.91,35,35,36.5,21.5,3.1,0.8,3.9,2.9,1.8,0.4,2.5,2.2,6.8,15.3,0.446,5.4,6.6,0.81,4.4,9,0.489,2.4,6.3,0.385,0.5228758169934641,4,1
Jeff Pendergraph,Arizona State,Pac-10,2009,7.82,35,35,32.5,14.5,5.7,2.5,8.2,0.9,0.5,0.9,1.2,2.7,5.7,8.6,0.66,3.2,4.1,0.779,5.7,8.5,0.662,0,0,0,0.6627906976744187,4,1
Jermaine Taylor,UCF,CUSA,2009,1.26,31,31,31.9,26.2,3.3,1.9,5.2,1.9,1.3,0.8,2.8,1.8,9.4,19.5,0.48,4.5,5.5,0.812,6.4,11.6,0.551,3,7.9,0.376,0.558974358974359,4,1
Dante Cunningham,Villanova,Big East,2009,8.72,38,38,31.6,16.1,4.9,2.6,7.5,1.2,1.2,1.2,2.2,2.7,6.4,12.2,0.525,3.3,4.7,0.6970000000000001,6.4,12.2,0.527,0,0.1,0,0.5245901639344263,4,1
DaJuan Summers,Georgetown,Big East,2009,8.97,31,31,29.4,13.6,3,1.2,4.1,1.3,1.1,0.7,2.6,2.6,4.4,9.3,0.474,3.1,4.4,0.713,2.7,5,0.552,1.7,4.4,0.385,0.564516129032258,3,1
Sam Young,Pitt,Big East,2009,8.61,36,36,31.8,19.2,4.3,1.9,6.3,1.1,1,0.8,2.4,1.7,7.3,14.4,0.502,3.2,4.3,0.74,5.8,10.4,0.552,1.5,4,0.3720000000000001,0.5590277777777778,4,1
DeJuan Blair,Pitt,Big East,2009,8.61,35,35,27.3,15.7,6.8,5.6,12.3,1.2,1.5,1,1.3,2.7,6.5,10.9,0.593,2.8,4.6,0.605,6.5,10.9,0.593,0,0,0,0.5963302752293578,2,1
Jon Brockman,Washington,Pac-10,2009,8.19,34,34,30.5,14.9,7.3,4.2,11.5,1.1,0.9,0.1,1.9,3,5.6,10.6,0.526,3.7,5.8,0.64,5.6,10.6,0.528,0,0,0,0.5283018867924528,4,1
Derrick Brown,Xavier,A-10,2009,4.65,35,35,29.5,13.7,3.7,2.3,6.1,1.9,0.7,0.9,1.7,2.5,4.9,9.6,0.504,2.9,3.9,0.741,3.7,7.1,0.53,1.1,2.6,0.433,0.5677083333333334,3,1
Jodie Meeks,Kentucky,SEC,2009,4.82,36,36,34.4,23.7,2.9,0.5,3.4,1.8,1.3,0.1,2.7,1.9,7.3,15.8,0.463,5.9,6.5,0.902,4.1,7.8,0.521,3.3,8,0.406,0.5664556962025316,3,1
Marcus Thornton,LSU,SEC,2009,3.27,35,35,31.9,21.1,3.5,2,5.5,2.1,1.6,0.4,1.8,2.1,7.3,15.5,0.472,4.3,5.7,0.745,5.1,9.7,0.522,2.2,5.7,0.388,0.5419354838709678,2,1
Chase Budinger,Arizona,Pac-10,2009,8.8,35,35,37.6,18,4.8,1.4,6.2,3.4,1.4,0.5,2.4,1.9,6.3,13,0.48,3.6,4.5,0.8009999999999999,4.3,8.2,0.528,1.9,4.8,0.399,0.5576923076923077,3,1
Nick Calathes,Florida,SEC,2009,3.88,36,35,33.3,17.2,4.5,0.9,5.3,6.4,1.9,0.2,3.3,1.9,5.7,11.8,0.482,3.8,5.3,0.7070000000000001,3.7,6.6,0.555,2,5.2,0.39,0.5677966101694915,2,1
Danny Green,UNC,ACC,2009,8.35,38,38,27.4,13.1,2.8,1.8,4.7,2.7,1.8,1.3,1.7,2.2,4.8,10.3,0.471,1.4,1.6,0.852,2.8,5.4,0.517,2,4.8,0.418,0.5631067961165048,4,1
Taylor Griffin,Oklahoma,Big 12,2009,6.88,36,36,30,9.6,3.6,2.3,5.8,1.3,1.3,1,1.7,2.8,3.5,6.5,0.536,2.5,3.6,0.7,3.3,6.1,0.5479999999999999,0.1,0.4,0.35700000000000004,0.5461538461538461,4,1
Goran Suton,Michigan State,Big Ten,2009,9.37,32,29,26.7,10.4,5.5,2.9,8.4,1.6,1.1,0.5,1.8,2.5,3.8,7.4,0.521,2.1,2.5,0.848,3.2,5.9,0.5429999999999999,0.7,1.5,0.438,0.5608108108108107,4,1
Jack McClinton,Miami (FL),ACC,2009,9.04,32,31,32.2,19.3,2.5,0.6,3.1,2.8,0.8,0,2.6,1.6,6.3,13.9,0.449,3.6,4.1,0.885,3.1,6.9,0.446,3.2,7,0.453,0.5683453237410072,4,1
A.J. Price,UConn,Big East,2009,8.57,35,35,31.8,14.7,2.9,0.6,3.5,4.7,0.7,0,2.7,1.3,4.9,11.9,0.408,2.7,3.7,0.721,2.5,6.1,0.413,2.3,5.8,0.402,0.5084033613445379,3,1
Robert Vaden,Alabama-Birmingham,CUSA,2009,3.67,34,34,36.5,17.6,4.2,0.7,4.9,2.1,1,0.6,2.5,1.8,6.1,15.4,0.397,2.2,2.9,0.74,2.8,5.8,0.48,3.3,9.5,0.34600000000000003,0.5032467532467533,4,1
Patrick Mills,Saint Mary's,WCC,2009,1.49,26,24,33.3,18.4,1.9,0.5,2.4,3.9,2.2,0.2,2.9,1.7,6.3,15.6,0.402,3.3,3.8,0.8590000000000001,3.7,8,0.464,2.6,7.6,0.338,0.48717948717948717,2,1
Ahmad Nivins,St. Joseph's,A-10,2009,2.21,32,32,39.3,19.2,7.9,3.9,11.8,1,0.8,1.8,2.7,2.2,6.4,10.5,0.612,6.3,8.1,0.787,6.4,10.4,0.614,0,0,0,0.6095238095238096,4,1
Lester Hudson,UT-Martin,OVC,2009,-4.9,32,32,36,27.5,5.8,2.2,7.9,4.2,2.3,0.6,3.3,2.7,9.8,21.8,0.449,4.6,5.3,0.8809999999999999,6.5,12.4,0.52,3.3,9.3,0.355,0.5252293577981652,2,1
Chinemelu Elonu,Texas A&M,Big 12,2009,6.13,34,30,23.8,9.8,4.5,2.9,7.3,0.3,0.3,1.6,1.8,2.8,3.8,5.7,0.665,2.2,3.6,0.628,3.8,5.7,0.665,0,0,0,0.6666666666666666,3,1
Robert Dozier,Memphis,CUSA,2009,4.63,37,36,30.2,12.9,4.6,2.9,7.5,1.4,1.3,1.6,2,2.7,4.5,8.6,0.519,3.4,4.6,0.721,3.9,7.1,0.5489999999999999,0.6,1.5,0.375,0.5581395348837209,4,1
John Wall,Kentucky,SEC,2010,6.82,37,37,34.8,16.6,3.5,0.8,4.3,6.5,1.8,0.5,4,1.9,5.5,11.8,0.461,4.7,6.3,0.754,4.5,8.8,0.509,1,3.1,0.325,0.5084745762711864,1,1
Evan Turner,Ohio State,Big Ten,2010,7.37,31,31,35.7,20.4,7.2,2,9.2,6,1.7,0.9,4.4,2.8,7.6,14.7,0.519,4.5,5.9,0.754,7,13,0.54,0.6,1.8,0.364,0.5374149659863946,3,1
Derrick Favors,Georgia Tech,ACC,2010,9.02,36,35,27.5,12.4,5.4,3,8.4,1,0.9,2.1,2.5,2.6,5,8.1,0.611,2.5,4,0.629,5,8.1,0.613,0,0,0,0.617283950617284,1,1
DeMarcus Cousins,Kentucky,SEC,2010,6.82,38,37,23.5,15.1,5.8,4.1,9.8,1,1,1.8,2.1,3.2,5.4,9.7,0.5579999999999999,4.3,7.1,0.604,5.4,9.6,0.565,0,0.2,0.16699999999999998,0.5567010309278352,1,1
Ekpe Udoh,Baylor,Big 12,2010,8.03,36,36,35.1,13.9,6.2,3.6,9.8,2.7,0.8,3.7,2.4,2.4,5.3,10.8,0.49,3.1,4.5,0.685,5.1,10.1,0.505,0.2,0.7,0.269,0.49999999999999994,3,1
Greg Monroe,Georgetown,Big East,2010,9.55,34,34,34.2,16.1,7.5,2.2,9.6,3.8,1.2,1.5,3.3,2.6,5.9,11.3,0.525,4.1,6.1,0.66,5.7,10.5,0.545,0.2,0.8,0.259,0.5309734513274336,2,1
Al-Farouq Aminu,Wake Forest,ACC,2010,8.85,31,30,31.3,15.8,6.4,4.3,10.7,1.3,1.4,1.4,3.2,2.9,5.4,12.1,0.447,4.5,6.4,0.698,4.8,9.9,0.484,0.6,2.1,0.273,0.4710743801652893,2,1
Gordon Hayward,Butler,Horizon,2010,5.08,37,37,33.5,15.5,6.3,1.9,8.2,1.7,1.1,0.8,2.3,2.1,4.7,10.1,0.464,4.8,5.8,0.8290000000000001,3.4,5.8,0.5920000000000001,1.3,4.3,0.294,0.5297029702970297,2,1
Paul George,Fresno State,WAC,2010,1.31,29,29,33.2,16.8,5.3,1.9,7.2,3,2.2,0.8,3.2,2.9,5.3,12.5,0.424,4.1,4.6,0.909,3.3,6.8,0.485,2,5.8,0.353,0.504,2,1
Cole Aldrich,Kansas,Big 12,2010,8.25,36,36,26.8,11.3,6.8,3.1,9.8,0.9,0.8,3.5,1.6,2.6,4.1,7.4,0.562,3,4.4,0.679,4.1,7.4,0.562,0,0,0,0.554054054054054,3,1
Xavier Henry,Kansas,Big 12,2010,8.25,36,36,27.5,13.4,3.2,1.2,4.4,1.5,1.5,0.5,1.9,1.8,4.5,9.8,0.458,2.5,3.2,0.7829999999999999,2.6,5.3,0.4920000000000001,1.9,4.6,0.418,0.5561224489795918,1,1
Ed Davis,UNC,ACC,2010,9.83,23,23,27.9,13.4,6.7,2.9,9.6,1,0.4,2.8,2,1.8,4.8,8.3,0.578,3.8,5.7,0.659,4.8,8.3,0.578,0,0,0,0.5783132530120482,2,1
Patrick Patterson,Kentucky,SEC,2010,6.82,38,38,33,14.3,4.4,3.1,7.4,0.9,0.7,1.3,1.1,1.6,5.7,9.8,0.575,2.4,3.4,0.6920000000000001,5,8,0.626,0.6,1.8,0.348,0.6122448979591836,3,1
Larry Sanders,VCU,CAA,2010,0.64,35,32,26.9,14.4,6.1,3,9.1,1,0.7,2.6,1.7,2.9,5.6,10.5,0.534,3.1,4.8,0.6409999999999999,5.5,10,0.547,0.1,0.5,0.25,0.5380952380952381,3,1
Luke Babbitt,Nevada,WAC,2010,2.56,34,34,37.1,21.9,6.9,2.1,8.9,2.1,1,0.8,2.4,2.6,7.4,14.8,0.5,5.9,6.4,0.917,6.1,11.8,0.521,1.2,3,0.416,0.5405405405405405,2,1
Eric Bledsoe,Kentucky,SEC,2010,6.82,37,35,30.3,11.3,2.6,0.5,3.1,2.9,1.4,0.3,3,2.2,3.9,8.4,0.462,2.2,3.3,0.667,2.6,5,0.516,1.3,3.5,0.383,0.5416666666666666,1,1
Avery Bradley,Texas,Big 12,2010,7.38,34,32,29.5,11.6,1.9,1,2.9,2.1,1.3,0.5,1.5,2.4,4.7,10.8,0.4320000000000001,1.1,1.9,0.545,3.4,7.5,0.457,1.2,3.3,0.375,0.4907407407407407,1,1
Craig Brackins,Iowa State,Big 12,2010,8.37,32,32,35.1,16.5,6.4,2.1,8.5,2.2,0.8,1.2,2.1,2,6,14.3,0.42,3.7,4.8,0.76,5.2,11.6,0.446,0.8,2.7,0.31,0.44755244755244755,3,1
Elliot Williams,Memphis,CUSA,2010,3.65,34,34,33.3,17.9,3.2,0.7,4,3.8,1.3,0.1,2.9,2,5.2,11.4,0.459,5.7,7.5,0.758,3.5,6.6,0.527,1.8,4.8,0.366,0.5350877192982456,2,1
Trevor Booker,Clemson,ACC,2010,7.9,32,32,30.8,15.2,5.6,2.8,8.4,2.5,1.3,1.4,1.9,2,5.9,11.3,0.521,3.2,5.3,0.591,5.6,10.2,0.547,0.3,1.1,0.265,0.5353982300884956,4,1
Damion James,Texas,Big 12,2010,7.38,34,34,30.3,18,7.1,3.1,10.3,1,1.7,1.2,2,2.9,6.2,12.3,0.501,4.6,6.8,0.674,5.1,9.6,0.535,1.1,2.8,0.383,0.548780487804878,4,1
Dominique Jones,South Florida,Big East,2010,7.21,33,33,37.1,21.4,5,1.1,6.1,3.6,1.7,0.6,2.9,2.8,6.7,14.9,0.45,6.3,8.5,0.741,5.2,9.9,0.521,1.6,5.1,0.311,0.5033557046979865,3,1
Quincy Pondexter,Washington,Pac-10,2010,7.49,36,36,32.3,19.3,4.4,3,7.4,1.8,1.3,0.6,1.9,2.5,6.8,12.9,0.528,5.2,6.3,0.8270000000000001,6.3,11.5,0.55,0.5,1.4,0.353,0.5465116279069767,4,1
Jordan Crawford,Xavier,A-10,2010,5.94,35,34,32.8,20.5,3.8,1,4.7,2.9,1.3,0.2,2.4,1.6,7.4,16.1,0.462,3.4,4.4,0.773,5.2,10.3,0.501,2.3,5.8,0.391,0.531055900621118,2,1
Greivis Vasquez,Maryland,ACC,2010,7.95,33,32,33.9,19.6,3.5,1.2,4.6,6.3,1.7,0.4,3.4,2.1,6.7,15.5,0.429,4.2,4.9,0.857,4.6,9.7,0.47,2.1,5.8,0.359,0.5,4,1
Daniel Orton,Kentucky,SEC,2010,6.82,38,0,13.2,3.4,2.1,1.2,3.3,0.4,0.6,1.4,1,2.3,1.3,2.4,0.527,0.9,1.7,0.524,1.3,2.3,0.539,0,0.1,0,0.5416666666666667,1,1
Lazar Hayward,Marquette,Big East,2010,8.23,34,34,32.3,18.1,5.4,2.1,7.5,1.5,1.9,0.5,2,3.4,6.5,15.1,0.4320000000000001,3.1,3.7,0.843,4.6,9.6,0.479,1.9,5.5,0.349,0.49337748344370863,4,1
Dexter Pittman,Texas,Big 12,2010,7.38,34,34,19.1,10.4,2.9,3,5.9,0.5,0.4,1.9,1.8,2.6,4.1,6.3,0.654,2.2,4,0.556,4.1,6.3,0.654,0,0,0,0.6507936507936507,4,1
Hassan Whiteside,Marshall,CUSA,2010,1.57,34,23,26.1,13.1,6.2,2.7,8.9,0.3,0.6,5.4,1.9,2.4,4.9,9.4,0.524,3.2,5.5,0.588,4.8,9.2,0.522,0.1,0.1,0.6,0.526595744680851,1,1
Armon Johnson,Nevada,WAC,2010,2.56,34,34,34.5,15.7,2.6,0.8,3.4,5.6,0.8,0.4,3.4,1.8,6.4,13,0.495,2.4,3.5,0.6779999999999999,5.9,10.9,0.544,0.5,2.1,0.239,0.5115384615384616,3,1
Terrico White,Ole Miss,SEC,2010,5.77,35,34,31.5,15.1,3,1.6,4.6,1.5,0.9,0.2,1.3,1.8,5.5,12.8,0.43,2.4,3.4,0.7140000000000001,3.7,7.7,0.489,1.7,5.1,0.341,0.49609374999999994,2,1
Darington Hobson,New Mexico,MWC,2010,3.84,35,35,33.6,15.9,7.1,2.1,9.3,4.6,1.3,0.4,3,1.9,5.5,12.5,0.44,3.7,5.7,0.653,4.4,9.5,0.465,1.1,3.1,0.361,0.484,1,1
Andy Rautins,Syracuse,Big East,2010,7.21,35,35,32.5,12.1,2.9,0.5,3.4,4.9,2,0.2,2.8,2.2,3.7,8.5,0.438,1.9,2.3,0.815,0.9,1.6,0.5710000000000001,2.8,6.9,0.407,0.6,4,1
Landry Fields,Stanford,Pac-10,2010,6.5,32,32,36.3,22,6.2,2.5,8.8,2.8,1.6,0.8,2.6,2,7.8,15.8,0.49,5.6,8,0.696,6.8,13.1,0.521,0.9,2.7,0.337,0.5221518987341772,4,1
Lance Stephenson,Cincinnati,Big East,2010,8.45,34,32,28.2,12.3,3.5,1.9,5.4,2.5,0.9,0.2,2.4,1.9,4.8,10.8,0.44,2.3,3.5,0.664,4.3,8.7,0.495,0.5,2.1,0.219,0.46759259259259256,1,1
Jarvis Varnado,Mississippi State,SEC,2010,4.6,36,36,31.7,13.8,7.3,3,10.3,0.9,0.7,4.7,2,2.4,5.1,8.8,0.5820000000000001,3.6,5.8,0.61,5.1,8.8,0.5820000000000001,0,0,0,0.5795454545454545,4,1
Da'Sean Butler,West Virginia,Big East,2010,10.26,38,38,35.8,17.2,4.6,1.6,6.2,3.1,1,0.4,1.8,2.2,5.5,13.2,0.414,4.4,5.6,0.789,3.6,8,0.452,1.8,5.2,0.354,0.4848484848484849,4,1
Devin Ebanks,West Virginia,Big East,2010,10.26,34,31,34.1,12,5.2,2.9,8.1,2.4,1.1,0.7,2.2,1.6,4.2,9.3,0.457,3.4,4.5,0.77,4.1,8.4,0.495,0.1,0.9,0.1,0.45698924731182794,2,1
Jerome Jordan,Tulsa,CUSA,2010,2.84,35,35,29.8,15.4,6.7,2.4,9.1,1.3,0.5,2.3,2.3,2.8,5.3,9.6,0.5489999999999999,4.9,7.1,0.688,5.3,9.6,0.5489999999999999,0,0,0,0.5520833333333334,4,1
Gani Lawal,Georgia Tech,ACC,2010,9.02,36,36,25.8,13.1,5.6,2.9,8.5,0.4,0.4,1.4,2.2,2.1,4.8,9,0.529,3.5,6.2,0.5720000000000001,4.8,9,0.531,0,0,0,0.5333333333333333,3,1
Tiny Gallon,Oklahoma,Big 12,2010,7.79,30,21,24,10.3,5.2,2.8,7.9,0.8,0.7,0.8,2.3,2.8,4.1,7.4,0.547,2.1,3,0.6970000000000001,3.9,6.9,0.573,0.1,0.6,0.235,0.5608108108108107,1,1
Solomon Alabi,Florida State,ACC,2010,6.79,32,32,25.6,11.7,3.7,2.5,6.2,0.5,0.6,2.3,1.9,2.3,4.2,7.8,0.534,3.4,4.3,0.794,4.2,7.8,0.534,0,0,0,0.5384615384615385,3,1
Magnum Rolle,Louisiana Tech,WAC,2010,-0.4,34,33,30.1,13.9,4.9,3.5,8.4,0.8,0.8,2.1,2,2.8,5.6,10.8,0.514,2.7,4.1,0.66,5.6,10.8,0.514,0,0,0,0.5185185185185185,4,1
Luke Harangody,Notre Dame,Big East,2010,6.22,30,25,33,21.8,6.9,2.2,9.1,1.6,0.5,0.7,1.8,2.3,8.1,16.9,0.481,4.7,5.9,0.787,7.3,14.2,0.514,0.8,2.7,0.309,0.5029585798816568,4,1
Willie Warren,Oklahoma,Big 12,2010,7.79,21,19,32.3,16.3,2.6,0.7,3.3,4.1,1,0,3.8,2.3,5,11.5,0.438,4.8,6,0.795,3.6,6.9,0.524,1.4,4.6,0.309,0.4956521739130435,2,1
Jeremy Evans,Western Kentucky,Sun Belt,2010,-2.18,34,34,26.5,10,3.9,3,6.9,0.7,0.8,1.8,1.1,2.9,4,6.2,0.649,1.9,2.7,0.688,3.9,5.9,0.6729999999999999,0.1,0.4,0.25,0.6532258064516129,4,1
Hamady N'Diaye,Rutgers,Big East,2010,5.91,32,25,28.3,9.4,4.8,2.4,7.1,0.4,0.4,4.5,1.5,2.9,3.6,6.2,0.579,2.3,3.8,0.617,3.6,6.2,0.579,0,0,0,0.5806451612903226,4,1
Ryan Reid,Florida State,ACC,2010,6.79,31,29,22.7,6.8,2.1,1.9,4,1.1,0.6,0.5,1.6,1.5,2.6,5.4,0.491,1.5,2.5,0.597,2.6,5.4,0.491,0,0,0,0.48148148148148145,4,1
Derrick Caracter,UTEP,CUSA,2010,1.96,27,22,26.7,14.1,5.4,2.7,8.1,1.1,1,0.9,2.9,3,5.5,9.7,0.5670000000000001,3,4.4,0.672,5.3,9.1,0.585,0.1,0.6,0.267,0.5721649484536083,3,1
Stanley Robinson,UConn,Big East,2010,9.15,34,34,34.2,14.5,5,2.7,7.6,1,0.9,1.2,2.3,1.5,6,11.4,0.525,1.8,2.9,0.629,5.2,9.1,0.5710000000000001,0.8,2.3,0.342,0.5614035087719298,4,1
Dwayne Collins,Miami (FL),ACC,2010,7.01,29,28,24.7,12,4.8,2.9,7.8,1.2,0.6,1.1,2.4,2.3,4.4,7.3,0.604,3.1,5.5,0.569,4.4,7.3,0.604,0,0,0,0.6027397260273973,4,1
Kyrie Irving,Duke,ACC,2011,8.31,11,8,27.5,17.5,2.8,0.5,3.4,4.3,1.5,0.5,2.5,2.1,5,9.5,0.529,5.8,6.5,0.901,3.4,5.9,0.569,1.6,3.5,0.462,0.6105263157894737,1,1
Tristan Thompson,North Texas,Sun Belt,2011,-5.07,33,31,32,18,2.7,0.5,3.2,1.8,0.7,0.1,2.2,1.9,4.8,10.4,0.459,6.4,7.7,0.8340000000000001,2.8,5.6,0.495,2,4.8,0.418,0.5576923076923077,4,1
Brandon Knight,Kentucky,SEC,2011,8.91,38,38,35.9,17.3,3.4,0.7,4,4.2,0.7,0.2,3.2,2.2,5.7,13.5,0.423,3.6,4.5,0.795,3.4,7.4,0.461,2.3,6.1,0.377,0.5074074074074074,1,1
Kemba Walker,UConn,Big East,2011,10.44,41,41,37.6,23.5,4.1,1.3,5.4,4.5,1.9,0.2,2.3,1.4,7.7,18,0.428,6.3,7.7,0.8190000000000001,5.9,12.5,0.471,1.8,5.5,0.33,0.47777777777777775,3,1
Jimmer Fredette,BYU,MWC,2011,5.76,37,37,35.8,28.9,2.8,0.6,3.4,4.3,1.3,0,3.5,1.3,9.4,20.7,0.452,6.8,7.6,0.894,6,12.2,0.491,3.4,8.5,0.396,0.5362318840579711,4,1
Klay Thompson,Washington State,Pac-10,2011,6.81,34,33,34.7,21.6,4.5,0.7,5.2,3.7,1.6,0.9,3.4,2.9,7.1,16.2,0.436,4.6,5.4,0.838,4.2,9,0.466,2.9,7.2,0.398,0.5277777777777778,3,1
Alec Burks,Colorado,Big 12,2011,5.61,38,37,31.4,20.5,4.1,2.4,6.5,2.9,1.1,0.3,2.6,2.3,6.6,14.1,0.469,6.6,7.9,0.825,5.9,11.6,0.508,0.7,2.5,0.292,0.4929078014184397,2,1
Markieff Morris,Kansas,Big 12,2011,7.62,38,34,24.4,13.6,5.6,2.7,8.3,1.4,0.8,1.1,2.1,2.8,5.1,8.7,0.589,2.7,4,0.6729999999999999,4.5,7.2,0.625,0.7,1.6,0.424,0.6264367816091954,3,1
Marcus Morris,Kansas,Big 12,2011,7.62,38,35,28.3,17.2,5,2.6,7.6,1.6,0.8,0.6,1.8,2.6,6.3,11.1,0.57,3.9,5.7,0.688,5.6,9.1,0.62,0.7,2,0.342,0.5990990990990991,3,1
Kawhi Leonard,San Diego State,MWC,2011,6.36,36,36,32.6,15.5,7.5,3.1,10.6,2.5,1.4,0.6,2.1,2.5,5.9,13.2,0.444,3.1,4,0.759,5.2,10.8,0.478,0.7,2.4,0.29100000000000004,0.4734848484848485,2,1
Nikola Vucevic,USC,Pac-10,2011,7.96,34,34,34.9,17.1,7.4,2.9,10.3,1.6,0.5,1.4,1.7,2.8,6.3,12.5,0.505,3.6,4.8,0.755,5.5,10.1,0.542,0.9,2.4,0.349,0.54,3,1
Iman Shumpert,Georgia Tech,ACC,2011,5.68,31,31,32,17.3,4.2,1.7,5.9,3.5,2.7,0.2,2.3,2.8,5.7,14.1,0.406,4.5,5.6,0.8059999999999999,4.4,9.2,0.474,1.4,4.9,0.278,0.4539007092198582,3,1
Chris Singleton,Florida State,ACC,2011,6.45,28,25,29.1,13.1,4.8,2.1,6.8,1.2,2,1.5,2.2,3.2,4.4,10.2,0.434,3,4.5,0.667,3.2,6.8,0.466,1.3,3.4,0.368,0.4950980392156864,3,1
Tobias Harris,Tennessee,SEC,2011,8.73,34,33,29.2,15.3,5.3,2,7.3,1.3,0.7,0.9,1.8,2.1,5.4,11.8,0.46,3.8,5,0.753,4.8,9.6,0.4970000000000001,0.7,2.2,0.303,0.4872881355932203,1,1
Nolan Smith,Duke,ACC,2011,8.31,37,37,34,20.6,3.3,1.2,4.5,5.1,1.2,0.1,3.2,1.9,7,15.4,0.458,5.1,6.2,0.813,5.5,10.9,0.501,1.5,4.4,0.35,0.5032467532467533,4,1
Kenneth Faried,Morehead State,OVC,2011,-3.13,35,34,34.7,17.3,8.8,5.7,14.5,1.1,1.9,2.3,2.6,3.1,6.7,10.7,0.623,4,6.9,0.5770000000000001,6.7,10.7,0.623,0,0,0,0.6261682242990655,4,1
Reggie Jackson,Boston College,ACC,2011,7.31,34,32,34.1,18.2,3.3,1,4.3,4.5,1.1,0.5,2.4,1.7,6.4,12.8,0.503,3.2,4,0.7959999999999999,4.4,7.8,0.556,2.1,5,0.42,0.58203125,3,1
MarShon Brooks,Providence,Big East,2011,6.44,32,31,36.5,24.6,4.8,2.3,7,2.5,1.5,1.2,3.1,2.5,8.6,17.8,0.483,5.3,6.8,0.772,6.5,11.7,0.5589999999999999,2.1,6.2,0.34,0.5421348314606742,4,1
JaJuan Johnson,Purdue,Big Ten,2011,8.69,34,33,35.4,20.5,6.1,2.4,8.6,1,0.9,2.3,1.6,1.6,7.6,15.3,0.494,5,6.1,0.809,7.1,13.8,0.516,0.4,1.5,0.294,0.5098039215686274,4,1
Norris Cole,Cleveland State,Horizon,2011,1.74,36,36,35.7,21.7,5.1,0.8,5.8,5.3,2.2,0.1,2.7,2.4,7,15.9,0.439,6.3,7.4,0.853,5.6,11.8,0.473,1.4,4.1,0.342,0.48427672955974843,4,1
Cory Joseph,Texas,Big 12,2011,7.96,36,36,32.4,10.4,2.9,0.6,3.6,3,1,0.3,1.5,1.8,3.8,8.9,0.422,1.4,2,0.6990000000000001,2.3,5.4,0.429,1.4,3.5,0.413,0.5056179775280899,1,1
Jimmy Butler,Marquette,Big East,2011,8.51,37,35,34.6,15.7,3.6,2.4,6.1,2.3,1.4,0.4,1.5,1.3,5.1,10.3,0.49,5.1,6.5,0.7829999999999999,4.5,8.8,0.515,0.5,1.6,0.345,0.5194174757281552,3,1
Justin Harper,Richmond,A-10,2011,2.79,37,37,31.8,17.9,5.2,1.7,6.9,1.2,0.6,1.2,1.5,2.2,6.6,12.4,0.534,2.5,3.2,0.797,4.5,7.8,0.585,2.1,4.6,0.448,0.6169354838709676,4,1
Kyle Singler,Duke,ACC,2011,8.31,37,37,34.8,16.9,4.5,2.4,6.8,1.6,0.9,0.3,1.9,2.6,5.9,13.8,0.43,3.4,4.2,0.8059999999999999,4.2,8.5,0.4970000000000001,1.7,5.2,0.321,0.48913043478260865,4,1
Shelvin Mack,Butler,Horizon,2011,5.02,38,37,32.1,16,3.8,0.7,4.5,3.4,0.8,0.1,2.4,1.7,5.3,13,0.408,3.2,4.1,0.769,3,6.5,0.462,2.3,6.5,0.354,0.4961538461538461,3,1
Tyler Honeycutt,UCLA,Pac-10,2011,7.93,33,33,35,12.8,5.7,1.5,7.2,2.8,0.9,2,3,1.6,4.4,10.8,0.406,2.4,3.2,0.736,2.7,6.2,0.438,1.7,4.6,0.362,0.4861111111111111,2,1
Jordan Williams,Maryland,ACC,2011,5.76,33,33,32.5,16.9,8.1,3.7,11.8,0.6,0.7,1.4,1.6,2.4,6.5,12,0.5379999999999999,4,6.9,0.575,6.5,12,0.5379999999999999,0,0,0,0.5416666666666666,2,1
Trey Thompkins,Georgia,SEC,2011,6.13,30,29,31.2,16.4,5.8,1.9,7.6,1.4,1.1,1.7,2.5,2.2,6.5,13.4,0.481,2.7,4,0.6890000000000001,5.7,11,0.52,0.8,2.5,0.311,0.5149253731343284,3,1
Chandler Parsons,Florida,SEC,2011,7.57,36,35,34.1,11.3,5.7,2.1,7.8,3.8,0.9,0.4,2.3,1.9,4.3,9,0.48,1.5,2.7,0.557,3.1,5.7,0.544,1.2,3.3,0.368,0.5444444444444444,4,1
Jon Leuer,Wisconsin,Big Ten,2011,9.41,34,34,33.5,18.3,5.6,1.7,7.2,1.6,0.5,0.9,1.6,2.2,6.7,14.2,0.47,3.3,3.9,0.843,5.1,9.9,0.513,1.6,4.3,0.37,0.5281690140845071,4,1
Darius Morris,Michigan,Big Ten,2011,10.68,35,34,34.8,15,3.1,0.9,4,6.7,1,0,2.9,2.1,5.7,11.7,0.489,3.1,4.3,0.715,5.3,9.9,0.5329999999999999,0.5,1.8,0.25,0.5085470085470086,2,1
Malcolm Lee,UCLA,Pac-10,2011,7.93,33,33,33.1,13.1,2.4,0.7,3.1,2,0.7,0.2,1.7,2.4,4.3,9.8,0.4370000000000001,3.4,4.4,0.778,3.1,5.8,0.534,1.2,4,0.295,0.4999999999999999,3,1
Charles Jenkins,Hofstra,CAA,2011,0.13,33,33,37.3,22.6,2.8,0.5,3.4,4.8,1.7,0.7,2.2,2,7.5,14.6,0.517,5.5,6.7,0.8240000000000001,5.5,9.8,0.563,2,4.8,0.42,0.5821917808219178,4,1
Josh Harrellson,Kentucky,SEC,2011,8.91,38,38,28.5,7.6,5,3.7,8.7,0.8,0.9,1.5,0.7,2.4,3.3,5.5,0.611,0.9,1.5,0.589,3.3,5.2,0.631,0.1,0.3,0.2,0.609090909090909,3,1
Andrew Goudelock,College of Charleston,Southern,2011,-1.04,37,37,35.2,23.7,3.2,0.7,3.9,4.2,0.9,0.2,3.2,1.8,8.6,18.9,0.455,3,3.6,0.821,5.1,10.2,0.496,3.5,8.7,0.407,0.5476190476190477,4,1
Travis Leslie,Georgia,SEC,2011,6.13,33,33,32.2,14.4,4,3.2,7.2,2.9,1.2,0.6,2.2,1.9,5.4,10.9,0.4920000000000001,3.3,4.1,0.8009999999999999,5,9.6,0.517,0.4,1.3,0.302,0.5137614678899083,3,1
Keith Benson,Oakland,Summit,2011,0.1,35,35,32.4,17.9,7.5,2.7,10.1,1.1,0.8,3.6,1.9,3.1,6.6,12.1,0.547,4.5,7,0.643,6.3,11.4,0.556,0.3,0.7,0.391,0.5578512396694215,4,1
Josh Selby,Kansas,Big 12,2011,7.62,26,11,20.4,7.9,1.8,0.4,2.2,2.2,0.8,0,2,1.7,2.8,7.4,0.373,1.1,1.4,0.757,1.5,3.8,0.384,1.3,3.6,0.362,0.4662162162162162,1,1
Lavoy Allen,Temple,A-10,2011,4.23,33,33,33.9,11.6,5.9,2.7,8.6,2.3,0.7,1.8,1.6,2.3,4.7,9.7,0.48,2.1,3,0.6970000000000001,4.5,9.2,0.49,0.2,0.5,0.294,0.4948453608247423,4,1
Jon Diebler,Ohio State,Big Ten,2011,8.38,37,36,35.7,12.6,2.3,0.4,2.6,2.4,1,0.1,0.9,1,3.9,7.7,0.507,1.7,2.1,0.81,0.8,1.6,0.525,3.1,6.1,0.502,0.7077922077922078,4,1
Vernon Macklin,Florida,SEC,2011,7.57,37,35,24.5,11.6,3.2,2.2,5.4,0.8,0.4,0.7,1.7,2.5,5.2,8.7,0.593,1.2,2.8,0.451,5.2,8.7,0.593,0,0,0,0.5977011494252874,4,1
DeAndre Liggins,Kentucky,SEC,2011,8.91,38,28,31.6,8.6,3.4,0.6,4,2.5,1.2,0.7,1.4,2.5,2.9,6.9,0.424,1.8,2.8,0.648,2,4.5,0.442,0.9,2.4,0.391,0.4855072463768116,3,1
E'Twaun Moore,Purdue,Big Ten,2011,8.69,34,33,33.9,18,3.6,1.5,5.1,3.2,1.2,0.5,1.8,2.1,6.5,14.5,0.447,2.9,4.1,0.7090000000000001,4.4,9.4,0.473,2.1,5.1,0.4,0.5206896551724138,4,1
Isaiah Thomas,Washington,Pac-10,2011,7.74,35,35,31.9,16.8,2.8,0.7,3.5,6.1,1.3,0.1,3,2.1,5.4,12.1,0.445,4.3,6,0.7190000000000001,3.7,7.1,0.512,1.7,4.9,0.349,0.5165289256198348,3,1
Michael Kidd-Gilchrist,Kentucky,SEC,2012,7.93,40,39,31.1,11.9,4.9,2.6,7.4,1.9,1,0.9,2.2,2.4,4,8.2,0.491,3.6,4.8,0.745,3.7,6.9,0.535,0.3,1.3,0.255,0.5060975609756099,1,1
Bradley Beal,Florida,SEC,2012,7.33,37,37,34.2,14.8,5.4,1.4,6.7,2.2,1.4,0.8,2.1,2.1,4.7,10.6,0.445,3.6,4.7,0.769,3,5.6,0.541,1.7,5,0.339,0.5235849056603774,1,1
Dion Waiters,Syracuse,Big East,2012,8.02,37,0,24.1,12.6,1.8,0.5,2.3,2.5,1.8,0.3,1.3,1.9,4.6,9.6,0.476,2.3,3.2,0.7290000000000001,3.5,6.6,0.529,1.1,3.1,0.363,0.5364583333333333,2,1
Thomas Robinson,Kansas,Big 12,2012,9.93,39,39,31.8,17.7,9,2.9,11.9,1.8,1.1,0.9,2.7,2.7,6.7,13.3,0.505,4.2,6.1,0.682,6.5,12.9,0.505,0.2,0.4,0.5,0.5112781954887218,3,1
Damian Lillard,Weber State,Big Sky,2012,-3.65,32,32,34.5,24.5,4.5,0.5,5,4,1.5,0.2,2.3,1.9,7.2,15.5,0.467,7.1,8,0.887,4.3,8.3,0.517,2.9,7.2,0.409,0.5580645161290323,4,1
Harrison Barnes,UNC,ACC,2012,7.07,38,37,29.2,17.1,3.3,1.9,5.2,1.1,1.1,0.3,1.9,1.8,6,13.7,0.44,3.7,5.1,0.723,4.7,10.1,0.469,1.3,3.6,0.358,0.48540145985401467,2,1
Terrence Ross,Washington,Pac-10,2012,5.27,35,35,31.1,16.4,5.1,1.4,6.4,1.4,1.3,0.9,2,2.8,6.1,13.4,0.457,2.1,2.7,0.7659999999999999,4.1,7.9,0.518,2.1,5.5,0.371,0.5335820895522387,2,1
Andre Drummond,UConn,Big East,2012,8.07,34,30,28.4,10,4.2,3.4,7.6,0.4,0.8,2.7,1.5,2.2,4.6,8.6,0.5379999999999999,0.8,2.6,0.295,4.6,8.5,0.541,0,0.1,0,0.5348837209302325,1,1
Austin Rivers,Duke,ACC,2012,8.4,34,33,33.2,15.5,2.8,0.6,3.4,2.1,1,0,2.3,2.2,5.1,11.8,0.433,3.6,5.4,0.6579999999999999,3.4,7.1,0.477,1.7,4.7,0.365,0.5042372881355931,1,1
Meyers Leonard,Illinois,Big Ten,2012,7.99,32,29,31.8,13.6,5.9,2.3,8.2,1.3,0.5,1.9,2.1,2.9,5.3,9.1,0.584,2.9,4,0.732,5.3,8.8,0.604,0,0.3,0.091,0.5824175824175825,2,1
Jeremy Lamb,UConn,Big East,2012,8.07,34,34,37.2,17.7,3.9,0.9,4.9,1.7,1.2,0.6,2,1.7,6.4,13.4,0.478,2.9,3.6,0.81,4.3,7.1,0.601,2.1,6.2,0.336,0.5559701492537313,2,1
Kendall Marshall,UNC,ACC,2012,7.07,36,35,33,8.1,2.4,0.2,2.6,9.8,1.2,0.2,2.8,1.6,2.9,6.3,0.467,1.5,2.2,0.696,2.1,4.1,0.527,0.8,2.2,0.354,0.5238095238095238,2,1
John Henson,UNC,ACC,2012,7.07,35,34,29.1,13.7,7.4,2.5,9.9,1.3,0.6,2.9,1.3,1.6,5.9,11.7,0.5,2,3.9,0.511,5.9,11.7,0.5,0,0,0,0.5042735042735044,3,1
Maurice Harkless,St. John's (NY),Big East,2012,6.98,32,32,36.1,15.5,5.9,2.8,8.6,1.5,1.6,1.4,2.5,2.3,6,13.3,0.452,2.9,4.3,0.6759999999999999,5.5,10.9,0.506,0.5,2.5,0.215,0.4699248120300752,1,1
Royce White,Iowa State,Big 12,2012,7.32,34,33,31.5,13.4,6.8,2.5,9.3,5,1.2,0.9,3.8,2.6,5.1,9.6,0.534,3,6,0.498,5,9.3,0.541,0.1,0.4,0.333,0.5364583333333333,1,1
Tyler Zeller,UNC,ACC,2012,7.07,38,38,28.2,16.3,5.8,3.8,9.6,0.9,0.9,1.5,1.9,2.7,5.8,10.5,0.5529999999999999,4.8,5.9,0.8079999999999999,5.8,10.5,0.5529999999999999,0,0,0,0.5523809523809524,4,1
Terrence Jones,Kentucky,SEC,2012,7.93,38,34,29.3,12.3,4.6,2.5,7.2,1.3,1.3,1.8,1.6,2.4,4.7,9.3,0.5,2.6,4.2,0.627,4.2,8,0.528,0.4,1.3,0.327,0.5268817204301075,2,1
Andrew Nicholson,St. Bonaventure,A-10,2012,2.84,32,32,30.1,18.5,5.8,2.6,8.4,1,0.7,2,2.5,2.8,6.9,12,0.5710000000000001,4,5.2,0.7759999999999999,6.2,10.4,0.593,0.7,1.7,0.434,0.6041666666666666,4,1
Jared Sullinger,Ohio State,Big Ten,2012,9.07,37,36,30.4,17.5,6.1,3.1,9.2,1.2,1.2,1.1,1.9,2.9,6.2,11.9,0.519,4.7,6.2,0.768,5.7,10.8,0.531,0.4,1.1,0.4,0.5378151260504201,2,1
Fab Melo,Syracuse,Big East,2012,8.02,30,30,25.4,7.8,3.2,2.7,5.8,0.7,0.5,2.9,1.4,2.8,3.3,5.8,0.5660000000000001,1.3,2,0.633,3.3,5.8,0.5660000000000001,0,0,0,0.5689655172413793,2,1
John Jenkins,Vanderbilt,SEC,2012,8.04,35,35,33.6,19.9,2.4,0.5,2.9,1.2,0.8,0.3,1.6,1.2,6.2,13.1,0.474,3.7,4.4,0.8370000000000001,2.4,4.4,0.542,3.8,8.7,0.439,0.6183206106870229,3,1
Tony Wroten,Washington,Pac-10,2012,5.27,35,27,30.3,16,2.7,2.3,5,3.7,1.9,0.4,3.8,2.7,5.7,12.8,0.443,4.4,7.5,0.583,5.4,11.2,0.483,0.3,1.6,0.161,0.45703125,1,1
Miles Plumlee,Duke,ACC,2012,8.4,34,16,20.5,6.6,4.2,2.9,7.1,0.5,0.5,0.9,1.2,2.3,2.6,4.3,0.61,1.4,2.2,0.632,2.6,4.3,0.61,0,0,0,0.6046511627906977,4,1
Arnett Moultrie,Mississippi State,SEC,2012,4.86,30,30,35.8,16.4,6.8,3.7,10.5,1.2,0.8,0.8,2.4,2.2,6,10.9,0.5489999999999999,4.1,5.3,0.78,5.7,10.3,0.555,0.3,0.6,0.444,0.5642201834862386,3,1
Perry Jones,Baylor,Big 12,2012,8.03,33,33,30.7,13.5,4.9,2.7,7.6,1.3,0.8,0.6,1.7,2.3,5.5,11,0.5,2.2,3.1,0.696,5.2,10,0.52,0.3,1,0.303,0.5136363636363637,2,1
Marquis Teague,Kentucky,SEC,2012,7.93,40,40,32.6,10,2.1,0.4,2.5,4.8,0.9,0.3,2.7,2.3,3.6,8.8,0.412,2.1,3,0.7140000000000001,3,6.8,0.438,0.7,2,0.325,0.44886363636363635,1,1
Festus Ezeli,Vanderbilt,SEC,2012,8.04,26,22,23.2,10.1,3.5,2.4,5.9,0.3,0.4,2,2.2,3.2,3.4,6.3,0.539,3.2,5.3,0.604,3.4,6.3,0.539,0,0,0,0.5396825396825397,4,1
Bernard James,Florida State,ACC,2012,7.62,35,35,28,10.8,5,3.1,8.1,0.5,0.7,2.3,2.1,1.9,4.5,7.4,0.606,1.8,3.3,0.552,4.5,7.4,0.606,0,0,0,0.6081081081081081,2,1
Jae Crowder,Marquette,Big East,2012,7.5,35,35,32.9,17.5,6.4,2,8.4,2.1,2.5,1,1.3,2.7,6.2,12.5,0.498,3.4,4.6,0.735,4.5,7.4,0.602,1.7,5.1,0.345,0.564,2,1
Draymond Green,Michigan State,Big Ten,2012,9.81,37,36,33.2,16.2,8.5,2.1,10.6,3.8,1.5,0.9,3,2.8,5.7,12.8,0.449,3.4,4.7,0.723,4.3,9.1,0.473,1.4,3.6,0.388,0.5,4,1
Orlando Johnson,UCSB,Big West,2012,-1.38,31,31,34.4,19.7,4.1,1.7,5.8,2.9,1.1,0.7,2.5,1.8,6.7,14.8,0.451,4.1,5.9,0.698,4.4,9.5,0.464,2.3,5.3,0.4270000000000001,0.5304054054054054,4,1
Quincy Acy,Baylor,Big 12,2012,8.03,38,38,29.7,12,4.8,2.6,7.4,1,0.9,1.8,1.9,3.1,4.2,7.2,0.5770000000000001,3.6,4.6,0.782,4.1,7.1,0.5760000000000001,0.1,0.1,0.6,0.5902777777777778,4,1
Quincy Miller,Baylor,Big 12,2012,8.03,37,35,24.4,10.6,3.5,1.5,4.9,1.4,0.7,0.6,1.8,1.9,3.7,8.4,0.447,2.5,3.1,0.816,3.1,6.5,0.475,0.6,1.9,0.348,0.47619047619047616,1,1
Khris Middleton,Texas A&M,Big 12,2012,6.54,20,17,28.8,13.2,3.7,1.3,5,2.3,1,0.3,2.2,1.9,5.1,12.3,0.415,2,2.6,0.75,4.1,8.5,0.485,1,3.9,0.26,0.4552845528455284,3,1
Will Barton,Memphis,CUSA,2012,5.26,35,34,35.3,18,6,2,8,2.9,1.4,0.7,2.1,2.1,6.6,12.9,0.509,3.8,5.1,0.7490000000000001,5.5,9.9,0.5589999999999999,1.1,3.1,0.34600000000000003,0.5542635658914729,2,1
Tyshawn Taylor,Kansas,Big 12,2012,9.93,39,38,33.4,16.6,2.1,0.2,2.3,4.8,1.3,0.2,3.5,2,5.8,12.2,0.477,3.5,5.1,0.688,4.3,8.3,0.522,1.5,3.9,0.382,0.5368852459016393,4,1
Doron Lamb,Kentucky,SEC,2012,7.93,40,35,31.2,13.7,2.3,0.4,2.7,1.5,0.5,0.1,1.1,1.8,4.4,9.2,0.474,3.1,3.7,0.826,2.5,5.2,0.481,1.9,4.1,0.466,0.5815217391304349,2,1
Kim English,Missouri,Big 12,2012,5.68,35,35,33.6,14.5,3.4,0.9,4.2,1.6,1.3,0.3,1.7,2.4,4.9,9.4,0.521,2.5,3.4,0.725,2.7,4.5,0.589,2.2,4.9,0.459,0.6382978723404255,4,1
Darius Miller,Kentucky,SEC,2012,7.93,40,11,26.1,9.9,1.9,0.9,2.8,2.1,0.8,0.3,1.5,2.2,3.6,7.6,0.474,1.4,1.7,0.797,2.2,3.8,0.569,1.4,3.7,0.376,0.5657894736842105,4,1
Kevin Murphy,Tennessee Tech,OVC,2012,-3.06,33,32,34.5,20.6,4.3,0.9,5.2,2.3,0.8,0.2,3.3,2.2,7.2,16.3,0.444,3.8,5.2,0.721,4.8,10.5,0.46,2.4,5.8,0.416,0.5153374233128835,4,1
Kyle O'Quinn,Norfolk State,MEAC,2012,-5.39,36,36,31.3,15.9,7.2,3.2,10.3,1.4,0.7,2.7,2.6,3.3,5.7,9.9,0.573,4.3,6.2,0.696,5.5,9.1,0.61,0.2,0.9,0.188,0.5858585858585859,4,1
Kris Joseph,Syracuse,Big East,2012,8.02,37,37,32.2,13.4,3.2,1.5,4.7,1.5,1.4,0.6,1.5,1.7,4.4,10.5,0.421,3.2,4.2,0.745,3.1,6.5,0.467,1.4,4,0.345,0.48571428571428577,4,1
Darius Johnson-Odom,Marquette,Big East,2012,7.5,34,33,32.9,18.3,2.9,0.6,3.5,2.7,0.9,0.1,2.4,2,6.2,13.8,0.447,3.7,4.9,0.764,3.9,7.9,0.493,2.3,5.9,0.385,0.5326086956521738,3,1
Robbie Hummel,Purdue,Big Ten,2012,8.05,35,35,32.2,16.4,5.6,1.6,7.2,1.9,0.7,1.2,0.9,2.1,5.5,13.3,0.417,3.2,3.9,0.825,3.5,7.9,0.44,2.1,5.4,0.383,0.49248120300751874,4,1
Marcus Denmon,Missouri,Big 12,2012,5.68,35,35,34.6,17.7,4,1,5,2.1,1.5,0,1.2,1,5.7,12.4,0.46,3.4,3.8,0.8959999999999999,2.9,5.5,0.526,2.8,6.9,0.407,0.5725806451612903,4,1
Robert Sacre,Gonzaga,WCC,2012,3.25,33,33,26.3,11.6,4.3,2,6.3,0.7,0.4,1.4,1.8,2.2,3.5,6.9,0.511,4.5,6,0.7609999999999999,3.5,6.9,0.515,0,0.1,0,0.5072463768115941,5,1
Anthony Bennett,UNLV,MWC,2013,5.71,35,31,27.1,16.1,5.7,2.5,8.1,1,0.7,1.2,1.9,2.3,5.8,10.8,0.5329999999999999,3.5,5.1,0.701,4.7,8.1,0.5870000000000001,1,2.7,0.375,0.5833333333333333,1,1
Victor Oladipo,Indiana,Big Ten,2013,8.38,36,36,28.4,13.6,3.7,2.6,6.3,2.1,2.2,0.8,2.3,2.5,5.1,8.4,0.599,2.7,3.6,0.746,4.2,6.6,0.644,0.8,1.9,0.441,0.6547619047619048,3,1
Otto Porter,Georgetown,Big East,2013,7.59,31,30,35.4,16.2,5.7,1.8,7.5,2.7,1.8,0.9,1.5,2,5.4,11.3,0.48,3.9,5.1,0.777,4,8,0.504,1.4,3.3,0.422,0.5398230088495576,2,1
Cody Zeller,Indiana,Big Ten,2013,8.38,36,36,29.5,16.5,5.2,2.8,8,1.3,1,1.3,2.3,2.2,5.5,9.8,0.564,5.4,7.2,0.757,5.5,9.8,0.5670000000000001,0,0.1,0,0.5612244897959183,2,1
Alex Len,Maryland,ACC,2013,4.66,38,37,26.4,11.9,5,2.9,7.8,1,0.2,2.1,1.6,2.7,4.6,8.5,0.534,2.8,4,0.6859999999999999,4.5,8.3,0.544,0,0.2,0.125,0.5411764705882353,2,1
Nerlens Noel,Kentucky,SEC,2013,5.78,24,24,31.9,10.5,6.8,2.7,9.5,1.6,2.1,4.4,1.9,2.6,4.1,6.9,0.59,2.3,4.3,0.529,4.1,6.9,0.59,0,0,0,0.5942028985507245,1,1
Ben McLemore,Kansas,Big 12,2013,7.54,37,36,32.2,15.9,3.9,1.3,5.2,2,1,0.7,2.1,1.9,5.4,10.8,0.495,3.2,3.7,0.87,3.4,6.1,0.5529999999999999,2,4.7,0.42,0.5925925925925926,1,1
Kentavious Caldwell-Pope,Georgia,SEC,2013,6.09,32,30,33.9,18.5,5.9,1.2,7.1,1.8,2,0.5,2,2.2,5.8,13.4,0.433,4.2,5.3,0.799,3.2,6.4,0.498,2.6,7,0.373,0.5298507462686567,2,1
Trey Burke,Michigan,Big Ten,2013,10.05,39,39,35.3,18.6,2.6,0.5,3.2,6.7,1.6,0.5,2.2,1.9,6.6,14.4,0.463,3.4,4.3,0.8009999999999999,4.7,9.3,0.506,1.9,5.1,0.384,0.5243055555555556,2,1
CJ McCollum,Lehigh,Patriot,2013,-3.01,12,11,31,23.9,4,1,5,2.9,1.4,0.3,2.7,1.8,8,16.2,0.495,5.2,6.1,0.8490000000000001,5.3,10.8,0.485,2.8,5.3,0.516,0.5802469135802469,4,1
Michael Carter-Williams,Syracuse,Big East,2013,8.57,40,40,35.2,11.9,3.7,1.3,5,7.3,2.7,0.5,3.5,2.3,3.9,9.9,0.393,3.2,4.7,0.6940000000000001,3,6.9,0.436,0.9,3,0.294,0.43939393939393934,2,1
Steven Adams,Pitt,Big East,2013,5.63,32,32,23.4,7.2,3.5,2.8,6.3,0.6,0.7,2,1.1,1.6,3.1,5.5,0.5710000000000001,1,2.2,0.443,3.1,5.5,0.5710000000000001,0,0,0,0.5636363636363636,1,1
Kelly Olynyk,Gonzaga,WCC,2013,4.18,32,27,26.4,17.8,4.9,2.4,7.3,1.7,0.7,1.1,2.4,2.3,6.7,10.7,0.629,4.1,5.3,0.7759999999999999,6.4,9.8,0.66,0.3,0.9,0.3,0.6401869158878506,3,1
Shabazz Muhammad,UCLA,Pac-10,2013,7.82,32,30,30.8,17.9,2.5,2.7,5.2,0.8,0.7,0.1,1.6,1.7,6.3,14.3,0.443,4,5.6,0.711,5.1,10.9,0.463,1.3,3.3,0.377,0.486013986013986,1,1
Shane Larkin,Miami (FL),ACC,2013,7.88,36,35,36.4,14.5,3.4,0.5,3.8,4.6,2,0.1,2.3,1.6,5.1,10.6,0.479,2.4,3.1,0.777,3.2,5.9,0.5379999999999999,1.9,4.7,0.406,0.5707547169811321,2,1
Tony Snell,New Mexico,MWC,2013,6.63,35,35,31.2,12.5,2.2,0.4,2.6,2.9,0.8,0.5,2.1,1.3,4.1,9.7,0.422,2.5,2.9,0.843,2.3,5.1,0.452,1.8,4.7,0.39,0.5154639175257733,3,1
Gorgui Dieng,Louisville,Big East,2013,9.13,33,32,31.1,9.8,6,3.4,9.4,2,1.3,2.5,1.8,2.6,3.8,7.1,0.534,2.2,3.4,0.652,3.8,7.1,0.534,0,0,0,0.5352112676056338,3,1
Mason Plumlee,Duke,ACC,2013,9.54,36,36,34.7,17.1,7.2,2.7,9.9,1.9,1,1.4,2.9,2.6,6.1,10.3,0.599,4.8,7.1,0.6809999999999999,6.1,10.3,0.599,0,0,0,0.5922330097087378,4,1
Solomon Hill,Arizona,Pac-10,2013,7.47,35,35,33,13.4,3.6,1.7,5.3,2.7,1.1,0.6,2.2,2.2,4.5,9.9,0.458,2.7,3.5,0.7659999999999999,2.9,5.7,0.508,1.6,4.2,0.39,0.5353535353535354,4,1
Andre Roberson,Colorado,Big 12,2013,7.95,31,30,33.4,10.9,8.2,3,11.2,1.4,2.2,1.3,2.4,2.5,4.3,8.9,0.48,1.7,3.2,0.551,3.6,7,0.521,0.6,1.9,0.328,0.5168539325842696,3,1
Archie Goodwin,Kentucky,SEC,2013,5.78,33,33,31.8,14.1,3.2,1.5,4.6,2.7,1.1,0.5,3.1,2.9,4.8,10.8,0.44,4.1,6.4,0.637,4.2,8.9,0.478,0.5,1.9,0.266,0.46759259259259256,1,1
Allen Crabbe,California,Pac-10,2013,7.77,33,33,36.2,18.4,5.1,1,6.1,2.6,1.1,0.7,2.5,2.1,6.5,14.2,0.459,3.4,4.2,0.813,4.6,8.6,0.532,1.9,5.6,0.348,0.5246478873239437,3,1
Carrick Felix,Arizona State,Pac-10,2013,4.6,35,34,35.3,14.6,6.1,2.1,8.1,1.6,1.4,1.1,2,3,5.4,10.8,0.5,2.3,3.5,0.664,3.9,6.8,0.573,1.5,4,0.374,0.5694444444444444,3,1
Isaiah Canaan,Murray State,OVC,2013,-2.89,31,30,36.5,21.8,2.9,0.6,3.5,4.3,1.5,0.1,3.2,1.9,6.9,16.1,0.431,4.9,6,0.8220000000000001,3.9,7.9,0.494,3,8.2,0.37,0.5217391304347826,4,1
Nate Wolters,South Dakota State,Summit,2013,-3.27,33,33,38.1,22.3,4.5,1.1,5.6,5.8,1.7,0.1,2.3,1.5,7.3,15.1,0.485,5.7,7,0.813,5.4,10,0.539,1.9,5.1,0.379,0.5463576158940397,4,1
Jeff Withey,Kansas,Big 12,2013,7.54,37,36,30.9,13.7,6.4,2.1,8.5,0.9,0.8,3.9,2,2.1,5,8.6,0.5820000000000001,3.7,5.2,0.7140000000000001,5,8.6,0.58,0,0,1,0.5813953488372093,4,1
Grant Jerrett,Arizona,Pac-10,2013,7.47,34,2,17.8,5.2,2.5,1.1,3.6,0.5,0.5,1,0.6,1.3,1.9,4.5,0.409,0.5,0.6,0.818,0.9,2.2,0.413,0.9,2.3,0.405,0.5222222222222223,1,1
Jamaal Franklin,San Diego State,MWC,2013,6.19,32,32,33.1,16.9,7.8,1.8,9.5,3.3,1.6,0.8,3.4,2.6,5.2,12.5,0.411,5.3,6.8,0.7809999999999999,3.9,7.9,0.4920000000000001,1.3,4.6,0.272,0.468,3,1
Pierre Jackson,Baylor,Big 12,2013,7.13,36,35,34.8,19.8,3.1,0.7,3.8,7.1,1.5,0,3.4,2.2,6,14.1,0.4270000000000001,5.3,6.7,0.8,3.6,7.3,0.49,2.4,6.8,0.359,0.5106382978723405,2,1
Mike Muscala,Bucknell,Patriot,2013,-1.96,34,34,31.7,18.7,8.2,2.9,11.1,2.3,0.5,2.4,1.7,2.2,6.7,13.1,0.509,5.3,6.7,0.789,6.6,12.6,0.519,0.1,0.5,0.25,0.5152671755725191,4,1
Erick Green,Virginia Tech,ACC,2013,6.27,32,32,36.4,25,3.5,0.5,4,3.8,1.3,0.2,2.2,1.4,8.2,17.2,0.475,6.8,8.3,0.816,6.3,12.3,0.509,1.9,4.9,0.389,0.5319767441860465,4,1
Erik Murphy,Florida,SEC,2013,6.83,36,34,26.4,12.2,3.9,1.6,5.5,1.4,0.6,0.7,1.4,2.8,4.6,8.8,0.516,1.1,1.4,0.784,2.6,4.4,0.579,2,4.4,0.453,0.6363636363636362,4,1
James Ennis,Long Beach State,Big West,2013,1.92,33,32,33.1,16.5,4.7,2,6.7,2.1,1.8,1.3,3,2.3,5.5,11.2,0.491,3.8,4.6,0.8340000000000001,3.8,6.6,0.585,1.7,4.7,0.35700000000000004,0.5669642857142857,2,1
Romero Osby,Oklahoma,Big 12,2013,7.09,32,31,28.5,16,5,2.1,7,1.3,0.6,0.8,1.3,2.4,5.4,10.3,0.526,4.8,6.1,0.794,5.2,9.8,0.525,0.3,0.5,0.529,0.5388349514563107,4,1
Lorenzo Brown,NC State,ACC,2013,7.17,33,32,34.2,12.4,3.7,0.7,4.3,7.2,2,0.6,3.5,2,4.2,10.1,0.419,3.3,4.2,0.7709999999999999,3.6,7.8,0.465,0.6,2.3,0.263,0.44554455445544555,3,1
Colton Iverson,Colorado State,MWC,2013,5.89,35,35,29.5,14.2,6.4,3.3,9.8,1.3,0.6,0.7,2,2.6,5.2,8.8,0.596,3.7,6.3,0.59,5.2,8.8,0.596,0,0,0,0.5909090909090908,4,1
Arsalan Kazemi,Oregon,Pac-12,2013,5.77,35,27,29,9.4,7.2,2.8,10,1.4,2,0.7,1.5,1.9,3.2,5.4,0.595,2.9,4.3,0.675,3.2,5.4,0.598,0,0,0,0.5925925925925926,4,1
Peyton Siva,Louisville,Big East,2013,9.13,40,40,31.2,10,2.1,0.3,2.4,5.7,2.3,0.2,2.7,2.6,3.5,8.6,0.404,2.1,2.5,0.867,2.5,5.3,0.476,1,3.3,0.28800000000000003,0.46511627906976744,4,1
Alex Oriakhi,Missouri,Big 12,2013,6,34,34,25.8,11.2,5.3,3.1,8.4,0.4,0.6,1.6,1.4,2.3,4.1,6.4,0.639,3.1,4.2,0.746,4.1,6.4,0.639,0,0,0,0.6406249999999999,4,1
Deshaun Thomas,Ohio State,Big Ten,2013,9.32,37,37,35.4,19.8,4.2,1.7,5.9,1.3,0.5,0.3,1.4,1.5,7,15.8,0.444,3.8,4.6,0.8340000000000001,5.1,10.1,0.5,1.9,5.6,0.344,0.5031645569620253,3,1
Andrew Wiggins,Kansas,Big 12,2014,11.4,35,35,32.8,17.1,3.7,2.2,5.9,1.5,1.2,1,2.3,2.7,5.4,12.1,0.448,5,6.5,0.775,4.2,8.5,0.493,1.2,3.6,0.341,0.49586776859504134,1,1
Jabari Parker,Duke,ACC,2014,8.48,35,35,30.7,19.1,5.7,3,8.7,1.2,1.1,1.2,2.3,2.4,6.7,14.3,0.473,4.6,6.1,0.748,5.7,11.2,0.504,1.1,3,0.358,0.506993006993007,1,1
Joel Embiid,Kansas,Big 12,2014,11.4,28,20,23.1,11.2,5.8,2.3,8.1,1.4,0.9,2.6,2.4,3.4,3.8,6.1,0.626,3.5,5.1,0.685,3.8,5.9,0.639,0,0.2,0.2,0.6229508196721312,1,1
Aaron Gordon,Arizona,Pac-10,2014,9.04,38,38,31.2,12.4,5.3,2.7,8,2,0.9,1,1.4,2.4,5,10.1,0.495,2,4.7,0.422,4.6,8.9,0.513,0.4,1.2,0.35600000000000004,0.5148514851485149,1,1
Marcus Smart,Oklahoma State,Big 12,2014,8.34,31,31,32.7,18,4.5,1.4,5.9,4.8,2.9,0.6,2.6,2.9,5.3,12.5,0.422,5.9,8.1,0.728,3.7,7.2,0.514,1.6,5.3,0.299,0.488,2,1
Julius Randle,Kentucky,SEC,2014,9.89,40,40,30.8,15,6.9,3.5,10.4,1.4,0.5,0.8,2.5,2.3,4.9,9.8,0.501,5.1,7.2,0.706,4.8,9.3,0.517,0.1,0.5,0.16699999999999998,0.5051020408163265,1,1
Nik Stauskas,Michigan,Big Ten,2014,9.65,36,36,35.6,17.5,2.5,0.4,2.9,3.3,0.6,0.3,1.9,1.3,5.1,10.9,0.47,4.7,5.7,0.8240000000000001,2.6,5.2,0.5,2.6,5.8,0.442,0.5871559633027522,2,1
Noah Vonleh,Indiana,Big Ten,2014,6.64,30,29,26.5,11.3,6.6,2.4,9,0.6,0.9,1.4,2.1,2.7,3.8,7.2,0.523,3.2,4.5,0.716,3.2,6.1,0.53,0.5,1.1,0.485,0.5625,1,1
Elfrid Payton,Louisiana,Sun Belt,2014,-0.28,35,34,35.9,19.2,3.7,2.3,6,5.9,2.3,0.6,3.6,2.4,6.8,13.3,0.509,5.3,8.6,0.609,6.4,11.8,0.541,0.4,1.5,0.259,0.5263157894736842,3,1
Doug McDermott,Creighton,MVC,2014,7.17,35,35,33.7,26.7,5.3,1.6,7,1.6,0.2,0.1,1.8,1.9,9.4,17.9,0.526,5.1,5.9,0.8640000000000001,6.7,11.8,0.5670000000000001,2.7,6.1,0.449,0.6005586592178771,4,1
Zach LaVine,UCLA,Pac-10,2014,7.62,37,1,24.4,9.4,2.1,0.5,2.5,1.8,0.9,0.2,1.1,2,3.4,7.8,0.441,1.3,1.8,0.691,2.1,4.3,0.494,1.3,3.5,0.375,0.5192307692307693,1,1
T.J. Warren,NC State,ACC,2014,7.44,35,35,35.4,24.9,3.9,3.2,7.1,1.1,1.8,0.6,2.4,2.8,9.8,18.6,0.525,4.5,6.5,0.69,8.9,15.3,0.58,0.9,3.3,0.267,0.5510752688172043,2,1
Adreian Payne,Michigan State,Big Ten,2014,9.38,31,28,28.1,16.4,5.7,1.5,7.3,1.3,0.5,0.9,2,2.6,5.7,11.4,0.503,3.5,4.5,0.79,4.3,8.1,0.536,1.4,3.4,0.423,0.5614035087719298,4,1
James Young,Kentucky,SEC,2014,9.89,40,39,32.4,14.3,3.3,1,4.3,1.7,0.8,0.2,1.9,2.1,4.6,11.3,0.407,3.1,4.4,0.706,2.5,5.4,0.47,2.1,5.9,0.349,0.49999999999999994,1,1
Tyler Ennis,Syracuse,Big East,2014,7.25,34,34,35.7,12.9,2.6,0.8,3.4,5.5,2.1,0.2,1.7,2,4.4,10.6,0.411,3.4,4.4,0.765,3.5,8.1,0.429,0.9,2.5,0.353,0.4575471698113208,1,1
Gary Harris,Michigan State,Big Ten,2014,9.38,35,34,32.3,16.7,2.9,1.1,4,2.7,1.8,0.4,1.7,2.1,5.6,13,0.429,3.3,4.1,0.81,3.3,6.4,0.507,2.3,6.6,0.35200000000000004,0.5192307692307693,2,1
Mitch McGary,Michigan,Big Ten,2014,9.65,8,4,24.8,9.5,5.4,2.9,8.3,1.5,1.9,0.8,1.6,3.1,3.8,6.9,0.545,2,3,0.667,3.8,6.6,0.5660000000000001,0,0.3,0,0.5507246376811593,2,1
Jordan Adams,UCLA,Pac-10,2014,7.62,36,36,30.1,17.4,3.5,1.9,5.3,2.3,2.6,0.1,1.5,2.2,5.8,11.9,0.485,4.4,5.3,0.836,4.3,7.9,0.551,1.4,4.1,0.35600000000000004,0.5462184873949579,2,1
Rodney Hood,Duke,ACC,2014,8.48,35,33,32.9,16.1,3.1,0.8,3.9,2.1,0.7,0.3,1.5,2.6,5.5,11.8,0.464,3.1,3.9,0.807,3.4,6.9,0.494,2,4.8,0.42,0.5508474576271186,2,1
Shabazz Napier,UConn,Big East,2014,8.62,40,40,35.1,18,4.9,1,5.9,4.9,1.8,0.3,2.9,2.1,5.3,12.4,0.429,5.2,6,0.87,3.2,7,0.448,2.2,5.4,0.405,0.5161290322580645,4,1
C.J. Wilcox,Washington,Pac-10,2014,6.45,32,31,34.9,18.3,3,0.7,3.7,2.5,1,1,1.7,2.3,6.2,13.6,0.453,3.2,3.7,0.873,3.3,6.4,0.522,2.8,7.2,0.391,0.5588235294117647,4,1
Josh Huestis,Stanford,Pac-10,2014,9,36,36,35.2,11.2,5.7,2.5,8.2,1.2,0.6,1.9,1.2,2.1,4.3,9.6,0.451,1.8,2.8,0.627,3.6,7.5,0.483,0.7,2.1,0.338,0.48437499999999994,4,1
Kyle Anderson,UCLA,Pac-10,2014,7.62,36,36,33.2,14.6,7.5,1.3,8.8,6.5,1.8,0.8,3.1,1.7,5,10.5,0.48,3.8,5.2,0.737,4.3,8.9,0.48,0.8,1.6,0.483,0.5142857142857143,2,1
K.J. McDaniels,Clemson,ACC,2014,5.97,36,35,33.7,17.1,4.7,2.4,7.1,1.6,1.1,2.8,2.3,2.2,5.8,12.6,0.459,4.3,5.1,0.8420000000000001,4.6,8.8,0.527,1.2,3.8,0.304,0.5079365079365079,3,1
Cleanthony Early,Wichita State,MVC,2014,1.73,36,36,27.4,16.4,4.6,1.3,5.9,0.8,0.8,0.8,1.9,2.3,5.2,10.7,0.484,4.2,5,0.8440000000000001,3.4,5.8,0.579,1.8,4.9,0.373,0.5700934579439253,2,1
Jarnell Stokes,Tennessee,SEC,2014,7.84,37,37,32.4,15.1,6.4,4.2,10.6,2,0.7,0.9,2.1,2,5.4,10.1,0.531,4.3,6.2,0.696,5.4,10.1,0.531,0,0,0,0.5346534653465347,3,1
Johnny O'Bryant III,LSU,SEC,2014,6.61,34,34,30,15.4,4.7,3,7.7,1.6,0.5,0.9,3.2,3.2,5.9,12,0.494,3.5,5.5,0.634,5.9,11.9,0.495,0,0.1,0.333,0.4916666666666667,3,1
DeAndre Daniels,UConn,Big East,2014,8.62,38,38,29,13.1,4.6,1.4,6,0.4,0.7,1.4,1.5,2.4,4.9,10.6,0.469,1.8,2.3,0.787,3.6,7.4,0.491,1.3,3.2,0.417,0.5235849056603774,3,1
Spencer Dinwiddie,Colorado,Big 12,2014,8.8,17,17,31.1,14.7,2.6,0.5,3.1,3.8,1.5,0.2,1.8,1.9,3.6,7.7,0.466,6,7,0.857,2.1,4,0.515,1.5,3.7,0.413,0.5649350649350648,3,1
Jerami Grant,Syracuse,Big East,2014,7.25,32,20,31.4,12.1,4.3,2.4,6.8,1.4,0.8,0.6,1.2,2.3,4.2,8.4,0.496,3.8,5.6,0.674,4.2,8.2,0.506,0,0.2,0,0.5,2,1
Glenn Robinson III,Michigan,Big Ten,2014,9.65,37,37,32.3,13.1,3,1.5,4.4,1.2,0.9,0.3,1.2,1.5,4.9,10.1,0.488,2.4,3.1,0.757,4,7.2,0.562,0.9,2.9,0.306,0.5297029702970297,2,1
Nick Johnson,Arizona,Pac-10,2014,9.04,38,38,33.1,16.3,3.2,0.8,4.1,2.8,1.1,0.7,1.7,2,5.4,12.5,0.4320000000000001,3.8,4.9,0.7809999999999999,3.8,8,0.469,1.6,4.4,0.3670000000000001,0.496,3,1
Markel Brown,Oklahoma State,Big 12,2014,8.34,34,34,35.3,17.2,4.2,1.1,5.3,2.9,1,1,1.6,2.5,5.6,11.8,0.473,4.4,5.7,0.768,4,7.6,0.525,1.6,4.3,0.379,0.5423728813559321,4,1
Dwight Powell,Stanford,Pac-10,2014,9,36,36,32.4,14,4.9,1.9,6.9,3.1,1.3,0.8,2.9,3.1,4.9,10.5,0.462,4,5.9,0.687,4.6,9.4,0.485,0.3,1.1,0.256,0.480952380952381,4,1
Jordan Clarkson,Missouri,Big 12,2014,6.86,35,35,35.1,17.5,3,0.8,3.8,3.4,1.1,0.2,2.7,2.2,6,13.3,0.448,4.6,5.6,0.831,5.1,10.1,0.501,0.9,3.3,0.281,0.4849624060150376,3,1
Russ Smith,Louisville,Big East,2014,4.79,37,36,29.3,18.2,2.5,0.8,3.3,4.6,2,0.1,2.8,2.5,6.1,13,0.468,4.1,5.9,0.705,4.2,8.1,0.517,1.9,4.9,0.387,0.5423076923076923,4,1
Lamar Patterson,Pitt,Big East,2014,7.54,36,36,32.6,17.1,3.9,1,4.9,4.3,1.4,0.3,2.6,2,5.6,12.7,0.441,3.7,4.9,0.754,3.4,7,0.484,2.2,5.7,0.388,0.5275590551181102,5,1
Cameron Bairstow,New Mexico,MWC,2014,4.84,34,34,32.9,20.4,5.1,2.2,7.4,1.6,0.6,1.5,2,2.1,7,12.5,0.556,6.4,8.8,0.735,6.9,12.4,0.5579999999999999,0,0.1,0.333,0.56,4,1
Alec Brown,Green Bay,Horizon,2014,0.11,30,30,30.3,15.3,3.6,2.1,5.7,1,0.5,3.1,2.2,2.2,5.5,11.6,0.476,2.9,4,0.727,4.1,8.2,0.498,1.4,3.3,0.42,0.5344827586206897,4,1
Semaj Christon,Xavier,A-10,2014,8.13,34,34,35.3,17,2.2,0.4,2.7,4.2,1.3,0.2,2.6,2.1,5.9,12.4,0.479,4.6,6.9,0.6679999999999999,5.4,10.9,0.491,0.6,1.4,0.388,0.5,2,1
Roy Devyn Marble,Iowa,Big Ten,2014,7.43,33,33,30.2,17,2.4,0.8,3.2,3.6,1.8,0.2,1.7,1.9,5.5,13.2,0.42,4.3,6,0.7140000000000001,4,8.7,0.456,1.6,4.5,0.349,0.4772727272727273,4,1
Jordan McRae,Tennessee,SEC,2014,7.84,37,37,32.2,18.7,2.8,0.7,3.5,2.5,0.7,1,2.1,2.1,6,13.8,0.436,4.5,5.7,0.7879999999999999,3.9,7.8,0.502,2.1,6.1,0.35100000000000003,0.5108695652173912,4,1
Xavier Thames,San Diego State,MWC,2014,4.86,36,36,31.3,17.6,2.3,0.6,2.9,3.2,1.6,0.1,1.4,2,5.2,12.7,0.411,5.4,6.5,0.8340000000000001,3.5,8.2,0.4320000000000001,1.7,4.5,0.374,0.4763779527559055,4,1
Cory Jefferson,Baylor,Big 12,2014,10.11,38,38,29,13.7,5.4,2.8,8.2,1,0.4,1.3,1.3,2.2,4.8,9.7,0.5,3.6,5.6,0.64,4.5,8.7,0.515,0.4,1,0.368,0.5154639175257733,4,1
Karl-Anthony Towns,Kentucky,SEC,2015,8.67,39,39,21.1,10.3,4.3,2.4,6.7,1.1,0.5,2.3,1.4,2.9,3.7,6.6,0.5660000000000001,2.8,3.4,0.813,3.7,6.4,0.5770000000000001,0.1,0.2,0.25,0.5681818181818182,1,1
D'Angelo Russell,Ohio State,Big Ten,2015,7.37,35,34,33.9,19.3,4.7,1,5.7,5,1.6,0.3,2.9,2.1,6.6,14.7,0.449,3.4,4.5,0.7559999999999999,3.9,8.1,0.479,2.7,6.6,0.411,0.5408163265306122,1,1
Jahlil Okafor,Duke,ACC,2015,9.87,38,38,30.1,17.3,4.9,3.5,8.5,1.3,0.8,1.4,2.5,2.1,7.3,11.1,0.664,2.6,5.1,0.51,7.3,11.1,0.664,0,0,0,0.6576576576576577,1,1
Willie Cauley-Stein,Kentucky,SEC,2015,8.67,39,38,25.9,8.9,4.2,2.3,6.4,1,1.2,1.7,1.2,2,3.5,6.1,0.5720000000000001,2,3.3,0.617,3.5,6.1,0.5720000000000001,0,0,0,0.5737704918032788,3,1
Stanley Johnson,Arizona,Pac-10,2015,7.41,38,37,28.4,13.8,4.5,2,6.5,1.7,1.5,0.4,2.2,2.6,4.6,10.3,0.446,3.5,4.7,0.742,3.4,7.2,0.478,1.1,3.1,0.371,0.4999999999999999,1,1
Frank Kaminsky,Wisconsin,Big Ten,2015,10.29,39,39,33.6,18.8,6.7,1.5,8.2,2.6,0.8,1.5,1.6,1.7,6.8,12.5,0.547,4,5.1,0.78,5.8,9.9,0.581,1.1,2.6,0.416,0.588,4,1
Justise Winslow,Duke,ACC,2015,9.87,39,39,29.1,12.6,5.2,1.3,6.5,2.1,1.3,0.9,1.8,2.8,4.4,9.1,0.486,2.6,4,0.6409999999999999,3.3,6.3,0.516,1.2,2.8,0.418,0.5494505494505495,1,1
Myles Turner,Texas,Big 12,2015,9.07,34,7,22.2,10.1,5.2,1.3,6.5,0.6,0.3,2.6,1.4,2.4,3.4,7.6,0.455,2.8,3.3,0.8390000000000001,2.9,5.7,0.513,0.5,1.8,0.274,0.48026315789473684,1,1
Trey Lyles,Kentucky,SEC,2015,8.67,36,21,23,8.7,3.4,1.8,5.2,1.1,0.5,0.4,1.1,1.6,3.3,6.7,0.488,2.1,2.8,0.735,3.1,5.9,0.536,0.1,0.8,0.138,0.49999999999999994,1,1
Cameron Payne,Murray State,OVC,2015,-2.81,35,35,32.2,20.2,3.1,0.6,3.7,6,1.9,0.5,2.5,2.1,7,15.3,0.456,3.8,4.8,0.787,4.6,9,0.513,2.4,6.4,0.377,0.5359477124183006,2,1
Kelly Oubre,Kansas,Big 12,2015,12.13,36,27,21,9.3,3.8,1.1,5,0.8,1.1,0.4,1.2,2,3.1,6.9,0.444,2.2,3.1,0.718,2.1,4.3,0.4970000000000001,0.9,2.6,0.358,0.5144927536231885,1,1
Terry Rozier,Louisville,Big East,2015,8.98,36,35,35,17.1,4.4,1.2,5.6,3,2,0.2,2.2,1.7,5.9,14.5,0.411,3.9,4.9,0.79,4.6,10.1,0.456,1.3,4.4,0.306,0.45172413793103455,2,1
Rashad Vaughn,UNLV,MWC,2015,3.38,23,23,32.3,17.8,4.2,0.6,4.8,1.6,0.8,0.3,2.2,2.3,6.3,14.3,0.439,3,4.3,0.6940000000000001,3.9,8.1,0.481,2.3,6.1,0.383,0.5209790209790209,1,1
Sam Dekker,Wisconsin,Big Ten,2015,10.29,40,40,31,13.9,3.6,1.9,5.5,1.2,0.5,0.5,0.9,1.1,5.3,10.2,0.525,2,2.8,0.708,4.1,6.4,0.639,1.3,3.8,0.331,0.5833333333333334,3,1
Jerian Grant,Notre Dame,Big East,2015,7.02,38,38,37.1,16.5,2.7,0.3,3,6.7,1.7,0.5,2.2,2,5.4,11.2,0.478,4.5,5.7,0.78,4.1,7.1,0.5720000000000001,1.3,4.2,0.316,0.5401785714285715,4,1
Delon Wright,Utah,Pac-12,2015,7.42,35,35,33.3,14.5,4,1,4.9,5.1,2.1,1,1.9,1.4,4.7,9.3,0.509,4.4,5.2,0.836,4,7.2,0.5539999999999999,0.7,2.1,0.35600000000000004,0.543010752688172,2,1
Justin Anderson,Virginia,ACC,2015,7.81,26,22,27.8,12.2,3.4,0.7,4,1.7,0.7,0.5,1.2,1.2,4,8.5,0.466,2.5,3.2,0.78,2.2,4.5,0.479,1.8,4,0.452,0.5764705882352942,3,1
Bobby Portis,Arkansas,SEC,2015,6.79,36,36,29.9,17.5,5.2,3.7,8.9,1.2,1.1,1.4,1.6,2.2,6.9,12.9,0.536,3.2,4.3,0.737,6.6,12.1,0.541,0.4,0.8,0.467,0.5503875968992248,2,1
Rondae Hollis-Jefferson,Arizona,Pac-10,2015,7.41,38,25,28.7,11.2,4.8,2,6.8,1.6,1.2,0.8,1.6,2.5,3.6,7.2,0.502,3.8,5.4,0.7070000000000001,3.5,6.5,0.537,0.2,0.8,0.207,0.513888888888889,2,1
Tyus Jones,Duke,ACC,2015,9.87,39,39,33.9,11.8,3,0.5,3.5,5.6,1.5,0.1,1.9,1.2,3.5,8.3,0.417,3.7,4.2,0.889,2.3,5.1,0.44,1.2,3.2,0.379,0.49397590361445776,1,1
Jarell Martin,LSU,SEC,2015,5.63,33,32,35.1,16.9,6.3,3,9.2,1.8,1.2,0.7,2.8,2.8,6.1,12,0.509,4.2,6.2,0.69,5.7,10.5,0.545,0.4,1.6,0.269,0.525,2,1
Larry Nance Jr.,Wyoming,MWC,2015,-0.04,31,30,34.9,16.1,5.8,1.4,7.2,2.5,1.2,1.2,2.3,2.2,6,11.6,0.514,3.7,4.7,0.7859999999999999,5.5,10.3,0.5379999999999999,0.5,1.4,0.333,0.5387931034482759,4,1
R.J. Hunter,Georgia State,CAA,2015,-2.03,35,35,37,19.7,3.9,0.8,4.7,3.6,2.1,1,2.2,2.4,5.8,14.7,0.395,5.8,6.6,0.878,3.5,7.2,0.488,2.3,7.5,0.305,0.4727891156462585,3,1
Chris McCullough,Syracuse,Big East,2015,7.68,16,16,28.1,9.3,4.6,2.3,6.9,1.1,1.7,2.1,2.2,2.6,3.4,7.1,0.478,2.5,4.4,0.563,3.3,7,0.473,0.1,0.1,1,0.48591549295774644,1,1
Kevon Looney,UCLA,Pac-10,2015,8.27,36,36,30.9,11.6,5.8,3.4,9.2,1.4,1.3,0.9,1.3,2.9,4.2,8.9,0.47,2.6,4.1,0.626,3.6,7.4,0.481,0.6,1.5,0.415,0.5056179775280899,1,1
Montrezl Harrell,Louisville,Big East,2015,8.98,35,35,35.1,15.7,6,3.2,9.2,1.4,0.9,1.2,2,2.1,6.1,10.7,0.5660000000000001,3.3,5.5,0.597,5.8,9.7,0.602,0.3,1.1,0.243,0.5841121495327103,3,1
Jordan Mickey,LSU,SEC,2015,5.63,31,31,34.9,15.4,6.7,3.2,9.9,1.3,0.9,3.6,3.3,2.6,6.2,12.2,0.504,3.1,4.7,0.6459999999999999,6.1,11.9,0.514,0,0.3,0.111,0.5081967213114754,2,1
Rakeem Christmas,Syracuse,Big East,2015,7.68,31,31,34.3,17.5,6,3.1,9.1,1.5,0.9,2.5,2.5,3.4,6.5,11.9,0.552,4.4,6.2,0.7120000000000001,6.5,11.8,0.5529999999999999,0,0,0,0.5462184873949579,4,1
Richaun Holmes,Bowling Green State,MAC,2015,-1.25,31,30,28.8,14.7,5.2,2.8,8,0.8,0.7,2.7,1.9,2.5,5.3,9.5,0.563,3.5,4.9,0.7120000000000001,4.7,8.1,0.588,0.6,1.4,0.419,0.5894736842105263,3,1
Darrun Hilliard,Villanova,Big East,2015,7.55,35,35,28.8,14.3,2.7,0.5,3.1,2.1,1.8,0.3,1.2,2.2,4.9,11,0.44,2.3,2.9,0.7959999999999999,2.6,5.2,0.5,2.3,5.8,0.387,0.55,4,1
Pat Connaughton,Notre Dame,Big East,2015,7.02,38,38,35.6,12.5,6.3,1.1,7.4,1.5,0.7,0.9,1.2,2,4.4,9.4,0.466,1.3,1.7,0.7809999999999999,1.9,3.6,0.537,2.4,5.8,0.423,0.5957446808510639,4,1
Olivier Hanlan,Boston College,ACC,2015,7.94,32,31,37.6,19.5,3.5,0.8,4.2,4.2,1.3,0,2.7,2.1,7,15.5,0.454,3.4,4.5,0.759,5,9.8,0.513,2,5.8,0.353,0.5161290322580645,3,1
Joseph Young,Oregon,Pac-12,2015,7.65,36,35,36.7,20.7,3.9,0.5,4.4,3.8,1.1,0,2.4,1.4,7.4,16.4,0.448,3.4,3.7,0.925,4.8,9.4,0.516,2.5,7.1,0.35700000000000004,0.5274390243902439,4,1
Andrew Harrison,Kentucky,SEC,2015,8.67,39,39,25.5,9.3,1.9,0.3,2.2,3.6,1,0.2,1.6,1.8,2.6,6.8,0.378,3.2,4.1,0.792,1.7,4.4,0.376,0.9,2.4,0.383,0.44852941176470595,2,1
Norman Powell,UCLA,Pac-10,2015,8.27,36,36,34.6,16.4,4.1,0.6,4.7,2.1,1.8,0.4,2.2,2.5,5.9,13,0.456,3.5,4.7,0.7509999999999999,4.9,9.7,0.503,1.1,3.3,0.319,0.49615384615384617,4,1
Dakari Johnson,Kentucky,SEC,2015,8.67,39,0,16.3,6.4,2.9,1.7,4.6,0.7,0.4,0.9,1.1,1.8,2,4,0.506,2.3,3.7,0.625,2,4,0.506,0,0,0,0.5,2,1
Tyler Harvey,Eastern Washington,Big Sky,2015,-3.84,32,32,36.9,23.1,3,0.6,3.6,2.6,1.1,0.1,2,1.9,7.2,15.3,0.469,4.7,5.5,0.852,3.2,6,0.528,4,9.3,0.431,0.6013071895424836,3,1
Sir'Dominic Pointer,St. John's (NY),Big East,2015,9.04,33,32,34.6,13.7,5.7,1.9,7.7,3,1.9,2.4,2,3,5.3,10.1,0.524,3,4.2,0.725,5.2,9.4,0.56,0.1,0.8,0.08,0.5297029702970297,4,1
Cady Lalanne,UMass,A-10,2015,4.69,32,32,29,11.6,6.1,3.4,9.5,0.3,0.6,1.9,2.5,2.7,4.3,7.8,0.552,2.8,4.5,0.636,4.2,7.3,0.5820000000000001,0.1,0.6,0.16699999999999998,0.5576923076923077,4,1
Branden Dawson,Michigan State,Big Ten,2015,10,35,32,30.1,11.9,6.2,2.9,9.1,1.7,1.2,1.7,1.9,2.1,5.2,9.7,0.535,1.5,3,0.49,5.2,9.7,0.535,0,0,0,0.5360824742268042,4,1
J.P. Tokoto,UNC,ACC,2015,11.76,38,34,29.1,8.3,4,1.6,5.6,4.3,1.5,0.3,2.2,2.4,3.1,7.1,0.428,1.9,3.1,0.615,2.7,6.3,0.435,0.3,0.8,0.375,0.45774647887323944,3,1
Ben Simmons,LSU,SEC,2016,7,33,32,34.9,19.2,8.6,3.1,11.8,4.8,2,0.8,3.4,2.8,6.5,11.7,0.56,6,9,0.67,6.5,11.6,0.561,0,0.1,0.333,0.5555555555555556,1,1
Brandon Ingram,Duke,ACC,2016,10.59,36,34,34.6,17.3,4.9,1.9,6.8,2,1.1,1.4,2,2.1,5.9,13.4,0.442,3.2,4.7,0.682,3.7,8,0.464,2.2,5.4,0.41,0.5223880597014925,1,1
Jaylen Brown,California,Pac-10,2016,7.87,34,34,27.6,14.6,4.3,1.1,5.4,2,0.8,0.6,3.1,3.2,4.8,11.1,0.431,4.2,6.4,0.654,3.9,8.1,0.482,0.9,3,0.294,0.47297297297297297,1,1
Kris Dunn,Providence,Big East,2016,8.46,33,32,33,16.4,4.2,1.1,5.3,6.2,2.5,0.6,3.5,2.8,5.6,12.5,0.448,4,5.8,0.695,4.3,9,0.477,1.3,3.4,0.3720000000000001,0.5,4,1
Buddy Hield,Oklahoma,Big 12,2016,11.14,37,37,35.4,25,4.5,1.2,5.7,2,1.1,0.5,3.1,2.1,8.1,16.2,0.501,4.8,5.4,0.88,4.2,7.5,0.552,4,8.7,0.457,0.6234567901234568,4,1
Jamal Murray,Kentucky,SEC,2016,8.84,36,36,35.2,20,3.7,1.5,5.2,2.2,1,0.3,2.3,2.1,6.8,14.9,0.454,3.3,4.2,0.7829999999999999,3.6,7.3,0.502,3.1,7.7,0.408,0.5604026845637583,1,1
Marquese Chriss,Washington,Pac-10,2016,8.12,34,34,24.9,13.7,2.9,2.5,5.4,0.8,0.9,1.6,2,4.1,5.3,9.9,0.53,2.6,3.8,0.682,4.6,8.2,0.568,0.6,1.8,0.35,0.5656565656565656,1,1
Jakob Poeltl,Utah,Pac-12,2016,8.79,36,36,30.4,17.2,6.3,2.8,9.1,1.9,0.6,1.6,2.1,2.3,6.3,9.8,0.6459999999999999,4.6,6.6,0.6890000000000001,6.3,9.8,0.6459999999999999,0,0,0,0.6428571428571428,2,1
Domantas Sabonis,Gonzaga,WCC,2016,4.23,36,31,31.9,17.6,8.8,3.1,11.8,1.8,0.6,0.9,2.6,3.2,6.6,10.9,0.611,4.2,5.4,0.769,6.5,10.5,0.621,0.1,0.4,0.35700000000000004,0.610091743119266,2,1
Taurean Prince,Baylor,Big 12,2016,9.76,34,34,30.6,15.9,3.7,2.4,6.1,2.3,1.3,0.7,2.7,2.5,5.5,12.7,0.4320000000000001,3.3,4.3,0.774,3.9,8.4,0.469,1.6,4.3,0.361,0.49606299212598426,4,1
Denzel Valentine,Michigan State,Big Ten,2016,6.94,31,30,33,19.2,6.7,0.8,7.5,7.8,1,0.2,2.7,1.7,6.6,14.3,0.462,2.6,3.1,0.853,3.3,6.8,0.481,3.4,7.5,0.444,0.5804195804195803,4,1
Wade Baldwin,Vanderbilt,SEC,2016,8.68,33,30,30.4,14.1,3.6,0.4,4,5.2,1.2,0.3,2.8,2.6,4.1,9.6,0.4270000000000001,4.7,5.9,0.799,2.8,6.5,0.4370000000000001,1.2,3.1,0.406,0.48958333333333326,2,1
Henry Ellenson,Marquette,Big East,2016,5.57,33,33,33.5,17,7.6,2.2,9.7,1.8,0.8,1.5,2.4,2.5,5.9,13.2,0.446,4.3,5.8,0.7490000000000001,5,10,0.495,0.9,3.2,0.28800000000000003,0.48106060606060613,1,1
Malik Beasley,Florida State,ACC,2016,8.16,34,33,29.8,15.6,4,1.3,5.3,1.5,0.9,0.2,1.7,2.2,5.4,11.6,0.471,3.1,3.8,0.813,3.8,7.4,0.518,1.6,4.2,0.387,0.5344827586206897,1,1
Caris LeVert,Michigan,Big Ten,2016,7.92,15,14,30.9,16.5,4.7,0.6,5.3,4.9,1,0.2,1.7,1.2,5.5,10.8,0.506,3.6,4.5,0.794,3.5,6.5,0.546,1.9,4.3,0.446,0.5972222222222222,4,1
DeAndre Bembry,St. Joseph's,A-10,2016,4.93,36,35,37.3,17.4,6.3,1.4,7.8,4.5,1.4,0.8,2,2.4,6.6,13.8,0.479,3.3,4.9,0.657,5.7,10.3,0.5529999999999999,0.9,3.6,0.266,0.5108695652173912,3,1
Malachi Richardson,Syracuse,Big East,2016,9.75,37,37,34.4,13.4,3.8,0.5,4.3,2.1,1.1,0.3,2.1,2.5,4.1,11.1,0.369,3.1,4.2,0.72,2,5.1,0.388,2.1,6.1,0.353,0.46396396396396394,1,1
Brice Johnson,UNC,ACC,2016,10.69,40,39,28,18.2,7.5,2.9,10.4,1.5,1.1,1.5,1.8,2.7,7.2,11.6,0.617,3.9,4.9,0.794,7.2,11.6,0.617,0,0,0,0.6206896551724138,4,1
Pascal Siakam,New Mexico State,WAC,2016,-3.54,34,34,34.6,20.3,7.7,3.9,11.6,1.7,1,2.2,2,2.7,8.1,15,0.539,4,5.9,0.6779999999999999,8,14.6,0.5489999999999999,0.1,0.4,0.2,0.5433333333333333,2,1
Skal Labissiere,Kentucky,SEC,2016,8.84,36,18,15.8,6.6,2.2,1,3.1,0.3,0.3,1.6,0.9,3,2.7,5.3,0.516,1.1,1.7,0.6609999999999999,2.7,5.2,0.521,0,0.1,0,0.5094339622641509,1,1
Dejounte Murray,Washington,Pac-10,2016,8.12,34,34,33.5,16.1,4.6,1.4,6,4.4,1.8,0.3,3.2,2.6,5.9,14.3,0.416,3.2,4.9,0.6629999999999999,4.9,10.8,0.457,1,3.5,0.28800000000000003,0.44755244755244755,1,1
Damian Jones,Vanderbilt,SEC,2016,8.68,33,33,26.2,13.9,4.6,2.2,6.9,1.2,0.2,1.6,2,3.3,5.6,9.5,0.59,2.7,5.1,0.536,5.6,9.4,0.595,0,0.1,0,0.5894736842105263,3,1
Deyonta Davis,Michigan State,Big Ten,2016,6.94,35,16,18.6,7.5,3.4,2.1,5.5,0.7,0.3,1.8,0.9,2.3,3.4,5.7,0.598,0.7,1.1,0.605,3.4,5.7,0.598,0,0,0,0.5964912280701754,1,1
Cheick Diallo,Kansas,Big 12,2016,11.22,27,1,7.5,3,1.9,0.6,2.5,0,0.3,0.9,0.6,1.4,1.2,2.1,0.569,0.6,1,0.556,1.2,2.1,0.569,0,0,0,0.5714285714285714,1,1
Tyler Ulis,Kentucky,SEC,2016,8.84,35,35,36.8,17.3,2.5,0.5,3,7,1.5,0.1,2,1.8,5.5,12.6,0.434,4.8,5.6,0.856,3.9,8.1,0.486,1.6,4.6,0.344,0.5,2,1
Malcolm Brogdon,Virginia,ACC,2016,11.12,37,37,34.1,18.2,3.5,0.5,4.1,3.1,0.9,0.2,1.4,2.1,6.2,13.6,0.457,3.8,4.2,0.897,4.2,8.4,0.498,2,5.2,0.391,0.5294117647058824,4,1
Chinanu Onuaku,Louisville,Big East,2016,7.74,31,29,24.6,9.9,5.5,2.9,8.5,1.6,0.8,2,2.1,3,4.4,7.1,0.62,1.1,1.8,0.589,4.4,7.1,0.623,0,0,0,0.619718309859155,2,1
Patrick McCaw,UNLV,MWC,2016,3.17,33,32,33.7,14.7,4,1.2,5.1,3.9,2.5,0.4,2.1,2.2,5.1,10.9,0.465,2.5,3.2,0.774,3,5.3,0.5710000000000001,2.1,5.6,0.366,0.5642201834862385,2,1
Diamond Stone,Maryland,ACC,2016,8.31,35,22,23.1,12.5,3.2,2.2,5.4,0.4,0.5,1.6,1.5,2.3,4.8,8.4,0.568,2.9,3.8,0.7609999999999999,4.8,8.4,0.568,0,0,0,0.5714285714285714,1,1
Stephen Zimmerman,UNLV,MWC,2016,3.17,26,24,26.2,10.5,6.6,2.2,8.7,0.8,0.5,2,2.1,3,3.9,8.2,0.477,2.4,3.9,0.624,3.7,7.6,0.4920000000000001,0.2,0.7,0.294,0.48780487804878053,1,1
Isaiah Whitehead,Seton Hall,Big East,2016,8.28,34,33,32.3,18.2,3.1,0.5,3.6,5.1,1.2,1.4,3.5,2.3,5.7,15.1,0.379,4.4,5.8,0.76,3.3,8.5,0.39,2.4,6.5,0.365,0.456953642384106,2,1
A.J. Hammons,Purdue,Big Ten,2016,7.46,33,20,24.6,15,5.8,2.3,8.2,1.1,0.3,2.5,2,2.4,6,10.2,0.5920000000000001,2.7,3.8,0.7090000000000001,5.8,9.8,0.594,0.2,0.3,0.545,0.5980392156862745,4,1
Jake Layman,Maryland,ACC,2016,8.31,36,36,30.9,11.6,4.2,1.1,5.3,1.1,1.1,1,1.7,1.9,3.9,7.8,0.5,2.2,2.6,0.8320000000000001,2.3,3.8,0.61,1.6,4,0.396,0.6025641025641026,4,1
Michael Gbinije,Syracuse,Big East,2016,9.75,37,37,37.9,17.5,3,1.1,4.1,4.3,1.9,0.4,2.8,2.6,6.1,13.2,0.461,2.9,4.3,0.6629999999999999,3.6,6.9,0.525,2.5,6.3,0.391,0.5568181818181818,4,1
Georges Niang,Iowa State,Big 12,2016,10.16,35,35,33.2,20.5,4.9,1.3,6.2,3.3,0.9,0.6,2.6,3.2,8.1,14.8,0.546,2.7,3.4,0.807,6.5,10.7,0.605,1.6,4.1,0.392,0.6013513513513513,4,1
Ben Bentil,Providence,Big East,2016,8.46,35,33,34.2,21.1,5,2.7,7.7,1.1,0.9,1,1.9,2.8,7,15.2,0.462,5.5,7.1,0.782,5.5,10.7,0.517,1.5,4.5,0.329,0.5098684210526316,2,1
Joel Bolomboy,Weber State,Big Sky,2016,-5.13,33,33,31.5,17.1,9.3,3.3,12.6,1.1,0.7,1.2,2.4,2.2,5.8,10.2,0.573,4.8,6.9,0.6970000000000001,5.2,8.5,0.613,0.6,1.7,0.364,0.5980392156862745,4,1
Kay Felder,Oakland,Summit,2016,-1.61,35,35,36.7,24.4,3.5,0.7,4.3,9.3,2,0.2,3.4,3,7.7,17.5,0.44,6.8,8.1,0.848,5.5,11.4,0.485,2.2,6.1,0.355,0.5028571428571429,3,1
Marcus Paige,UNC,ACC,2016,10.69,34,34,31.6,13.4,2.1,0.4,2.5,3.7,1.1,0.4,1.2,1.5,4.3,10.9,0.397,2.4,3,0.7959999999999999,2,4.4,0.46,2.3,6.5,0.355,0.49999999999999994,4,1
Daniel Hamilton,UConn,Big East,2016,6.28,36,36,31.9,12.5,8,0.9,8.9,4.7,1.1,0.4,2.4,1.8,4.4,11.4,0.387,2.4,2.8,0.86,3.1,7.5,0.416,1.3,3.9,0.331,0.4429824561403509,2,1
Abdel Nader,Iowa State,Big 12,2016,10.16,35,35,31.1,12.9,4.2,0.7,5,1.5,1.1,0.7,2.3,2.8,4.6,9.6,0.478,2.2,3,0.736,3.1,5.6,0.5529999999999999,1.5,4,0.371,0.5572916666666666,4,1
Isaiah Cousins,Oklahoma,Big 12,2016,11.14,37,37,33.3,12.6,3.8,0.6,4.5,4.5,1.4,0.3,2.4,1.7,4.6,11.2,0.406,1.8,2.6,0.67,2.8,7,0.403,1.8,4.3,0.411,0.4910714285714286,4,1
Tyrone Wallace,California,Pac-10,2016,7.87,28,25,32.2,15.3,4.3,1,5.3,4.4,1,0.4,2.6,2.3,5.4,12.3,0.44,3.6,5.5,0.649,4.5,9.3,0.486,0.9,3,0.298,0.475609756097561,4,1
Markelle Fultz,Washington,Pac-10,2017,6.82,25,25,35.7,23.2,4.4,1.3,5.7,5.9,1.6,1.2,3.2,2.5,8.4,17.6,0.476,4.4,6.7,0.649,6.3,12.5,0.502,2.1,5,0.413,0.5369318181818182,1,1
Lonzo Ball,UCLA,Pac-10,2017,6.39,36,36,35.1,14.6,5.1,0.9,6,7.6,1.8,0.8,2.5,1.8,5.3,9.5,0.551,1.8,2.7,0.6729999999999999,3,4.1,0.732,2.2,5.4,0.412,0.6736842105263158,1,1
Jayson Tatum,Duke,ACC,2017,10.91,29,27,33.3,16.8,6,1.3,7.3,2.1,1.3,1.1,2.6,3,5.7,12.6,0.452,4.1,4.8,0.8490000000000001,4.3,8.6,0.504,1.4,4,0.342,0.507936507936508,1,1
De'Aaron Fox,Kentucky,SEC,2017,10.49,36,34,29.6,16.7,3.4,0.6,4,4.6,1.5,0.2,2.4,2.5,5.9,12.4,0.479,4.3,5.9,0.736,5.5,10.5,0.521,0.5,1.9,0.246,0.4959677419354839,1,1
Jonathan Isaac,Florida State,ACC,2017,8.87,32,32,26.2,12,6.1,1.8,7.8,1.2,1.2,1.5,1.5,2.2,4.1,8,0.508,2.9,3.7,0.78,3.1,5.2,0.593,1,2.8,0.348,0.575,1,1
Lauri Markkanen,Arizona,Pac-10,2017,7.63,37,37,30.8,15.6,4.8,2.4,7.2,0.9,0.4,0.5,1.1,2,5,10.2,0.4920000000000001,3.7,4.4,0.835,3.1,5.8,0.545,1.9,4.4,0.423,0.5833333333333334,1,1
Zach Collins,Gonzaga,WCC,2017,4.13,39,0,17.3,10,4.2,1.7,5.9,0.4,0.5,1.8,1.5,2.7,3.5,5.3,0.652,2.8,3.8,0.743,3.2,4.8,0.672,0.3,0.5,0.476,0.6886792452830188,1,1
Malik Monk,Kentucky,SEC,2017,10.49,38,37,32.1,19.8,2.2,0.3,2.5,2.3,0.9,0.5,2,1.9,6.6,14.7,0.45,3.9,4.7,0.8220000000000001,3.9,7.8,0.4970000000000001,2.7,6.9,0.397,0.5408163265306122,1,1
Luke Kennard,Duke,ACC,2017,10.91,37,36,35.5,19.5,3.9,1.2,5.1,2.5,0.8,0.4,1.6,2.2,6.4,13.1,0.489,4.3,5.1,0.856,4,7.7,0.525,2.4,5.4,0.438,0.5801526717557253,2,1
Donovan Mitchell,Louisville,Big East,2017,11.15,34,33,32.3,15.6,3.8,1.1,4.9,2.7,2.1,0.5,1.6,2.6,5.3,13.1,0.408,2.6,3.2,0.8059999999999999,3,6.4,0.463,2.4,6.6,0.354,0.4961832061068702,2,1
Bam Adebayo,Kentucky,SEC,2017,10.49,38,38,30.1,13,4.9,3.1,8,0.8,0.7,1.5,1.7,2.6,4.5,7.5,0.599,4.1,6.2,0.653,4.5,7.5,0.599,0,0,0,0.6,1,1
Justin Patton,Creighton,MVC,2017,8.95,35,34,25.3,12.9,4.5,1.7,6.2,1.2,0.9,1.4,1.7,2.7,5.7,8.5,0.6759999999999999,1.3,2.5,0.517,5.5,8,0.6829999999999999,0.2,0.4,0.5329999999999999,0.6823529411764706,1,1
D.J. Wilson,Michigan,Big Ten,2017,10.17,38,36,30.4,11,3.8,1.5,5.3,1.3,0.5,1.5,1.1,1.9,4.3,8,0.5379999999999999,1.3,1.6,0.833,3.2,5.1,0.631,1.1,2.9,0.373,0.60625,3,1
T.J. Leaf,UCLA,Pac-10,2017,6.39,35,35,29.9,16.3,6,2.2,8.2,2.4,0.6,1.1,1.5,2.5,6.7,10.9,0.617,2.1,3,0.679,5.9,9.2,0.644,0.8,1.7,0.466,0.6513761467889908,1,1
John Collins,Wake Forest,ACC,2017,9.8,33,33,26.6,19.2,6.1,3.8,9.8,0.5,0.6,1.6,1.8,3,7.1,11.4,0.622,5,6.7,0.745,7.1,11.4,0.624,0,0,0,0.6228070175438596,2,1
Harry Giles,Duke,ACC,2017,10.91,26,6,11.5,3.9,2.3,1.6,3.8,0.3,0.3,0.7,0.7,2.2,1.7,3,0.5770000000000001,0.5,0.9,0.5,1.7,3,0.5770000000000001,0,0,0,0.5666666666666667,1,1
Jarrett Allen,Texas,Big 12,2017,12.75,33,33,32.2,13.4,5.4,3,8.4,0.8,0.6,1.5,2.5,2.1,5.4,9.6,0.5660000000000001,2.5,4.5,0.564,5.4,9.4,0.579,0,0.2,0,0.5625000000000001,1,1
OG Anunoby,Indiana,Big Ten,2017,8.15,16,10,25.1,11.1,3.7,1.8,5.4,1.4,1.3,1.3,1.6,2.1,4.3,7.6,0.557,1.7,3,0.563,3.4,4.8,0.701,0.9,2.8,0.311,0.625,2,1
Tyler Lydon,Syracuse,Big East,2017,8.46,34,34,36.1,13.2,6.3,2.3,8.6,2.1,1,1.4,1.7,2.5,4.4,9.4,0.473,2.9,3.4,0.836,3,5.7,0.523,1.4,3.6,0.395,0.5425531914893618,2,1
Caleb Swanigan,Purdue,Big Ten,2017,8.79,35,35,32.5,18.5,9.7,2.7,12.5,3.1,0.4,0.8,3.4,2.8,6.3,12,0.527,4.7,6,0.7809999999999999,5.3,9.6,0.5479999999999999,1.1,2.4,0.447,0.5708333333333333,2,1
Kyle Kuzma,Utah,Pac-12,2017,4.32,29,29,30.8,16.4,6.6,2.8,9.3,2.4,0.6,0.5,2.1,1.6,6.3,12.4,0.504,2.9,4.4,0.669,5.3,9.6,0.56,0.9,2.9,0.321,0.5443548387096774,3,1
Tony Bradley,UNC,ACC,2017,11.76,38,0,14.6,7.1,2.6,2.6,5.1,0.6,0.3,0.6,0.7,1.8,2.7,4.7,0.573,1.7,2.8,0.619,2.7,4.7,0.573,0,0,0,0.574468085106383,1,1
Derrick White,Colorado,Big 12,2017,6,34,32,32.8,18.1,3.1,1,4.1,4.4,1.2,1.4,2.4,2.1,6,11.9,0.507,4.4,5.4,0.813,4.4,7.6,0.569,1.7,4.2,0.396,0.5756302521008403,1,1
Josh Hart,Villanova,Big East,2017,9.28,36,35,33.1,18.7,5,1.4,6.4,2.9,1.6,0.3,2,2.3,6.6,12.9,0.51,3.5,4.7,0.747,4.5,7.8,0.579,2.1,5.1,0.404,0.5930232558139534,4,1
Davon Reed,Miami (FL),ACC,2017,9.57,33,33,35.3,14.9,3.9,0.8,4.8,2.4,1.3,0.5,2,1.6,4.9,11.3,0.433,2.7,3.3,0.833,2.5,5.2,0.474,2.4,6,0.397,0.5398230088495576,4,1
Wesley Iwundu,Kansas State,Big 12,2017,10.48,35,35,31.4,13,5.3,1,6.3,3.5,1,0.3,2.3,1.8,4.3,9,0.481,3.5,4.5,0.767,3.4,6.5,0.52,0.9,2.4,0.376,0.5277777777777778,4,1
Frank Mason,Kansas,Big 12,2017,12.23,36,36,36.1,20.9,3.6,0.6,4.2,5.2,1.3,0.1,2.4,2,6.7,13.7,0.49,5.3,6.6,0.794,4.4,8.8,0.5,2.3,4.8,0.471,0.572992700729927,4,1
Ivan Rabb,California,Pac-10,2017,6.34,31,30,32.6,14,7.4,3,10.5,1.5,0.7,1,2.2,3.1,4.9,10.1,0.484,4,6,0.6629999999999999,4.6,9.4,0.49,0.3,0.6,0.4,0.5000000000000001,2,1
Semi Ojeleye,SMU,AAC,2017,4.45,35,35,34.1,19,4.6,2.3,6.9,1.5,0.4,0.4,1.4,1.8,6,12.3,0.487,4.9,6.3,0.785,3.9,7.4,0.529,2.1,4.9,0.424,0.573170731707317,3,1
Jordan Bell,Oregon,Pac-12,2017,8.38,39,38,28.8,10.9,5.9,2.9,8.8,1.8,1.3,2.3,1.9,1.7,4.4,6.9,0.636,2.1,3,0.701,4.3,6.5,0.659,0.1,0.4,0.214,0.644927536231884,3,1
Jawun Evans,Oklahoma State,Big 12,2017,12.22,32,32,29.3,19.2,2.7,0.8,3.4,6.4,1.8,0.1,2.8,2.3,6.6,15.1,0.438,4.8,6,0.812,5.5,12.1,0.452,1.1,3,0.379,0.4735099337748344,2,1
Dwayne Bacon,Florida State,ACC,2017,8.87,35,35,28.8,17.2,3.2,1,4.2,1.7,1,0.1,2,1.6,6.3,14,0.452,3,3.9,0.754,4.7,9.1,0.516,1.6,4.9,0.333,0.5071428571428571,2,1
Tyler Dorsey,Oregon,Pac-12,2017,8.38,39,39,30,14.6,2.6,0.8,3.5,1.7,0.8,0.1,1.5,1.5,4.8,10.4,0.467,2.7,3.6,0.755,2.6,5.1,0.513,2.3,5.3,0.423,0.5721153846153846,2,1
Thomas Bryant,Indiana,Big Ten,2017,8.15,34,34,28.1,12.6,4.4,2.2,6.6,1.5,0.8,1.5,2.3,3.1,4.4,8.4,0.519,3.2,4.4,0.73,3.7,6.6,0.556,0.7,1.8,0.383,0.5654761904761905,2,1
Damyean Dotson,Houston,CUSA,2017,3.42,32,32,34.3,17.4,5.4,1.5,6.9,1.1,0.9,0.2,1,1.7,6.3,13.4,0.47,1.4,1.7,0.83,2.9,5.8,0.505,3.4,7.6,0.443,0.5970149253731343,4,1
Dillon Brooks,Oregon,Pac-12,2017,8.38,35,27,25.3,16.1,2.2,1,3.2,2.7,1.1,0.5,2.1,2.8,5.9,12.1,0.488,2.7,3.6,0.754,4.3,8,0.532,1.6,4.1,0.401,0.5537190082644629,3,1
Ike Anigbogu,UCLA,Pac-10,2017,6.39,29,0,13,4.7,2.6,1.4,4,0.2,0.2,1.2,0.8,2.5,2,3.5,0.564,0.8,1.5,0.535,2,3.5,0.564,0,0,0,0.5714285714285714,1,1
Sindarius Thornwell,South Carolina,SEC,2017,10.16,31,31,33.9,21.4,4.6,2.5,7.1,2.8,2.1,1,2.5,2.3,6.3,14.2,0.444,6.9,8.4,0.83,4.4,9.4,0.471,1.9,4.8,0.392,0.5105633802816901,4,1
Monte Morris,Iowa State,Big 12,2017,11.94,35,35,35.3,16.4,3.7,1.1,4.8,6.2,1.5,0.3,1.2,1.5,6.2,13.3,0.465,2.5,3.2,0.802,4.6,9.2,0.503,1.5,4.1,0.378,0.5225563909774436,4,1
Edmond Sumner,Xavier,A-10,2017,11.51,22,19,31.7,14.3,3.6,0.5,4.1,4.8,1.2,0.7,2.6,2.3,4.6,9.6,0.479,4.5,6.2,0.735,4,7.6,0.5329999999999999,0.5,2,0.273,0.5052083333333334,3,1
Kadeem Allen,Arizona,Pac-10,2017,7.63,34,33,30,9.8,3.7,0.4,4,3,1.6,0.6,1.9,2.4,3.1,6.9,0.453,2.5,3.4,0.741,2.2,4.7,0.466,0.9,2.2,0.4270000000000001,0.5144927536231885,2,1
Alec Peters,Valparaiso,Horizon,2017,-1.59,29,29,35.1,23,7.6,2.6,10.1,2.2,0.8,0.4,2.4,2.2,7.5,16.1,0.466,5.9,6.7,0.887,5.5,10.6,0.519,2,5.5,0.363,0.5279503105590062,4,1
Nigel Williams-Goss,Gonzaga,WCC,2017,4.13,38,38,32.8,16.8,5.4,0.6,6,4.7,1.7,0.1,2.1,1.6,5.8,11.9,0.486,4.1,4.8,0.867,4.7,8.8,0.527,1.1,3.1,0.368,0.5336134453781513,3,1
Jabari Bird,California,Pac-10,2017,6.34,27,25,32,14.3,3.7,1,4.7,1,0.7,0.2,1.9,1.9,5.2,11.8,0.44,1.6,2,0.764,2.8,5.2,0.536,2.4,6.6,0.365,0.5423728813559322,4,1
Jaron Blossomgame,Clemson,ACC,2017,9.98,33,33,34.3,17.7,4.5,1.8,6.3,1.5,0.8,0.9,1.7,1.6,6.7,13.4,0.499,3.6,5.1,0.7140000000000001,5.9,10.5,0.565,0.7,2.8,0.255,0.5261194029850746,4,1