,Draft_Yr,Pk,Tm,Player,College,Yrs,G,MP,PTS,TRB,AST,FG_Perc,3P_Perc,FT_Perc,MP,PTS_per_G,TRB_per_G,AST_per_G,WS_per_G,WS_per_48,BPM,VORP
0,2009,1,LAC,Blake Griffin,University of Oklahoma,9,546,19154,11780,5021,2375,0.507,0.33299999999999996,0.685,19154,21.6,9.2,4.3,69.1,0.17300000000000001,4.0,28.9
1,2009,2,MEM,Hasheem Thabeet,University of Connecticut,5,224,2357,483,595,27,0.5670000000000001,0.0,0.578,2357,2.2,2.7,0.1,4.8,0.099,-1.4,0.4
2,2009,3,OKC,James Harden,Arizona State University,10,703,23837,16313,3566,4288,0.44299999999999995,0.364,0.853,23837,23.2,5.1,6.1,108.8,0.21899999999999997,6.6,51.4
3,2009,4,SAC,Tyreke Evans,University of Memphis,10,544,17237,8845,2572,2734,0.44299999999999995,0.321,0.759,17237,16.3,4.7,5.0,28.4,0.079,1.0,13.2
4,2009,5,MIN,Ricky Rubio,,8,451,14087,4924,1920,3538,0.385,0.325,0.835,14087,10.9,4.3,7.8,29.0,0.099,1.2,11.5
5,2009,6,MIN,Jonny Flynn,Syracuse University,3,163,3738,1504,307,634,0.4,0.33799999999999997,0.809,3738,9.2,1.9,3.9,-1.1,-0.015,-4.9,-2.7
6,2009,7,GSW,Stephen Curry,Davidson College,10,637,21927,14788,2823,4300,0.478,0.43799999999999994,0.904,21927,23.2,4.4,6.8,95.3,0.209,6.5,47.2
7,2009,8,NYK,Jordan Hill,University of Arizona,8,409,7692,3232,2389,322,0.49700000000000005,0.136,0.6990000000000001,7692,7.9,5.8,0.8,16.4,0.102,-2.0,0.0
8,2009,9,TOR,DeMar DeRozan,University of Southern California,10,695,23718,13790,2859,2203,0.449,0.285,0.828,23718,19.8,4.1,3.2,56.1,0.114,-0.5,8.8
9,2009,10,MIL,Brandon Jennings,,9,555,16844,7801,1659,3151,0.387,0.345,0.7959999999999999,16844,14.1,3.0,5.7,29.9,0.085,0.4,10.4
10,2009,11,NJN,Terrence Williams,University of Louisville,4,153,2922,1085,545,364,0.41200000000000003,0.317,0.659,2922,7.1,3.6,2.4,-0.2,-0.004,-3.8,-1.4
11,2009,12,CHA,Gerald Henderson,Duke University,8,535,13854,5987,1716,1009,0.44,0.327,0.7929999999999999,13854,11.2,3.2,1.9,18.3,0.063,-2.2,-0.9
12,2009,13,IND,Tyler Hansbrough,University of North Carolina,7,428,7233,2881,1808,181,0.439,0.136,0.738,7233,6.7,4.2,0.4,20.2,0.134,-2.5,-1.0
13,2009,14,PHO,Earl Clark,University of Louisville,6,261,3630,1138,778,134,0.40299999999999997,0.32799999999999996,0.664,3630,4.4,3.0,0.5,2.9,0.038,-3.6,-1.5
14,2009,15,DET,Austin Daye,Gonzaga University,6,293,4132,1522,764,212,0.402,0.35100000000000003,0.778,4132,5.2,2.6,0.7,4.5,0.053,-2.6,-0.6
15,2009,16,CHI,James Johnson,Wake Forest University,10,551,11382,4378,1997,1160,0.479,0.299,0.696,11382,7.9,3.6,2.1,21.9,0.092,1.3,9.4
16,2009,17,PHI,Jrue Holiday,"University of California, Los Angeles",10,606,19946,9141,2259,3824,0.45,0.35600000000000004,0.7859999999999999,19946,15.1,3.7,6.3,35.0,0.084,1.1,15.7
17,2009,18,MIN,Ty Lawson,University of North Carolina,8,551,16088,6977,1506,3316,0.46,0.359,0.77,16088,12.7,2.7,6.0,42.1,0.126,0.7,10.9
18,2009,19,ATL,Jeff Teague,Wake Forest University,10,685,18960,8734,1689,3914,0.446,0.355,0.845,18960,12.8,2.5,5.7,46.8,0.11900000000000001,0.1,10.0
19,2009,20,UTA,Eric Maynor,Virginia Commonwealth University,5,267,3896,1141,348,760,0.392,0.35,0.721,3896,4.3,1.3,2.8,3.3,0.040999999999999995,-4.7,-2.7
20,2009,21,NOH,Darren Collison,"University of California, Los Angeles",10,652,19193,8181,1696,3174,0.47100000000000003,0.391,0.852,19193,12.5,2.6,4.9,44.2,0.111,0.0,9.5
21,2009,22,POR,Victor Claver,,3,80,1072,258,178,56,0.39799999999999996,0.293,0.585,1072,3.2,2.2,0.7,0.2,0.011000000000000001,-3.3,-0.4
22,2009,23,SAC,Omri Casspi,,10,565,11585,4486,2272,647,0.452,0.369,0.675,11585,7.9,4.0,1.1,18.8,0.078,-1.4,1.7
23,2009,24,DAL,Byron Mullens,Ohio State University,5,189,3446,1398,790,153,0.408,0.319,0.706,3446,7.4,4.2,0.8,0.6,0.008,-4.6,-2.3
24,2009,25,OKC,Rodrigue Beaubois,,4,182,2896,1286,338,374,0.439,0.325,0.81,2896,7.1,1.9,2.1,4.8,0.079,-0.1,1.4
25,2009,26,CHI,Taj Gibson,University of Southern California,10,688,17940,6709,4413,708,0.507,0.21600000000000003,0.7040000000000001,17940,9.8,6.4,1.0,46.4,0.124,0.1,9.3
26,2009,27,MEM,DeMarre Carroll,University of Missouri,10,497,11885,4402,2097,626,0.434,0.363,0.743,11885,8.9,4.2,1.3,26.3,0.106,0.9,8.8
27,2009,28,MIN,Wayne Ellington,University of North Carolina,10,604,12723,4854,1331,659,0.41100000000000003,0.381,0.8540000000000001,12723,8.0,2.2,1.1,15.8,0.06,-2.2,-0.6
28,2009,29,LAL,Toney Douglas,Florida State University,8,394,7511,3009,875,889,0.40399999999999997,0.354,0.8240000000000001,7511,7.6,2.2,2.3,12.1,0.077,-0.6,2.6
29,2009,30,CLE,Christian Eyenga,,2,51,1049,320,137,40,0.41100000000000003,0.27699999999999997,0.611,1049,6.3,2.7,0.8,-0.4,-0.02,-4.0,-0.5
32,2009,31,SAC,Jeff Pendergraph,Arizona State University,6,237,2322,690,632,99,0.5529999999999999,0.4,0.7759999999999999,2322,2.9,2.7,0.4,6.3,0.131,-1.4,0.4
33,2009,32,WAS,Jermaine Taylor,University of Central Florida,2,65,786,351,108,48,0.441,0.284,0.73,786,5.4,1.7,0.7,0.2,0.013999999999999999,-4.6,-0.5
34,2009,33,POR,Dante Cunningham,Villanova University,10,671,14401,4036,2582,480,0.469,0.34,0.649,14401,6.0,3.8,0.7,24.1,0.08,-1.0,3.6
35,2009,34,DEN,Sergio Llull,,0,0,0,0,0,0,0.0,0.0,0.0,0,0.0,0.0,0.0,0.0,0.0,0.0,0.0
36,2009,35,DET,DaJuan Summers,Georgetown University,4,83,820,278,82,29,0.384,0.36700000000000005,0.642,820,3.3,1.0,0.3,-0.1,-0.008,-6.4,-0.9
37,2009,36,MEM,Sam Young,University of Pittsburgh,4,249,3966,1436,573,180,0.442,0.28,0.742,3966,5.8,2.3,0.7,5.2,0.063,-2.9,-0.9
38,2009,37,SAS,DeJuan Blair,University of Pittsburgh,7,424,7054,2865,2153,349,0.524,0.0,0.608,7054,6.8,5.1,0.8,19.0,0.129,0.4,4.2
39,2009,38,POR,Jon Brockman,University of Washington,3,150,1570,320,472,49,0.488,0.0,0.618,1570,2.1,3.1,0.3,3.7,0.113,-2.1,0.0
40,2009,39,DET,Jonas Jerebko,,9,584,10518,3600,2355,464,0.456,0.361,0.77,10518,6.2,4.0,0.8,23.5,0.107,-0.9,3.0
41,2009,40,CHA,Derrick Brown,Xavier University,3,171,2554,895,413,119,0.515,0.317,0.637,2554,5.2,2.4,0.7,4.5,0.085,-1.6,0.2
42,2009,41,MIL,Jodie Meeks,University of Kentucky,9,531,12006,4937,1108,575,0.418,0.37200000000000005,0.879,12006,9.3,2.1,1.1,24.0,0.096,-0.6,4.2
43,2009,42,LAL,Patrick Beverley,University of Arkansas,7,321,9112,2974,1308,1092,0.41,0.373,0.77,9112,9.3,4.1,3.4,20.7,0.109,1.8,8.7
44,2009,43,MIA,Marcus Thornton,Louisiana State University,8,483,11299,5750,1348,677,0.425,0.358,0.83,11299,11.9,2.8,1.4,20.0,0.085,-0.8,3.4
45,2009,44,DET,Chase Budinger,University of Arizona,7,407,7998,3198,1240,473,0.43,0.35200000000000004,0.797,7998,7.9,3.0,1.2,13.9,0.083,-1.4,1.2
46,2009,45,MIN,Nick Calathes,University of Florida,2,129,2011,590,243,353,0.441,0.28800000000000003,0.581,2011,4.6,1.9,2.7,2.6,0.063,-0.7,0.6
47,2009,46,CLE,Danny Green,University of North Carolina,10,561,14146,4953,1929,897,0.419,0.396,0.816,14146,8.8,3.4,1.6,34.5,0.11699999999999999,3.0,17.9
48,2009,47,MIN,Henk Norel,,0,0,0,0,0,0,0.0,0.0,0.0,0,0.0,0.0,0.0,0.0,0.0,0.0,0.0
49,2009,48,PHO,Taylor Griffin,University of Oklahoma,1,8,32,10,2,1,0.4,0.0,0.5,32,1.3,0.3,0.1,0.0,-0.039,-7.3,0.0
50,2009,49,ATL,Sergiy Gladyr,,0,0,0,0,0,0,0.0,0.0,0.0,0,0.0,0.0,0.0,0.0,0.0,0.0,0.0
51,2009,50,UTA,Goran Suton,Michigan State University,0,0,0,0,0,0,0.0,0.0,0.0,0,0.0,0.0,0.0,0.0,0.0,0.0,0.0
52,2009,51,SAS,Jack McClinton,University of Miami,0,0,0,0,0,0,0.0,0.0,0.0,0,0.0,0.0,0.0,0.0,0.0,0.0,0.0
53,2009,52,IND,A.J. Price,University of Connecticut,6,261,3929,1523,377,567,0.38,0.316,0.742,3929,5.8,1.4,2.2,4.7,0.057999999999999996,-2.4,-0.4
54,2009,53,SAS,Nando De Colo,,2,119,1414,453,211,203,0.429,0.363,0.835,1414,3.8,1.8,1.7,2.4,0.081,-0.8,0.4
55,2009,54,CHA,Robert Vaden,University of Alabama at Birmingham,0,0,0,0,0,0,0.0,0.0,0.0,0,0.0,0.0,0.0,0.0,0.0,0.0,0.0
56,2009,55,POR,Patrick Mills,Saint Mary's College of California,10,543,10108,4486,886,1234,0.43200000000000005,0.391,0.843,10108,8.3,1.6,2.3,25.0,0.11900000000000001,0.6,6.6
57,2009,56,DAL,Ahmad Nivins,Saint Joseph's University,0,0,0,0,0,0,0.0,0.0,0.0,0,0.0,0.0,0.0,0.0,0.0,0.0,0.0
58,2009,57,PHO,Emir Preldzic,,0,0,0,0,0,0,0.0,0.0,0.0,0,0.0,0.0,0.0,0.0,0.0,0.0,0.0
59,2009,58,BOS,Lester Hudson,University of Tennessee at Martin,4,57,594,268,77,71,0.375,0.27699999999999997,0.8059999999999999,594,4.7,1.4,1.2,0.2,0.016,-2.7,-0.1
60,2009,59,LAL,Chinemelu Elonu,Texas A&M University,0,0,0,0,0,0,0.0,0.0,0.0,0,0.0,0.0,0.0,0.0,0.0,0.0,0.0
61,2009,60,MIA,Robert Dozier,University of Memphis,0,0,0,0,0,0,0.0,0.0,0.0,0,0.0,0.0,0.0,0.0,0.0,0.0,0.0
62,2010,1,WAS,John Wall,University of Kentucky,9,561,20146,10650,2437,5167,0.433,0.327,0.782,20146,19.0,4.3,9.2,44.1,0.105,2.4,22.1
63,2010,2,PHI,Evan Turner,Ohio State University,9,633,17604,6441,3011,2224,0.433,0.297,0.785,17604,10.2,4.8,3.5,19.1,0.052000000000000005,-2.0,0.2
64,2010,3,NJN,Derrick Favors,Georgia Institute of Technology,9,576,14964,6638,4127,630,0.519,0.214,0.6609999999999999,14964,11.5,7.2,1.1,43.2,0.138,1.1,11.9
65,2010,4,MIN,Wesley Johnson,Syracuse University,9,586,13235,4189,1898,637,0.40700000000000003,0.33899999999999997,0.7440000000000001,13235,7.1,3.2,1.1,11.1,0.04,-1.0,3.3
66,2010,5,SAC,DeMarcus Cousins,University of Kentucky,8,535,17307,11518,5884,1725,0.46,0.33799999999999997,0.737,17307,21.5,11.0,3.2,41.6,0.115,2.9,21.4
67,2010,6,GSW,Ekpe Udoh,Baylor University,7,348,5447,1250,1023,236,0.44,0.0,0.723,5447,3.6,2.9,0.7,9.0,0.079,-0.1,2.6
68,2010,7,DET,Greg Monroe,Georgetown University,9,599,17069,8133,5087,1334,0.515,0.0,0.706,17069,13.6,8.5,2.2,48.7,0.13699999999999998,2.0,17.3
69,2010,8,LAC,Al-Farouq Aminu,Wake Forest University,9,609,15181,4574,3638,731,0.42,0.335,0.73,15181,7.5,6.0,1.2,22.7,0.07200000000000001,-0.2,7.0
70,2010,9,UTA,Gordon Hayward,Butler University,9,536,16677,8270,2253,1823,0.44299999999999995,0.365,0.821,16677,15.4,4.2,3.4,44.2,0.127,2.0,16.7
71,2010,10,IND,Paul George,"California State University, Fresno",9,546,18263,10280,3416,1765,0.431,0.375,0.8440000000000001,18263,18.8,6.3,3.2,55.7,0.146,3.6,25.8
72,2010,11,NOH,Cole Aldrich,University of Kansas,8,339,3389,1050,1131,183,0.527,0.0,0.738,3389,3.1,3.3,0.5,9.6,0.135,1.0,2.6
73,2010,12,MEM,Xavier Henry,University of Kansas,5,185,2905,1050,351,120,0.406,0.325,0.635,2905,5.7,1.9,0.6,0.8,0.013000000000000001,-5.1,-2.3
74,2010,13,TOR,Ed Davis,University of North Carolina,9,580,11864,3820,3805,455,0.5660000000000001,0.0,0.579,11864,6.6,6.6,0.8,37.1,0.15,1.0,9.0
75,2010,14,HOU,Patrick Patterson,University of Kentucky,9,578,13009,4155,2482,643,0.452,0.368,0.752,13009,7.2,4.3,1.1,28.0,0.10300000000000001,0.4,7.9
76,2010,15,MIL,Larry Sanders,Virginia Commonwealth University,6,238,4635,1520,1345,174,0.48,0.0,0.5529999999999999,4635,6.4,5.7,0.7,10.3,0.107,0.6,3.0
77,2010,16,MIN,Luke Babbitt,"University of Nevada, Reno",8,381,5332,1818,846,224,0.408,0.402,0.747,5332,4.8,2.2,0.6,7.2,0.065,-2.8,-1.0
78,2010,17,CHI,Kevin Seraphin,,7,423,6430,2516,1462,246,0.489,0.0,0.715,6430,5.9,3.5,0.6,5.9,0.044000000000000004,-3.9,-3.1
79,2010,18,OKC,Eric Bledsoe,University of Kentucky,9,512,14220,7101,1955,2415,0.452,0.33799999999999997,0.7959999999999999,14220,13.9,3.8,4.7,31.2,0.105,2.1,14.6
80,2010,19,BOS,Avery Bradley,University of Texas at Austin,9,472,13417,5754,1404,816,0.43700000000000006,0.363,0.7709999999999999,13417,12.2,3.0,1.7,13.8,0.05,-1.8,0.8
81,2010,20,SAS,James Anderson,Oklahoma State University,5,247,4320,1422,560,291,0.41100000000000003,0.321,0.755,4320,5.8,2.3,1.2,3.3,0.037000000000000005,-2.8,-0.9
82,2010,21,OKC,Craig Brackins,Iowa State University,2,17,121,30,19,9,0.265,0.214,0.5,121,1.8,1.1,0.5,-0.2,-0.08900000000000001,-9.1,-0.2
83,2010,22,POR,Elliot Williams,University of Memphis,4,109,1470,537,161,94,0.42100000000000004,0.31,0.669,1470,4.9,1.5,0.9,0.7,0.024,-5.3,-1.2
84,2010,23,MIN,Trevor Booker,Clemson University,8,532,10872,3679,2932,566,0.515,0.305,0.636,10872,6.9,5.5,1.1,26.2,0.11599999999999999,0.2,6.0
85,2010,24,ATL,Damion James,University of Texas at Austin,4,39,623,150,131,26,0.415,0.0,0.667,623,3.8,3.4,0.7,0.0,-0.001,-4.3,-0.4
86,2010,25,MEM,Dominique Jones,University of South Florida,3,80,741,246,114,144,0.366,0.095,0.7290000000000001,741,3.1,1.4,1.8,0.3,0.017,-3.6,-0.3
87,2010,26,OKC,Quincy Pondexter,University of Washington,7,318,5328,1542,610,244,0.42,0.355,0.741,5328,4.8,1.9,0.8,9.2,0.083,-1.2,1.1
88,2010,27,NJN,Jordan Crawford,Xavier University,6,281,6843,3432,703,883,0.41100000000000003,0.317,0.826,6843,12.2,2.5,3.1,6.3,0.044000000000000004,-2.1,-0.2
89,2010,28,MEM,Greivis Vasquez,University of Maryland,7,401,9520,3591,1021,1935,0.418,0.349,0.8170000000000001,9520,9.0,2.5,4.8,12.6,0.064,-1.5,1.1
90,2010,29,ORL,Daniel Orton,University of Kentucky,3,51,542,143,126,24,0.485,0.0,0.597,542,2.8,2.5,0.5,1.0,0.09300000000000001,-1.7,0.0
91,2010,30,WAS,Lazar Hayward,Marquette University,3,72,591,207,90,35,0.34700000000000003,0.26899999999999996,0.767,591,2.9,1.3,0.5,0.2,0.02,-4.6,-0.4
94,2010,31,NJN,Tibor Pleiss,,1,12,82,24,15,2,0.44,0.0,1.0,82,2.0,1.3,0.2,-0.1,-0.040999999999999995,-8.1,-0.1
95,2010,32,MIA,Dexter Pittman,University of Texas at Austin,4,50,347,116,89,9,0.45,0.0,0.545,347,2.3,1.8,0.2,0.5,0.068,-6.0,-0.4
96,2010,33,SAC,Hassan Whiteside,Marshall University,7,289,7742,3936,3346,159,0.569,0.28600000000000003,0.62,7742,13.6,11.6,0.6,31.9,0.198,0.2,4.4
97,2010,34,POR,Armon Johnson,"University of Nevada, Reno",2,47,401,157,49,56,0.45799999999999996,0.4,0.679,401,3.3,1.0,1.2,-0.1,-0.015,-6.2,-0.4
98,2010,35,WAS,Nemanja Bjelica,,4,212,4127,1389,840,290,0.461,0.38799999999999996,0.75,4127,6.6,4.0,1.4,7.6,0.08900000000000001,0.4,2.5
99,2010,36,DET,Terrico White,University of Mississippi,0,0,0,0,0,0,0.0,0.0,0.0,0,0.0,0.0,0.0,0.0,0.0,0.0,0.0
100,2010,37,MIL,Darington Hobson,University of New Mexico,1,5,39,4,3,6,0.154,0.0,0.0,39,0.8,0.6,1.2,-0.2,-0.225,-14.1,-0.1
101,2010,38,NYK,Andy Rautins,Syracuse University,1,5,24,8,1,3,0.429,0.25,0.5,24,1.6,0.2,0.6,-0.2,-0.314,-16.0,-0.1
102,2010,39,NYK,Landry Fields,Stanford University,5,255,6010,1731,1092,419,0.473,0.332,0.6659999999999999,6010,6.8,4.3,1.6,10.5,0.084,-0.1,2.8
103,2010,40,IND,Lance Stephenson,University of Cincinnati,9,459,11053,4025,1975,1352,0.446,0.307,0.688,11053,8.8,4.3,2.9,16.1,0.07,-0.7,3.7
104,2010,41,MIA,Jarvis Varnado,Mississippi State University,2,37,397,107,72,16,0.5820000000000001,0.0,0.518,397,2.9,1.9,0.4,0.7,0.08900000000000001,-1.9,0.0
105,2010,42,MIA,Da'Sean Butler,West Virginia University,0,0,0,0,0,0,0.0,0.0,0.0,0,0.0,0.0,0.0,0.0,0.0,0.0,0.0
106,2010,43,LAL,Devin Ebanks,West Virginia University,3,63,711,224,122,24,0.385,0.222,0.722,711,3.6,1.9,0.4,0.5,0.035,-4.7,-0.5
107,2010,44,MIL,Jerome Jordan,University of Tulsa,2,65,491,180,132,17,0.528,0.0,0.852,491,2.8,2.0,0.3,1.7,0.168,0.0,0.2
108,2010,45,MIN,Paulao Prestes,,0,0,0,0,0,0,0.0,0.0,0.0,0,0.0,0.0,0.0,0.0,0.0,0.0,0.0
109,2010,46,PHO,Gani Lawal,Georgia Institute of Technology,1,1,2,0,0,0,0.0,0.0,0.0,2,0.0,0.0,0.0,0.0,-0.009000000000000001,-4.9,0.0
110,2010,47,MIL,Tiny Gallon,University of Oklahoma,0,0,0,0,0,0,0.0,0.0,0.0,0,0.0,0.0,0.0,0.0,0.0,0.0,0.0
111,2010,48,MIA,Latavious Williams,,0,0,0,0,0,0,0.0,0.0,0.0,0,0.0,0.0,0.0,0.0,0.0,0.0,0.0
112,2010,49,SAS,Ryan Richards,,0,0,0,0,0,0,0.0,0.0,0.0,0,0.0,0.0,0.0,0.0,0.0,0.0,0.0
113,2010,50,DAL,Solomon Alabi,Florida State University,2,26,181,39,61,5,0.314,0.0,0.7,181,1.5,2.3,0.2,0.0,0.01,-5.4,-0.2
114,2010,51,OKC,Magnum Rolle,Louisiana Tech University,0,0,0,0,0,0,0.0,0.0,0.0,0,0.0,0.0,0.0,0.0,0.0,0.0,0.0
115,2010,52,BOS,Luke Harangody,University of Notre Dame,2,70,871,253,196,36,0.376,0.24100000000000002,0.737,871,3.6,2.8,0.5,0.9,0.048,-3.3,-0.3
116,2010,53,ATL,Pape Sy,,1,3,21,7,3,2,0.33299999999999996,0.0,1.0,21,2.3,1.0,0.7,0.0,-0.047,-6.0,0.0
117,2010,54,LAC,Willie Warren,University of Oklahoma,1,19,134,37,12,27,0.371,0.33299999999999996,0.75,134,1.9,0.6,1.4,0.2,0.065,-4.5,-0.1
118,2010,55,UTA,Jeremy Evans,Western Kentucky University,7,250,2626,879,641,107,0.569,0.231,0.687,2626,3.5,2.6,0.4,8.2,0.15,1.0,2.0
119,2010,56,MIN,Hamady N'Diaye,Rutgers University,3,33,157,20,25,3,0.467,0.0,0.462,157,0.6,0.8,0.1,0.0,0.013000000000000001,-4.9,-0.1
120,2010,57,IND,Ryan Reid,Florida State University,1,5,17,8,2,0,0.8,0.0,0.0,17,1.6,0.4,0.0,0.1,0.142,-5.5,0.0
121,2010,58,LAL,Derrick Caracter,University of Texas at El Paso,1,41,215,81,43,7,0.485,0.0,0.7390000000000001,215,2.0,1.0,0.2,0.3,0.057,-4.9,-0.2
122,2010,59,ORL,Stanley Robinson,University of Connecticut,0,0,0,0,0,0,0.0,0.0,0.0,0,0.0,0.0,0.0,0.0,0.0,0.0,0.0
123,2010,60,PHO,Dwayne Collins,University of Miami,0,0,0,0,0,0,0.0,0.0,0.0,0,0.0,0.0,0.0,0.0,0.0,0.0,0.0
124,2011,1,CLE,Kyrie Irving,Duke University,8,461,15600,10137,1615,2547,0.462,0.387,0.8740000000000001,15600,22.0,3.5,5.5,51.8,0.159,3.5,21.7
125,2011,2,MIN,Derrick Williams,University of Arizona,7,428,8864,3809,1693,293,0.434,0.3,0.71,8864,8.9,4.0,0.7,14.1,0.076,-3.2,-2.6
126,2011,3,UTA,Enes Kanter,,8,537,11881,6350,4029,420,0.539,0.294,0.7809999999999999,11881,11.8,7.5,0.8,36.0,0.146,-1.5,1.4
127,2011,4,CLE,Tristan Thompson,University of Texas at Austin,8,538,15016,4901,4595,454,0.519,0.0,0.607,15016,9.1,8.5,0.8,38.8,0.124,-0.6,5.4
128,2011,5,TOR,Jonas Valanciunas,,7,461,11624,5412,3907,346,0.5579999999999999,0.376,0.7859999999999999,11624,11.7,8.5,0.8,43.2,0.17800000000000002,-0.1,5.7
129,2011,6,WAS,Jan Vesely,,3,162,2455,590,562,96,0.521,0.0,0.408,2455,3.6,3.5,0.6,4.0,0.078,-0.6,0.9
130,2011,7,SAC,Bismack Biyombo,,8,537,11120,2661,3430,257,0.514,0.0,0.565,11120,5.0,6.4,0.5,21.0,0.091,-2.0,0.0
131,2011,8,DET,Brandon Knight,University of Kentucky,6,382,11939,5820,1277,1629,0.415,0.35700000000000004,0.812,11939,15.2,3.3,4.3,11.6,0.047,-1.2,2.3
132,2011,9,CHA,Kemba Walker,University of Connecticut,8,543,18445,10464,2042,2954,0.41600000000000004,0.36,0.835,18445,19.3,3.8,5.4,44.0,0.115,2.5,20.7
133,2011,10,MIL,Jimmer Fredette,Brigham Young University,5,235,3148,1416,236,323,0.41200000000000003,0.381,0.8759999999999999,3148,6.0,1.0,1.4,2.4,0.037000000000000005,-4.0,-1.6
134,2011,11,GSW,Klay Thompson,Washington State University,8,559,18442,10818,1914,1268,0.45799999999999996,0.418,0.848,18442,19.4,3.4,2.3,42.2,0.11,0.2,10.2
135,2011,12,UTA,Alec Burks,University of Colorado,8,382,7946,3671,1096,621,0.425,0.355,0.768,7946,9.6,2.9,1.6,11.8,0.071,-2.3,-0.6
136,2011,13,PHO,Markieff Morris,University of Kansas,8,540,14268,6389,3014,936,0.451,0.34,0.7809999999999999,14268,11.8,5.6,1.7,22.8,0.077,-0.6,4.9
137,2011,14,HOU,Marcus Morris,University of Kansas,8,490,12891,5524,2189,747,0.431,0.361,0.735,12891,11.3,4.5,1.5,23.7,0.08800000000000001,-0.5,4.8
138,2011,15,IND,Kawhi Leonard,San Diego State University,8,422,12864,7025,2638,969,0.494,0.384,0.846,12864,16.6,6.3,2.3,58.4,0.218,6.1,26.4
139,2011,16,PHI,Nikola Vucevic,University of Southern California,8,477,14243,7183,4714,1081,0.501,0.321,0.737,14243,15.1,9.9,2.3,34.4,0.11599999999999999,1.2,11.4
140,2011,17,NYK,Iman Shumpert,Georgia Institute of Technology,8,401,10171,2968,1372,750,0.39799999999999996,0.34299999999999997,0.768,10171,7.4,3.4,1.9,12.5,0.059000000000000004,-0.3,4.3
141,2011,18,WAS,Chris Singleton,Florida State University,3,148,2605,612,472,92,0.376,0.319,0.633,2605,4.1,3.2,0.6,2.3,0.042,-2.3,-0.2
142,2011,19,CHA,Tobias Harris,University of Tennessee,8,483,14412,7200,2771,842,0.47,0.359,0.812,14412,14.9,5.7,1.7,34.5,0.115,0.2,7.9
143,2011,20,MIN,Donatas Motiejunas,,5,248,4553,1826,949,268,0.469,0.3,0.6,4553,7.4,3.8,1.1,7.2,0.076,-2.0,0.0
144,2011,21,POR,Nolan Smith,Duke University,2,84,829,277,83,97,0.371,0.26,0.7140000000000001,829,3.3,1.0,1.2,-0.8,-0.047,-6.5,-0.9
145,2011,22,DEN,Kenneth Faried,Morehead State University,8,448,11041,5067,3649,450,0.544,0.1,0.654,11041,11.3,8.1,1.0,36.0,0.157,1.3,9.1
146,2011,23,HOU,Nikola Mirotic,,5,292,7077,3582,1755,373,0.425,0.358,0.8029999999999999,7077,12.3,6.0,1.3,19.4,0.132,0.8,5.0
147,2011,24,OKC,Reggie Jackson,Boston College,8,465,11583,5842,1396,2058,0.428,0.318,0.857,11583,12.6,3.0,4.4,24.1,0.1,-0.1,5.6
148,2011,25,BOS,MarShon Brooks,Providence College,5,188,3304,1519,411,276,0.445,0.35100000000000003,0.759,3304,8.1,2.2,1.5,3.3,0.048,-2.3,-0.2
149,2011,26,DAL,Jordan Hamilton,University of Texas at Austin,5,151,2100,890,429,127,0.408,0.35700000000000004,0.67,2100,5.9,2.8,0.8,3.0,0.069,-1.5,0.3
150,2011,27,NJN,JaJuan Johnson,Purdue University,1,36,298,114,58,6,0.446,0.0,0.667,298,3.2,1.6,0.2,0.2,0.032,-6.3,-0.3
151,2011,28,CHI,Norris Cole,Cleveland State University,6,360,8018,2506,702,981,0.40700000000000003,0.324,0.743,8018,7.0,2.0,2.7,3.0,0.018000000000000002,-4.0,-4.0
152,2011,29,SAS,Cory Joseph,University of Texas at Austin,8,466,9817,3277,1147,1236,0.451,0.33799999999999997,0.7609999999999999,9817,7.0,2.5,2.7,19.5,0.095,-0.6,3.5
153,2011,30,CHI,Jimmy Butler,Marquette University,8,475,15650,7870,2320,1606,0.45399999999999996,0.344,0.8320000000000001,15650,16.6,4.9,3.4,60.5,0.18600000000000003,4.1,24.1
156,2011,31,MIA,Bojan Bogdanovic,,5,338,9133,4153,1088,426,0.45799999999999996,0.387,0.8590000000000001,9133,12.3,3.2,1.3,13.5,0.071,-1.9,0.1
157,2011,32,CLE,Justin Harper,University of Richmond,3,22,150,45,18,4,0.34,0.276,0.33299999999999996,150,2.0,0.8,0.2,-0.3,-0.09300000000000001,-8.4,-0.2
158,2011,33,DET,Kyle Singler,Duke University,6,356,7794,2326,1026,272,0.418,0.36200000000000004,0.7859999999999999,7794,6.5,2.9,0.8,10.0,0.062,-1.6,0.7
159,2011,34,WAS,Shelvin Mack,Butler University,8,418,7625,2754,833,1305,0.429,0.33299999999999996,0.735,7625,6.6,2.0,3.1,10.5,0.066,-2.3,-0.7
160,2011,35,SAC,Tyler Honeycutt,"University of California, Los Angeles",2,24,120,28,24,9,0.314,0.2,0.7140000000000001,120,1.2,1.0,0.4,-0.1,-0.049,-6.4,-0.1
161,2011,36,NJN,Jordan Williams,University of Maryland,1,43,635,197,156,11,0.507,0.0,0.652,635,4.6,3.6,0.3,1.3,0.10099999999999999,-3.1,-0.2
162,2011,37,LAC,Trey Thompkins,University of Georgia,1,24,119,57,24,3,0.39299999999999996,0.308,0.7140000000000001,119,2.4,1.0,0.1,0.0,0.004,-8.9,-0.2
163,2011,38,HOU,Chandler Parsons,University of Florida,8,413,12742,5387,1899,1157,0.466,0.376,0.708,12742,13.0,4.6,2.8,29.1,0.11,1.8,12.2
164,2011,39,CHA,Jeremy Tyler,,3,104,1034,373,269,25,0.45,0.0,0.557,1034,3.6,2.6,0.2,0.3,0.013999999999999999,-6.6,-1.2
165,2011,40,MIL,Jon Leuer,University of Wisconsin,8,344,5607,2259,1346,290,0.478,0.332,0.767,5607,6.6,3.9,0.8,12.5,0.107,-1.3,1.0
166,2011,41,LAL,Darius Morris,University of Michigan,4,132,1464,430,126,189,0.384,0.322,0.63,1464,3.3,1.0,1.4,-0.3,-0.01,-5.6,-1.3
167,2011,42,IND,Davis Bertans,,3,162,2184,877,297,138,0.442,0.389,0.835,2184,5.4,1.8,0.9,6.1,0.134,1.3,1.8
168,2011,43,CHI,Malcolm Lee,"University of California, Los Angeles",3,36,534,140,65,51,0.382,0.294,0.703,534,3.9,1.8,1.4,0.4,0.04,-2.0,0.0
169,2011,44,GSW,Charles Jenkins,Hofstra University,2,110,1334,408,100,214,0.434,0.182,0.754,1334,3.7,0.9,1.9,0.5,0.017,-5.9,-1.3
170,2011,45,NOH,Josh Harrellson,University of Kentucky,3,75,888,265,227,26,0.43799999999999994,0.34700000000000003,0.629,888,3.5,3.0,0.3,2.1,0.11599999999999999,-0.7,0.3
171,2011,46,LAL,Andrew Goudelock,College of Charleston,3,49,475,197,34,24,0.39299999999999996,0.345,0.875,475,4.0,0.7,0.5,0.0,0.003,-6.5,-0.5
172,2011,47,LAC,Travis Leslie,University of Georgia,1,10,45,14,9,5,0.35700000000000004,0.0,0.444,45,1.4,0.9,0.5,0.1,0.06,-0.2,0.0
173,2011,48,ATL,Keith Benson,Oakland University,1,3,9,0,3,0,0.0,0.0,0.0,9,0.0,1.0,0.0,0.0,-0.005,-10.4,0.0
174,2011,49,MEM,Josh Selby,University of Kansas,2,38,296,83,20,34,0.33,0.14300000000000002,0.72,296,2.2,0.5,0.9,-0.7,-0.113,-10.1,-0.6
175,2011,50,PHI,Lavoy Allen,Temple University,6,388,6905,1847,1843,384,0.47100000000000003,0.133,0.682,6905,4.8,4.8,1.0,13.8,0.096,-1.2,1.3
176,2011,51,POR,Jon Diebler,Ohio State University,0,0,0,0,0,0,0.0,0.0,0.0,0,0.0,0.0,0.0,0.0,0.0,0.0,0.0
177,2011,52,DET,Vernon Macklin,University of Florida,1,23,135,46,34,5,0.5429999999999999,0.0,0.5710000000000001,135,2.0,1.5,0.2,0.5,0.161,-0.6,0.0
178,2011,53,ORL,DeAndre Liggins,University of Kentucky,5,177,1907,346,252,122,0.402,0.35200000000000004,0.5489999999999999,1907,2.0,1.4,0.7,1.6,0.04,-2.0,0.0
179,2011,54,CLE,Milan Macvan,,0,0,0,0,0,0,0.0,0.0,0.0,0,0.0,0.0,0.0,0.0,0.0,0.0,0.0
180,2011,55,BOS,E'Twaun Moore,Purdue University,8,483,10355,3842,956,882,0.461,0.39,0.7340000000000001,10355,8.0,2.0,1.8,13.1,0.061,-1.6,1.0
181,2011,56,LAL,Chukwudiebere Maduabum,,0,0,0,0,0,0,0.0,0.0,0.0,0,0.0,0.0,0.0,0.0,0.0,0.0,0.0
182,2011,57,DAL,Targuy Ngombo,,0,0,0,0,0,0,0.0,0.0,0.0,0,0.0,0.0,0.0,0.0,0.0,0.0,0.0
183,2011,58,LAL,Ater Majok,,0,0,0,0,0,0,0.0,0.0,0.0,0,0.0,0.0,0.0,0.0,0.0,0.0,0.0
184,2011,59,SAS,Adam Hanga,,0,0,0,0,0,0,0.0,0.0,0.0,0,0.0,0.0,0.0,0.0,0.0,0.0,0.0
185,2011,60,SAC,Isaiah Thomas,University of Washington,7,473,14076,8923,1207,2430,0.439,0.361,0.877,14076,18.9,2.6,5.1,45.6,0.155,2.0,14.2
186,2012,1,NOH,Anthony Davis,University of Kentucky,7,427,14895,10066,4452,847,0.516,0.31,0.795,14895,23.6,10.4,2.0,65.5,0.21100000000000002,4.4,24.2
187,2012,2,CHA,Michael Kidd-Gilchrist,University of Kentucky,7,371,9800,3382,2191,459,0.47700000000000004,0.222,0.708,9800,9.1,5.9,1.2,19.7,0.096,-1.0,2.5
188,2012,3,WAS,Bradley Beal,University of Florida,7,426,14460,8026,1604,1457,0.447,0.39,0.792,14460,18.8,3.8,3.4,30.1,0.1,0.6,9.4
189,2012,4,CLE,Dion Waiters,Syracuse University,6,365,10490,4867,968,1022,0.41200000000000003,0.341,0.701,10490,13.3,2.7,2.8,7.5,0.034,-2.6,-1.6
190,2012,5,SAC,Thomas Robinson,University of Kansas,5,313,4204,1528,1507,190,0.47,0.0,0.505,4204,4.9,4.8,0.6,4.6,0.053,-3.2,-1.3
191,2012,6,POR,Damian Lillard,Weber State University,7,489,17765,11371,2021,3050,0.43200000000000005,0.36700000000000005,0.885,17765,23.3,4.1,6.2,61.1,0.165,3.8,25.9
192,2012,7,GSW,Harrison Barnes,University of North Carolina,7,477,14501,6296,2349,733,0.45,0.368,0.789,14501,13.2,4.9,1.5,26.8,0.08900000000000001,-1.3,2.7
193,2012,8,TOR,Terrence Ross,University of Washington,7,432,10314,4237,1146,436,0.424,0.374,0.802,10314,9.8,2.7,1.0,15.6,0.073,-0.9,2.8
194,2012,9,DET,Andre Drummond,University of Connecticut,7,480,14637,6622,6466,540,0.544,0.17800000000000002,0.425,14637,13.8,13.5,1.1,48.5,0.159,1.6,13.3
195,2012,10,NOH,Austin Rivers,Duke University,7,428,10339,3982,872,1018,0.419,0.353,0.649,10339,9.3,2.0,2.4,7.7,0.036000000000000004,-2.7,-1.8
196,2012,11,POR,Meyers Leonard,University of Illinois at Urbana-Champaign,7,349,5426,1934,1318,278,0.47100000000000003,0.382,0.8290000000000001,5426,5.5,3.8,0.8,11.5,0.10099999999999999,-1.7,0.4
197,2012,12,HOU,Jeremy Lamb,University of Connecticut,7,376,7202,3539,1262,541,0.445,0.33899999999999997,0.843,7202,9.4,3.4,1.4,17.0,0.113,-0.6,2.6
198,2012,13,PHO,Kendall Marshall,University of North Carolina,4,160,3083,802,253,779,0.39899999999999997,0.37,0.611,3083,5.0,1.6,4.9,1.0,0.015,-5.6,-2.8
199,2012,14,MIL,John Henson,University of North Carolina,7,405,8152,3162,2206,442,0.539,0.273,0.5720000000000001,8152,7.8,5.4,1.1,19.3,0.114,0.5,5.2
200,2012,15,PHI,Maurice Harkless,St. John's University,7,423,9667,3057,1516,368,0.473,0.327,0.608,9667,7.2,3.6,0.9,16.0,0.079,0.0,4.8
201,2012,16,HOU,Royce White,Iowa State University,1,3,9,0,0,0,0.0,0.0,0.0,9,0.0,0.0,0.0,0.0,-0.121,-10.4,0.0
202,2012,17,DAL,Tyler Zeller,University of North Carolina,6,406,7157,2825,1792,363,0.508,0.294,0.764,7157,7.0,4.4,0.9,16.8,0.11199999999999999,-1.5,0.8
203,2012,18,HOU,Terrence Jones,University of Kentucky,5,232,5557,2429,1330,238,0.501,0.299,0.622,5557,10.5,5.7,1.0,14.8,0.128,0.2,3.0
204,2012,19,ORL,Andrew Nicholson,St. Bonaventure University,5,285,4080,1700,857,126,0.467,0.321,0.773,4080,6.0,3.0,0.4,3.8,0.045,-5.3,-3.4
205,2012,20,DEN,Evan Fournier,,7,397,10856,5251,1061,941,0.445,0.37200000000000005,0.802,10856,13.2,2.7,2.4,16.5,0.073,-1.0,2.7
206,2012,21,BOS,Jared Sullinger,Ohio State University,5,269,6532,2893,2006,477,0.436,0.272,0.723,6532,10.8,7.5,1.8,15.3,0.113,0.5,4.1
207,2012,22,BOS,Fab Melo,Syracuse University,1,6,36,7,3,0,0.5,0.0,0.25,36,1.2,0.5,0.0,0.0,0.021,-5.8,0.0
208,2012,23,ATL,John Jenkins,Vanderbilt University,5,145,1850,734,213,116,0.44799999999999995,0.364,0.8490000000000001,1850,5.1,1.5,0.8,2.7,0.071,-3.6,-0.7
209,2012,24,CLE,Jared Cunningham,Oregon State University,4,84,605,197,56,39,0.34700000000000003,0.306,0.674,605,2.3,0.7,0.5,0.2,0.017,-5.9,-0.6
210,2012,25,MEM,Tony Wroten,University of Washington,4,145,3076,1604,363,437,0.413,0.231,0.647,3076,11.1,2.5,3.0,-1.3,-0.021,-4.1,-1.6
211,2012,26,IND,Miles Plumlee,Duke University,7,340,5619,1683,1556,174,0.542,0.0,0.542,5619,5.0,4.6,0.5,10.6,0.09,-1.6,0.6
212,2012,27,MIA,Arnett Moultrie,Mississippi State University,2,59,729,210,180,12,0.547,0.0,0.667,729,3.6,3.1,0.2,1.7,0.113,-3.0,-0.2
213,2012,28,OKC,Perry Jones,Baylor University,3,143,1675,488,252,54,0.42,0.293,0.66,1675,3.4,1.8,0.4,1.7,0.048,-4.6,-1.1
214,2012,29,CHI,Marquis Teague,University of Kentucky,3,91,909,217,90,134,0.34299999999999997,0.222,0.6609999999999999,909,2.4,1.0,1.5,-0.9,-0.045,-8.0,-1.4
215,2012,30,GSW,Festus Ezeli,Vanderbilt University,3,170,2394,712,725,63,0.513,0.0,0.557,2394,4.2,4.3,0.4,5.9,0.11900000000000001,-1.1,0.6
218,2012,31,CHA,Jeff Taylor,Vanderbilt University,3,132,2566,807,263,107,0.409,0.319,0.665,2566,6.1,2.0,0.8,1.3,0.024,-3.9,-1.2
219,2012,32,WAS,Tomas Satoransky,,3,150,2644,772,353,428,0.488,0.39899999999999997,0.794,2644,5.1,2.4,2.9,6.3,0.115,-0.2,1.2
220,2012,33,CLE,Bernard James,Florida State University,3,92,761,203,212,13,0.49700000000000005,0.0,0.68,761,2.2,2.3,0.1,1.9,0.11699999999999999,-1.1,0.2
221,2012,34,CLE,Jae Crowder,Marquette University,7,484,11592,4445,1843,672,0.42700000000000005,0.337,0.784,11592,9.2,3.8,1.4,25.3,0.105,0.6,7.7
222,2012,35,GSW,Draymond Green,Michigan State University,7,480,13310,4429,3317,2229,0.43799999999999994,0.325,0.7070000000000001,13310,9.2,6.9,4.6,39.5,0.142,3.9,19.7
223,2012,36,SAC,Orlando Johnson,"University of California, Santa Barbara",3,103,1112,329,180,69,0.358,0.311,0.727,1112,3.2,1.7,0.7,1.4,0.059000000000000004,-3.8,-0.5
224,2012,37,TOR,Quincy Acy,Baylor University,6,327,5269,1625,1154,209,0.447,0.35600000000000004,0.7609999999999999,5269,5.0,3.5,0.6,8.8,0.08,-1.7,0.4
225,2012,38,DEN,Quincy Miller,Baylor University,3,69,934,295,169,37,0.35,0.292,0.706,934,4.3,2.4,0.5,-0.1,-0.003,-4.0,-0.5
226,2012,39,DET,Khris Middleton,Texas A&M University,7,398,12663,6101,1673,1219,0.45399999999999996,0.39299999999999996,0.88,12663,15.3,4.2,3.1,27.0,0.102,0.2,7.1
227,2012,40,POR,Will Barton,University of Memphis,7,397,9059,4157,1535,918,0.435,0.342,0.7909999999999999,9059,10.5,3.9,2.3,15.5,0.08199999999999999,-0.4,3.6
228,2012,41,POR,Tyshawn Taylor,University of Kansas,2,61,491,174,33,57,0.354,0.36,0.684,491,2.9,0.5,0.9,-0.9,-0.08800000000000001,-8.8,-0.8
229,2012,42,MIL,Doron Lamb,University of Kentucky,2,100,1272,345,95,75,0.381,0.39399999999999996,0.7,1272,3.5,1.0,0.8,0.1,0.005,-5.9,-1.2
230,2012,43,ATL,Mike Scott,University of Virginia,7,376,6018,2758,1144,356,0.47600000000000003,0.358,0.763,6018,7.3,3.0,0.9,12.4,0.099,-2.1,-0.2
231,2012,44,DET,Kim English,University of Missouri,1,41,407,119,37,26,0.375,0.28,0.7240000000000001,407,2.9,0.9,0.6,0.2,0.021,-4.2,-0.2
232,2012,45,PHI,Justin Hamilton,Louisiana State University,3,113,1961,687,403,91,0.46399999999999997,0.309,0.7979999999999999,1961,6.1,3.6,0.8,3.7,0.091,-0.3,0.8
233,2012,46,NOH,Darius Miller,University of Kentucky,5,201,3755,1054,317,227,0.434,0.392,0.851,3755,5.2,1.6,1.1,4.6,0.057999999999999996,-1.7,0.3
234,2012,47,UTA,Kevin Murphy,Tennessee Technological University,1,17,52,15,4,2,0.25,0.2,0.0,52,0.9,0.2,0.1,-0.3,-0.272,-17.6,-0.2
235,2012,48,NYK,Kostas Papanikolaou,,2,69,1089,249,158,101,0.354,0.297,0.688,1089,3.6,2.3,1.5,0.3,0.015,-2.8,-0.2
236,2012,49,ORL,Kyle O'Quinn,Norfolk State University,7,411,6105,2340,1960,553,0.517,0.217,0.748,6105,5.7,4.8,1.3,16.0,0.126,1.9,5.9
237,2012,50,DEN,Izzet Turkyilmaz,,0,0,0,0,0,0,0.0,0.0,0.0,0,0.0,0.0,0.0,0.0,0.0,0.0,0.0
238,2012,51,BOS,Kris Joseph,Syracuse University,1,10,54,9,7,1,0.14300000000000002,0.0,0.625,54,0.9,0.7,0.1,-0.1,-0.127,-10.5,-0.1
239,2012,52,GSW,Ognjen Kuzmic,,2,37,164,35,38,8,0.52,0.0,0.6,164,0.9,1.0,0.2,0.2,0.061,-2.5,0.0
240,2012,53,LAC,Furkan Aldemir,,1,41,540,93,176,28,0.513,0.0,0.48100000000000004,540,2.3,4.3,0.7,1.4,0.122,-0.7,0.2
241,2012,54,PHI,Tornike Shengelia,,2,45,247,59,39,17,0.451,0.125,0.5,247,1.3,0.9,0.4,-0.2,-0.032,-6.6,-0.3
242,2012,55,DAL,Darius Johnson-Odom,Marquette University,2,7,21,0,6,2,0.0,0.0,0.0,21,0.0,0.9,0.3,-0.3,-0.597,-23.2,-0.1
243,2012,56,TOR,Tomislav Zubcic,,0,0,0,0,0,0,0.0,0.0,0.0,0,0.0,0.0,0.0,0.0,0.0,0.0,0.0
244,2012,57,NJN,Ilkan Karaman,,0,0,0,0,0,0,0.0,0.0,0.0,0,0.0,0.0,0.0,0.0,0.0,0.0,0.0
245,2012,58,MIN,Robbie Hummel,Purdue University,2,98,1397,379,266,50,0.418,0.34299999999999997,0.867,1397,3.9,2.7,0.5,1.9,0.066,-2.9,-0.3
246,2012,59,SAS,Marcus Denmon,University of Missouri,0,0,0,0,0,0,0.0,0.0,0.0,0,0.0,0.0,0.0,0.0,0.0,0.0,0.0
247,2012,60,LAL,Robert Sacre,Gonzaga University,4,189,2745,787,593,126,0.436,0.0,0.6709999999999999,2745,4.2,3.1,0.7,2.4,0.042,-3.1,-0.8
248,2013,1,CLE,Anthony Bennett,"University of Nevada, Las Vegas",4,151,1905,658,472,77,0.392,0.261,0.67,1905,4.4,3.1,0.5,0.5,0.013000000000000001,-5.6,-1.7
249,2013,2,ORL,Victor Oladipo,Indiana University,6,382,12731,6696,1763,1478,0.445,0.35200000000000004,0.7959999999999999,12731,17.5,4.6,3.9,23.2,0.08800000000000001,1.1,9.8
250,2013,3,WAS,Otto Porter,Georgetown University,6,362,9627,3833,1775,512,0.488,0.401,0.789,9627,10.6,4.9,1.4,27.0,0.135,2.2,10.1
251,2013,4,CHA,Cody Zeller,Indiana University,6,332,7516,2658,1864,435,0.508,0.261,0.737,7516,8.0,5.6,1.3,21.9,0.14,0.7,5.2
252,2013,5,PHO,Alex Len,University of Maryland,6,354,7062,2618,2281,279,0.48700000000000004,0.29,0.7020000000000001,7062,7.4,6.4,0.8,12.7,0.087,-1.8,0.3
253,2013,6,NOH,Nerlens Noel,University of Kentucky,5,241,6038,2157,1706,329,0.516,0.25,0.628,6038,9.0,7.1,1.4,13.7,0.109,1.4,5.2
254,2013,7,SAC,Ben McLemore,University of Kansas,6,355,8597,3176,892,405,0.41700000000000004,0.35100000000000003,0.782,8597,8.9,2.5,1.1,4.4,0.025,-2.8,-1.7
255,2013,8,DET,Kentavious Caldwell-Pope,University of Georgia,6,407,12340,4805,1372,668,0.408,0.344,0.7929999999999999,12340,11.8,3.4,1.6,20.4,0.079,0.1,6.5
256,2013,9,MIN,Trey Burke,University of Michigan,6,321,7806,3533,684,1205,0.406,0.34,0.789,7806,11.0,2.1,3.8,9.0,0.055999999999999994,-2.1,-0.2
257,2013,10,POR,CJ McCollum,Lehigh University,6,361,10621,6282,1085,1036,0.45399999999999996,0.40700000000000003,0.841,10621,17.4,3.0,2.9,23.8,0.10800000000000001,0.3,6.1
258,2013,11,PHI,Michael Carter-Williams,Syracuse University,6,298,8003,3333,1368,1409,0.401,0.251,0.701,8003,11.2,4.6,4.7,4.3,0.026000000000000002,-0.8,2.4
259,2013,12,OKC,Steven Adams,University of Pittsburgh,6,405,10474,3678,2875,376,0.5870000000000001,0.0,0.565,10474,9.1,7.1,0.9,32.2,0.14800000000000002,1.6,9.6
260,2013,13,DAL,Kelly Olynyk,Gonzaga University,6,372,7852,3645,1802,713,0.48100000000000004,0.369,0.7509999999999999,7852,9.8,4.8,1.9,21.0,0.128,1.5,7.0
261,2013,14,UTA,Shabazz Muhammad,"University of California, Los Angeles",5,278,4772,2504,770,151,0.473,0.319,0.7509999999999999,4772,9.0,2.8,0.5,8.5,0.085,-4.1,-2.5
262,2013,15,MIL,Giannis Antetokounmpo,,6,412,13503,7261,3193,1609,0.511,0.272,0.741,13503,17.6,7.8,3.9,42.1,0.15,3.6,19.0
263,2013,16,BOS,Lucas Nogueira,,4,141,1754,446,388,72,0.632,0.265,0.64,1754,3.2,2.8,0.5,6.0,0.165,4.8,3.0
264,2013,17,ATL,Dennis Schroder,,6,371,8913,4874,968,1773,0.433,0.32299999999999995,0.8290000000000001,8913,13.1,2.6,4.8,11.3,0.061,-1.6,0.8
265,2013,18,ATL,Shane Larkin,University of Miami,4,256,4880,1399,490,737,0.42200000000000004,0.336,0.777,4880,5.5,1.9,2.9,4.4,0.044000000000000004,-2.5,-0.6
266,2013,19,CLE,Sergey Karasev,,3,95,1110,287,140,87,0.395,0.282,0.8420000000000001,1110,3.0,1.5,0.9,0.8,0.036000000000000004,-3.1,-0.3
267,2013,20,CHI,Tony Snell,University of New Mexico,6,388,8648,2437,921,403,0.423,0.382,0.81,8648,6.3,2.4,1.0,11.2,0.062,-1.9,0.2
268,2013,21,UTA,Gorgui Dieng,University of Louisville,6,397,9503,3219,2590,575,0.503,0.318,0.7859999999999999,9503,8.1,6.5,1.4,22.0,0.111,1.6,8.5
269,2013,22,BRK,Mason Plumlee,Duke University,6,409,9029,3489,2552,825,0.5670000000000001,0.05,0.562,9029,8.5,6.2,2.0,26.4,0.14,2.3,9.7
270,2013,23,IND,Solomon Hill,University of Arizona,6,270,6196,1638,885,431,0.39399999999999996,0.327,0.816,6196,6.1,3.3,1.6,8.6,0.067,-0.5,2.3
271,2013,24,NYK,Tim Hardaway,University of Michigan,6,358,9126,4558,880,639,0.424,0.34600000000000003,0.812,9126,12.7,2.5,1.8,14.6,0.077,-1.5,1.1
272,2013,25,LAC,Reggie Bullock,University of North Carolina,6,223,3775,1297,420,206,0.441,0.39899999999999997,0.8170000000000001,3775,5.8,1.9,0.9,7.5,0.095,-0.6,1.3
273,2013,26,MIN,Andre Roberson,University of Colorado,5,295,6651,1356,1188,257,0.48200000000000004,0.257,0.467,6651,4.6,4.0,0.9,12.7,0.092,0.6,4.4
274,2013,27,DEN,Rudy Gobert,,6,346,9755,3554,3494,415,0.621,0.0,0.627,9755,10.3,10.1,1.2,41.6,0.205,4.6,16.3
275,2013,28,SAS,Livio Jean-Charles,,0,0,0,0,0,0,0.0,0.0,0.0,0,0.0,0.0,0.0,0.0,0.0,0.0,0.0
276,2013,29,OKC,Archie Goodwin,University of Kentucky,4,165,2396,1040,331,206,0.429,0.23600000000000002,0.7,2396,6.3,2.0,1.2,1.1,0.022000000000000002,-4.2,-1.3
277,2013,30,PHO,Nemanja Nedovic,,1,24,142,26,15,13,0.205,0.16699999999999998,0.875,142,1.1,0.6,0.5,-0.4,-0.132,-10.6,-0.3
280,2013,31,CLE,Allen Crabbe,University of California,6,321,7832,3026,911,374,0.43,0.391,0.848,7832,9.4,2.8,1.2,12.6,0.077,-1.1,1.8
281,2013,32,OKC,Alex Abrines,,3,159,2507,851,223,80,0.38799999999999996,0.37200000000000005,0.875,2507,5.4,1.4,0.5,4.8,0.091,-2.4,-0.3
282,2013,33,CLE,Carrick Felix,Arizona State University,1,7,38,19,6,4,0.5,0.4,0.75,38,2.7,0.9,0.6,0.0,0.057,-4.7,0.0
283,2013,34,HOU,Isaiah Canaan,Murray State University,6,223,4652,1869,426,429,0.371,0.35100000000000003,0.8340000000000001,4652,8.4,1.9,1.9,4.1,0.042,-2.9,-1.0
284,2013,35,PHI,Glen Rice,Georgia Institute of Technology,2,16,152,43,24,9,0.26899999999999996,0.25,0.6920000000000001,152,2.7,1.5,0.6,-0.2,-0.065,-7.3,-0.2
285,2013,36,SAC,Ray McCallum,University of Detroit Mercy,3,154,2808,920,306,368,0.408,0.335,0.711,2808,6.0,2.0,2.4,2.1,0.035,-2.8,-0.6
286,2013,37,DET,Tony Mitchell,University of North Texas,1,21,79,22,26,2,0.41700000000000004,1.0,0.579,79,1.0,1.2,0.1,0.2,0.151,1.3,0.1
287,2013,38,WAS,Nate Wolters,South Dakota State University,3,84,1575,461,185,209,0.423,0.261,0.635,1575,5.5,2.2,2.5,0.9,0.027999999999999997,-4.0,-0.8
288,2013,39,POR,Jeff Withey,University of Kansas,5,206,2072,666,518,64,0.525,0.14300000000000002,0.716,2072,3.2,2.5,0.3,6.8,0.157,0.6,1.4
289,2013,40,POR,Grant Jerrett,University of Arizona,1,8,51,16,9,3,0.26899999999999996,0.067,1.0,51,2.0,1.1,0.4,-0.1,-0.128,-8.4,-0.1
290,2013,41,MEM,Jamaal Franklin,San Diego State University,2,24,174,42,25,9,0.415,0.462,1.0,174,1.8,1.0,0.4,0.0,-0.006,-5.4,-0.1
291,2013,42,PHI,Pierre Jackson,Baylor University,1,8,84,35,9,19,0.33299999999999996,0.273,0.857,84,4.4,1.1,2.4,0.0,0.021,-4.4,-0.1
292,2013,43,MIL,Ricky Ledo,Providence College,2,28,277,109,38,21,0.336,0.371,0.769,277,3.9,1.4,0.8,-0.6,-0.096,-7.8,-0.4
293,2013,44,DAL,Mike Muscala,Bucknell University,6,259,3945,1430,823,233,0.48100000000000004,0.369,0.843,3945,5.5,3.2,0.9,10.0,0.122,0.1,2.1
294,2013,45,POR,Marko Todorovic,,0,0,0,0,0,0,0.0,0.0,0.0,0,0.0,0.0,0.0,0.0,0.0,0.0,0.0
295,2013,46,UTA,Erick Green,Virginia Polytechnic Institute and State University,2,52,452,159,37,42,0.377,0.28800000000000003,0.857,452,3.1,0.7,0.8,0.1,0.011000000000000001,-5.1,-0.3
296,2013,47,ATL,Raul Neto,,4,166,2389,776,203,293,0.439,0.384,0.763,2389,4.7,1.2,1.8,3.4,0.069,-2.2,-0.1
297,2013,48,LAL,Ryan Kelly,Duke University,4,163,3125,981,504,215,0.37799999999999995,0.316,0.797,3125,6.0,3.1,1.3,3.0,0.046,-2.2,-0.2
298,2013,49,CHI,Erik Murphy,University of Florida,1,24,62,6,8,2,0.231,0.0,0.0,62,0.3,0.3,0.1,-0.1,-0.055,-8.1,-0.1
299,2013,50,ATL,James Ennis,"California State University, Long Beach",5,236,4900,1544,739,215,0.455,0.36200000000000004,0.802,4900,6.5,3.1,0.9,9.8,0.096,-0.5,1.8
300,2013,51,ORL,Romero Osby,University of Oklahoma,0,0,0,0,0,0,0.0,0.0,0.0,0,0.0,0.0,0.0,0.0,0.0,0.0,0.0
301,2013,52,MIN,Lorenzo Brown,North Carolina State University,5,91,1108,279,138,170,0.375,0.17,0.7,1108,3.1,1.5,1.9,-0.1,-0.005,-4.0,-0.5
302,2013,53,IND,Colton Iverson,Colorado State University,0,0,0,0,0,0,0.0,0.0,0.0,0,0.0,0.0,0.0,0.0,0.0,0.0,0.0
303,2013,54,WAS,Arsalan Kazemi,University of Oregon,0,0,0,0,0,0,0.0,0.0,0.0,0,0.0,0.0,0.0,0.0,0.0,0.0,0.0
304,2013,55,MEM,Joffrey Lauvergne,,4,208,2823,1159,789,180,0.479,0.285,0.7190000000000001,2823,5.6,3.8,0.9,5.2,0.08900000000000001,-2.6,-0.4
305,2013,56,DET,Peyton Siva,University of Louisville,1,24,224,54,14,34,0.316,0.28,0.733,224,2.3,0.6,1.4,-0.2,-0.032,-7.3,-0.3
306,2013,57,PHO,Alex Oriakhi,University of Missouri,0,0,0,0,0,0,0.0,0.0,0.0,0,0.0,0.0,0.0,0.0,0.0,0.0,0.0
307,2013,58,SAS,Deshaun Thomas,Ohio State University,0,0,0,0,0,0,0.0,0.0,0.0,0,0.0,0.0,0.0,0.0,0.0,0.0,0.0
308,2013,59,MIN,Bojan Dubljevic,,0,0,0,0,0,0,0.0,0.0,0.0,0,0.0,0.0,0.0,0.0,0.0,0.0,0.0
309,2013,60,MEM,Janis Timma,,0,0,0,0,0,0,0.0,0.0,0.0,0,0.0,0.0,0.0,0.0,0.0,0.0,0.0
310,2014,1,CLE,Andrew Wiggins,University of Kansas,5,344,12399,6706,1414,723,0.444,0.332,0.741,12399,19.5,4.1,2.1,12.3,0.048,-2.4,-1.4
311,2014,2,MIL,Jabari Parker,Duke University,5,204,6291,3136,1150,423,0.486,0.34299999999999997,0.747,6291,15.4,5.6,2.1,10.3,0.078,-1.6,0.7
312,2014,3,PHI,Joel Embiid,University of Kansas,3,116,3463,2690,1225,343,0.47700000000000004,0.324,0.782,3463,23.2,10.6,3.0,11.2,0.155,3.0,4.3
313,2014,4,ORL,Aaron Gordon,University of Arizona,5,283,7509,3324,1684,498,0.45299999999999996,0.314,0.698,7509,11.7,6.0,1.8,14.2,0.091,0.0,3.9
314,2014,5,UTA,Dante Exum,,4,183,3646,1066,329,397,0.39299999999999996,0.303,0.755,3646,5.8,1.8,2.2,1.8,0.024,-3.3,-1.2
315,2014,6,BOS,Marcus Smart,Oklahoma State University,5,282,7992,2601,1027,1098,0.361,0.295,0.757,7992,9.2,3.6,3.9,12.0,0.07200000000000001,0.3,4.5
316,2014,7,LAL,Julius Randle,University of Kentucky,5,259,7174,3595,2304,679,0.498,0.265,0.718,7174,13.9,8.9,2.6,13.7,0.092,-0.7,2.4
317,2014,8,SAC,Nik Stauskas,University of Michigan,5,287,5988,2011,599,467,0.389,0.35100000000000003,0.807,5988,7.0,2.1,1.6,3.3,0.026000000000000002,-3.1,-1.7
318,2014,9,CHH,Noah Vonleh,Indiana University,5,252,4102,1132,1265,136,0.449,0.32,0.6809999999999999,4102,4.5,5.0,0.5,6.6,0.077,-3.1,-1.1
319,2014,10,PHI,Elfrid Payton,University of Louisiana at Lafayette,5,306,9006,3410,1302,1955,0.457,0.301,0.62,9006,11.1,4.3,6.4,12.0,0.064,-0.3,3.9
320,2014,11,DEN,Doug McDermott,Creighton University,5,284,5799,2224,641,218,0.45399999999999996,0.40299999999999997,0.8240000000000001,5799,7.8,2.3,0.8,8.7,0.07200000000000001,-3.1,-1.6
321,2014,12,ORL,Dario Saric,,3,179,4998,2400,1161,418,0.42700000000000005,0.348,0.83,4998,13.4,6.5,2.3,8.0,0.077,-0.6,1.7
322,2014,13,MIN,Zach LaVine,"University of California, Los Angeles",5,250,7322,3731,804,828,0.43700000000000006,0.365,0.8270000000000001,7322,14.9,3.2,3.3,5.6,0.037000000000000005,-2.0,0.0
323,2014,14,PHO,T.J. Warren,North Carolina State University,5,236,6400,3296,978,253,0.501,0.317,0.765,6400,14.0,4.1,1.1,12.1,0.091,-1.1,1.4
324,2014,15,ATL,Adreian Payne,Michigan State University,4,107,1403,429,315,66,0.406,0.254,0.68,1403,4.0,2.9,0.6,-0.6,-0.019,-5.5,-1.2
325,2014,16,CHI,Jusuf Nurkic,,5,258,5638,2784,1939,398,0.489,0.063,0.629,5638,10.8,7.5,1.5,10.7,0.091,0.3,3.2
326,2014,17,BOS,James Young,University of Kentucky,4,95,812,219,96,28,0.36700000000000005,0.27699999999999997,0.563,812,2.3,1.0,0.3,0.8,0.046,-4.0,-0.4
327,2014,18,PHO,Tyler Ennis,Syracuse University,4,186,2336,779,250,359,0.419,0.317,0.768,2336,4.2,1.3,1.9,1.3,0.026000000000000002,-4.6,-1.5
328,2014,19,CHI,Gary Harris,Michigan State University,5,274,7877,3460,702,591,0.466,0.36700000000000005,0.802,7877,12.6,2.6,2.2,15.0,0.091,0.3,4.6
329,2014,20,TOR,Bruno Caboclo,,4,35,213,53,36,9,0.282,0.242,0.833,213,1.5,1.0,0.3,-0.4,-0.08,-6.7,-0.3
330,2014,21,OKC,Mitch McGary,University of Michigan,2,52,557,227,183,17,0.527,0.0,0.58,557,4.4,3.5,0.3,1.3,0.10800000000000001,-3.1,-0.2
331,2014,22,MEM,Jordan Adams,"University of California, Los Angeles",2,32,263,101,30,19,0.402,0.385,0.607,263,3.2,0.9,0.6,0.4,0.07,-0.5,0.1
332,2014,23,UTA,Rodney Hood,Duke University,5,267,7350,3468,799,527,0.42100000000000004,0.371,0.835,7350,13.0,3.0,2.0,14.5,0.094,-0.7,2.3
333,2014,24,CHH,Shabazz Napier,University of Connecticut,5,250,3914,1454,424,470,0.395,0.368,0.799,3914,5.8,1.7,1.9,4.9,0.06,-1.8,0.2
334,2014,25,HOU,Clint Capela,,5,247,5804,2747,2086,212,0.632,0.0,0.493,5804,11.1,8.4,0.9,23.5,0.19399999999999998,1.7,5.4
335,2014,26,MIA,P.J. Hairston,University of North Carolina,2,111,2000,664,266,59,0.34299999999999997,0.295,0.81,2000,6.0,2.4,0.5,0.9,0.021,-3.9,-1.0
336,2014,27,PHO,Bogdan Bogdanovic,,2,87,2399,1042,248,283,0.444,0.389,0.851,2399,12.0,2.9,3.3,3.3,0.065,-1.1,0.6
337,2014,28,LAC,C.J. Wilcox,University of Washington,3,66,376,132,31,30,0.37,0.33299999999999996,0.813,376,2.0,0.5,0.5,0.1,0.006999999999999999,-5.2,-0.3
338,2014,29,OKC,Josh Huestis,Stanford University,3,76,1068,187,180,23,0.34600000000000003,0.312,0.24,1068,2.5,2.4,0.3,0.7,0.03,-3.8,-0.5
339,2014,30,SAS,Kyle Anderson,"University of California, Los Angeles",5,276,5175,1368,1043,500,0.475,0.33299999999999996,0.716,5175,5.0,3.8,1.8,13.6,0.126,2.1,5.4
342,2014,31,MIL,Damien Inglis,,1,20,156,36,31,10,0.35100000000000003,0.231,0.875,156,1.8,1.6,0.5,-0.1,-0.024,-6.4,-0.2
343,2014,32,PHI,K.J. McDaniels,Clemson University,3,148,2092,782,324,95,0.41200000000000003,0.29,0.7759999999999999,2092,5.3,2.2,0.6,1.3,0.03,-3.3,-0.7
344,2014,33,CLE,Joe Harris,University of Virginia,5,207,4235,1688,523,256,0.46399999999999997,0.406,0.778,4235,8.2,2.5,1.2,6.1,0.069,-1.2,0.8
345,2014,34,NYK,Cleanthony Early,Wichita State University,2,56,801,241,123,42,0.34600000000000003,0.263,0.75,801,4.3,2.2,0.8,-0.6,-0.039,-5.7,-0.8
346,2014,35,UTA,Jarnell Stokes,University of Tennessee,3,28,151,67,40,7,0.581,0.0,0.531,151,2.4,1.4,0.3,0.6,0.20199999999999999,1.0,0.1
347,2014,36,MIL,Johnny O'Bryant III,Louisiana State University,4,147,1684,509,352,69,0.402,0.36,0.6629999999999999,1684,3.5,2.4,0.5,0.2,0.006,-6.4,-1.9
348,2014,37,TOR,DeAndre Daniels,University of Connecticut,0,0,0,0,0,0,0.0,0.0,0.0,0,0.0,0.0,0.0,0.0,0.0,0.0,0.0
349,2014,38,DET,Spencer Dinwiddie,University of Colorado,5,206,4839,1975,543,940,0.4,0.325,0.7979999999999999,4839,9.6,2.6,4.6,10.3,0.10300000000000001,-0.6,1.7
350,2014,39,PHI,Jerami Grant,Syracuse University,5,322,7198,2499,1182,342,0.44799999999999995,0.308,0.642,7198,7.8,3.7,1.1,12.7,0.084,-1.5,0.9
351,2014,40,MIN,Glenn Robinson III,University of Michigan,5,188,2801,859,414,108,0.447,0.377,0.73,2801,4.6,2.2,0.6,4.6,0.078,-2.3,-0.2
352,2014,41,DEN,Nikola Jokic,,4,248,6807,3733,2279,1149,0.524,0.359,0.831,6807,15.1,9.2,4.6,29.8,0.21,7.0,15.5
353,2014,42,HOU,Nick Johnson,University of Arizona,1,28,262,74,39,11,0.34700000000000003,0.23800000000000002,0.68,262,2.6,1.4,0.4,-0.1,-0.02,-7.3,-0.3
354,2014,43,ATL,Walter Tavares,,2,13,101,33,32,4,0.625,0.0,0.273,101,2.5,2.5,0.3,0.2,0.11800000000000001,-0.6,0.0
355,2014,44,MIN,Markel Brown,Oklahoma State University,3,113,1794,584,234,132,0.38,0.295,0.7809999999999999,1794,5.2,2.1,1.2,1.1,0.028999999999999998,-2.8,-0.4
356,2014,45,CHH,Dwight Powell,Stanford University,5,269,4472,1810,1129,208,0.541,0.28600000000000003,0.741,4472,6.7,4.2,0.8,16.3,0.174,1.6,4.1
357,2014,46,WAS,Jordan Clarkson,University of Missouri,5,320,8774,4551,1027,871,0.444,0.336,0.812,8774,14.2,3.2,2.7,9.3,0.051,-1.7,0.6
358,2014,47,PHI,Russ Smith,University of Louisville,2,27,131,53,15,19,0.319,0.188,0.769,131,2.0,0.6,0.7,-0.2,-0.068,-6.4,-0.1
359,2014,48,MIL,Lamar Patterson,University of Pittsburgh,2,40,435,93,57,45,0.326,0.23600000000000002,0.72,435,2.3,1.4,1.1,0.1,0.006,-5.5,-0.4
360,2014,49,CHI,Cameron Bairstow,University of New Mexico,2,36,167,44,36,7,0.29600000000000004,0.2,0.846,167,1.2,1.0,0.2,-0.1,-0.021,-7.7,-0.2
361,2014,50,PHO,Alec Brown,University of Wisconsin-Green Bay,0,0,0,0,0,0,0.0,0.0,0.0,0,0.0,0.0,0.0,0.0,0.0,0.0,0.0
362,2014,51,NYK,Thanasis Antetokounmpo,,1,2,6,6,1,0,0.75,0.0,0.0,6,3.0,0.5,0.0,0.0,0.29100000000000004,-4.1,0.0
363,2014,52,PHI,Vasilije Micic,,0,0,0,0,0,0,0.0,0.0,0.0,0,0.0,0.0,0.0,0.0,0.0,0.0,0.0
364,2014,53,MIN,Alessandro Gentile,,0,0,0,0,0,0,0.0,0.0,0.0,0,0.0,0.0,0.0,0.0,0.0,0.0,0.0
365,2014,54,PHI,Nemanja Dangubic,,0,0,0,0,0,0,0.0,0.0,0.0,0,0.0,0.0,0.0,0.0,0.0,0.0,0.0
366,2014,55,MIA,Semaj Christon,Xavier University,1,64,973,183,87,130,0.345,0.19,0.5479999999999999,973,2.9,1.4,2.0,0.1,0.006,-6.3,-1.1
367,2014,56,DEN,Roy Devyn Marble,University of Iowa,2,44,457,97,69,29,0.304,0.222,0.375,457,2.2,1.6,0.7,-0.3,-0.027999999999999997,-5.0,-0.3
368,2014,57,IND,Louis Labeyrie,,0,0,0,0,0,0,0.0,0.0,0.0,0,0.0,0.0,0.0,0.0,0.0,0.0,0.0
369,2014,58,SAS,Jordan McRae,University of Tennessee,3,63,601,262,65,46,0.396,0.373,0.774,601,4.2,1.0,0.7,0.4,0.035,-6.0,-0.6
370,2014,59,TOR,Xavier Thames,San Diego State University,0,0,0,0,0,0,0.0,0.0,0.0,0,0.0,0.0,0.0,0.0,0.0,0.0,0.0
371,2014,60,SAS,Cory Jefferson,Baylor University,2,58,581,205,161,16,0.444,0.125,0.583,581,3.5,2.8,0.3,0.9,0.071,-4.6,-0.4
372,2015,1,MIN,Karl-Anthony Towns,University of Kentucky,4,267,9283,5744,3133,626,0.539,0.38799999999999996,0.84,9283,21.5,11.7,2.3,36.8,0.19,4.3,14.7
373,2015,2,LAL,D'Angelo Russell,Ohio State University,4,212,5892,3154,768,934,0.41100000000000003,0.34600000000000003,0.755,5892,14.9,3.6,4.4,2.7,0.022000000000000002,-0.8,1.8
374,2015,3,PHI,Jahlil Okafor,Duke University,4,140,3137,1724,716,136,0.514,0.2,0.687,3137,12.3,5.1,1.0,3.0,0.047,-4.0,-1.6
375,2015,4,NYK,Kristaps Porzingis,,3,186,5764,3312,1317,248,0.43700000000000006,0.361,0.804,5764,17.8,7.1,1.3,12.1,0.1,-0.1,2.8
376,2015,5,ORL,Mario Hezonja,,4,238,4397,1666,673,298,0.414,0.325,0.81,4397,7.0,2.8,1.3,2.0,0.022000000000000002,-3.0,-1.1
377,2015,6,SAC,Willie Cauley-Stein,University of Kentucky,4,234,5444,2295,1363,333,0.524,0.235,0.624,5444,9.8,5.8,1.4,11.9,0.105,0.0,2.7
378,2015,7,DEN,Emmanuel Mudiay,,4,201,5019,2183,604,828,0.381,0.318,0.73,5019,10.9,3.0,4.1,-1.4,-0.013000000000000001,-3.9,-2.5
379,2015,8,DET,Stanley Johnson,University of Arizona,4,235,5331,1672,812,356,0.37200000000000005,0.29600000000000004,0.763,5331,7.1,3.5,1.5,3.2,0.028999999999999998,-2.0,0.0
380,2015,9,CHO,Frank Kaminsky,University of Wisconsin,4,244,5580,2399,981,398,0.413,0.34700000000000003,0.765,5580,9.8,4.0,1.6,9.4,0.081,-1.2,1.1
381,2015,10,MIA,Justise Winslow,Duke University,4,179,4950,1361,947,385,0.40399999999999997,0.314,0.6579999999999999,4950,7.6,5.3,2.2,5.2,0.05,-1.2,1.0
382,2015,11,IND,Myles Turner,University of Texas at Austin,4,225,6251,2833,1439,264,0.496,0.33299999999999996,0.78,6251,12.6,6.4,1.2,16.7,0.128,0.8,4.3
383,2015,12,UTA,Trey Lyles,University of Kentucky,4,244,4339,1871,971,250,0.439,0.348,0.7040000000000001,4339,7.7,4.0,1.0,7.6,0.084,-2.2,-0.2
384,2015,13,PHO,Devin Booker,University of Kentucky,4,224,7285,4518,739,835,0.428,0.36,0.85,7285,20.2,3.3,3.7,6.8,0.045,-1.7,0.6
385,2015,14,OKC,Cameron Payne,Murray State University,4,132,2095,781,237,323,0.38799999999999996,0.336,0.8,2095,5.9,1.8,2.4,1.8,0.042,-2.9,-0.5
386,2015,15,ATL,Kelly Oubre,University of Kansas,4,243,4998,1924,844,174,0.41100000000000003,0.315,0.7859999999999999,4998,7.9,3.5,0.7,6.5,0.062,-2.5,-0.6
387,2015,16,BOS,Terry Rozier,University of Louisville,4,214,4112,1554,747,443,0.376,0.355,0.767,4112,7.3,3.5,2.1,7.4,0.086,-0.7,1.4
388,2015,17,MIL,Rashad Vaughn,"University of Nevada, Las Vegas",3,139,1671,423,158,75,0.337,0.313,0.6920000000000001,1671,3.0,1.1,0.5,-0.6,-0.017,-5.6,-1.5
389,2015,18,HOU,Sam Dekker,University of Wisconsin,4,162,2477,864,492,123,0.48,0.28800000000000003,0.619,2477,5.3,3.0,0.8,4.7,0.09,-1.7,0.2
390,2015,19,WAS,Jerian Grant,University of Notre Dame,4,234,4384,1507,465,714,0.41,0.317,0.775,4384,6.4,2.0,3.1,6.9,0.075,-2.1,-0.1
391,2015,20,TOR,Delon Wright,University of Utah,4,139,2372,909,319,311,0.455,0.36700000000000005,0.809,2372,6.5,2.3,2.2,6.8,0.138,1.9,2.3
392,2015,21,DAL,Justin Anderson,University of Virginia,4,171,2428,994,472,120,0.42200000000000004,0.295,0.784,2428,5.8,2.8,0.7,4.3,0.084,-1.6,0.2
393,2015,22,CHI,Bobby Portis,University of Arkansas,4,203,3858,1879,1171,218,0.462,0.34299999999999997,0.731,3858,9.3,5.8,1.1,7.4,0.092,-1.7,0.3
394,2015,23,POR,Rondae Hollis-Jefferson,University of Arizona,4,192,4663,1949,1160,390,0.452,0.22699999999999998,0.755,4663,10.2,6.0,2.0,8.2,0.085,-0.6,1.6
395,2015,24,CLE,Tyus Jones,Duke University,4,199,3179,873,279,551,0.41100000000000003,0.33399999999999996,0.802,3179,4.4,1.4,2.8,5.7,0.086,-1.2,0.6
396,2015,25,MEM,Jarell Martin,Louisiana State University,4,155,2726,913,595,105,0.43,0.317,0.768,2726,5.9,3.8,0.7,2.6,0.046,-4.0,-1.3
397,2015,26,SAS,Nikola Milutinov,,0,0,0,0,0,0,0.0,0.0,0.0,0,0.0,0.0,0.0,0.0,0.0,0.0,0.0
398,2015,27,LAL,Larry Nance Jr.,University of Wyoming,4,209,4509,1496,1245,270,0.541,0.22899999999999998,0.687,4509,7.2,6.0,1.3,12.4,0.132,1.6,4.1
399,2015,28,BOS,R.J. Hunter,Georgia State University,3,44,369,116,43,16,0.361,0.282,0.889,369,2.6,1.0,0.4,0.3,0.039,-3.8,-0.2
400,2015,29,BRK,Chris McCullough,Syracuse University,3,59,532,194,112,15,0.426,0.306,0.5479999999999999,532,3.3,1.9,0.3,0.6,0.054000000000000006,-2.3,0.0
401,2015,30,GSW,Kevon Looney,"University of California, Los Angeles",4,146,1785,540,461,107,0.573,0.222,0.6,1785,3.7,3.2,0.7,5.8,0.155,1.3,1.5
404,2015,31,MIN,Cedi Osman,,2,78,1200,433,206,83,0.431,0.355,0.667,1200,5.6,2.6,1.1,0.8,0.031,-3.2,-0.4
405,2015,32,HOU,Montrezl Harrell,University of Louisville,4,192,3223,1803,730,183,0.642,0.133,0.629,3223,9.4,3.8,1.0,13.1,0.195,2.1,3.3
406,2015,33,BOS,Jordan Mickey,Louisiana State University,3,64,482,152,128,17,0.449,0.11800000000000001,0.605,482,2.4,2.0,0.3,0.5,0.05,-4.8,-0.3
407,2015,34,LAL,Anthony Brown,Stanford University,3,41,762,161,103,28,0.32799999999999996,0.28600000000000003,0.85,762,3.9,2.5,0.7,-0.2,-0.016,-4.8,-0.5
408,2015,35,PHI,Willy Hernangomez,,3,135,2032,945,759,144,0.534,0.43200000000000005,0.706,2032,7.0,5.6,1.1,6.2,0.146,0.6,1.3
409,2015,36,MIN,Rakeem Christmas,Syracuse University,2,30,225,63,57,4,0.467,0.0,0.7240000000000001,225,2.1,1.9,0.1,0.5,0.105,-4.0,-0.1
410,2015,37,PHI,Richaun Holmes,Bowling Green State University,4,174,2854,1247,729,158,0.5529999999999999,0.257,0.669,2854,7.2,4.2,0.9,8.6,0.14400000000000002,0.9,2.1
411,2015,38,DET,Darrun Hilliard,Villanova University,3,91,859,295,85,71,0.377,0.304,0.747,859,3.2,0.9,0.8,0.3,0.016,-5.1,-0.7
412,2015,39,CHO,Juan Pablo Vaulet,,0,0,0,0,0,0,0.0,0.0,0.0,0,0.0,0.0,0.0,0.0,0.0,0.0,0.0
413,2015,40,MIA,Josh Richardson,University of Tennessee,4,205,6073,2313,635,505,0.434,0.385,0.797,6073,11.3,3.1,2.5,11.7,0.092,0.9,4.5
414,2015,41,BRK,Pat Connaughton,University of Notre Dame,4,172,2252,699,320,157,0.42700000000000005,0.359,0.8029999999999999,2252,4.1,1.9,0.9,4.0,0.085,-1.2,0.4
415,2015,42,UTA,Olivier Hanlan,Boston College,0,0,0,0,0,0,0.0,0.0,0.0,0,0.0,0.0,0.0,0.0,0.0,0.0,0.0
416,2015,43,IND,Joseph Young,University of Oregon,3,127,1077,429,130,119,0.39299999999999996,0.29600000000000004,0.768,1077,3.4,1.0,0.9,0.4,0.016,-5.3,-0.9
417,2015,44,PHO,Andrew Harrison,University of Kentucky,3,137,2920,996,280,389,0.376,0.299,0.779,2920,7.3,2.0,2.8,3.4,0.055,-2.5,-0.4
418,2015,45,BOS,Marcus Thornton,College of William & Mary,0,0,0,0,0,0,0.0,0.0,0.0,0,0.0,0.0,0.0,0.0,0.0,0.0,0.0
419,2015,46,MIL,Norman Powell,"University of California, Los Angeles",4,206,3319,1349,421,228,0.429,0.32799999999999996,0.799,3319,6.5,2.0,1.1,5.3,0.076,-1.6,0.3
420,2015,47,PHI,Arturas Gudaitis,,0,0,0,0,0,0,0.0,0.0,0.0,0,0.0,0.0,0.0,0.0,0.0,0.0,0.0
421,2015,48,OKC,Dakari Johnson,University of Kentucky,1,31,161,55,34,8,0.564,0.0,0.55,161,1.8,1.1,0.3,0.6,0.17800000000000002,0.3,0.1
422,2015,49,WAS,Aaron White,University of Iowa,0,0,0,0,0,0,0.0,0.0,0.0,0,0.0,0.0,0.0,0.0,0.0,0.0,0.0
423,2015,50,ATL,Marcus Eriksson,,0,0,0,0,0,0,0.0,0.0,0.0,0,0.0,0.0,0.0,0.0,0.0,0.0,0.0
424,2015,51,ORL,Tyler Harvey,Eastern Washington University,0,0,0,0,0,0,0.0,0.0,0.0,0,0.0,0.0,0.0,0.0,0.0,0.0,0.0
425,2015,52,DAL,Satnam Singh,,0,0,0,0,0,0,0.0,0.0,0.0,0,0.0,0.0,0.0,0.0,0.0,0.0,0.0
426,2015,53,CLE,Sir'Dominic Pointer,St. John's University,0,0,0,0,0,0,0.0,0.0,0.0,0,0.0,0.0,0.0,0.0,0.0,0.0,0.0
427,2015,54,UTA,Dani Diez,,0,0,0,0,0,0,0.0,0.0,0.0,0,0.0,0.0,0.0,0.0,0.0,0.0,0.0
428,2015,55,SAS,Cady Lalanne,University of Massachusetts Amherst,0,0,0,0,0,0,0.0,0.0,0.0,0,0.0,0.0,0.0,0.0,0.0,0.0,0.0
429,2015,56,NOP,Branden Dawson,Michigan State University,1,6,29,5,4,0,0.4,0.0,1.0,29,0.8,0.7,0.0,0.0,0.069,-6.6,0.0
430,2015,57,DEN,Nikola Radicevic,,0,0,0,0,0,0,0.0,0.0,0.0,0,0.0,0.0,0.0,0.0,0.0,0.0,0.0
431,2015,58,PHI,J.P. Tokoto,University of North Carolina,0,0,0,0,0,0,0.0,0.0,0.0,0,0.0,0.0,0.0,0.0,0.0,0.0,0.0
432,2015,59,ATL,Dimitrios Agravanis,,0,0,0,0,0,0,0.0,0.0,0.0,0,0.0,0.0,0.0,0.0,0.0,0.0,0.0
433,2015,60,PHI,Luka Mitrovic,,0,0,0,0,0,0,0.0,0.0,0.0,0,0.0,0.0,0.0,0.0,0.0,0.0,0.0
434,2016,1,PHI,Ben Simmons,Louisiana State University,2,102,3437,1605,842,827,0.545,0.0,0.5710000000000001,3437,15.7,8.3,8.1,11.2,0.157,4.3,5.5
435,2016,2,LAL,Brandon Ingram,Duke University,3,153,4734,1926,699,428,0.441,0.33,0.657,4734,12.6,4.6,2.8,2.7,0.027000000000000003,-2.8,-1.0
436,2016,3,BOS,Jaylen Brown,University of California,3,167,4026,1743,644,202,0.452,0.36,0.654,4026,10.4,3.9,1.2,6.2,0.07400000000000001,-2.0,0.0
437,2016,4,PHO,Dragan Bender,,3,131,2669,681,470,155,0.377,0.342,0.6940000000000001,2669,5.2,3.6,1.2,-0.4,-0.008,-3.1,-0.8
438,2016,5,MIN,Kris Dunn,Providence College,3,131,2888,1001,391,505,0.41100000000000003,0.308,0.6940000000000001,2888,7.6,3.0,3.9,0.8,0.013999999999999999,-1.2,0.6
439,2016,6,NOP,Buddy Hield,University of Oklahoma,3,182,4533,2321,687,329,0.444,0.41700000000000004,0.853,4533,12.8,3.8,1.8,5.1,0.054000000000000006,-1.2,0.9
440,2016,7,DEN,Jamal Murray,University of Kentucky,3,183,5004,2510,598,535,0.431,0.353,0.895,5004,13.7,3.3,2.9,8.1,0.078,-1.1,1.2
441,2016,8,SAC,Marquese Chriss,University of Washington,3,160,3299,1319,748,144,0.43700000000000006,0.305,0.617,3299,8.2,4.7,0.9,2.4,0.035,-1.9,0.1
442,2016,9,TOR,Jakob Poeltl,University of Utah,3,152,2338,799,622,84,0.637,0.5,0.584,2338,5.3,4.1,0.6,7.9,0.163,2.2,2.5
443,2016,10,MIL,Thon Maker,,3,143,1941,642,374,76,0.42700000000000005,0.332,0.669,1941,4.5,2.6,0.5,3.1,0.076,-2.2,-0.1
444,2016,11,ORL,Domantas Sabonis,Gonzaga University,3,174,3911,1613,1044,295,0.49200000000000005,0.33799999999999997,0.7290000000000001,3911,9.3,6.0,1.7,8.0,0.099,-1.4,0.6
445,2016,12,UTA,Taurean Prince,Baylor University,3,158,3933,1750,617,310,0.419,0.369,0.831,3933,11.1,3.9,2.0,3.1,0.037000000000000005,-1.4,0.6
446,2016,13,PHO,Georgios Papagiannis,,2,39,477,160,123,29,0.514,0.0,0.857,477,4.1,3.2,0.7,0.4,0.044000000000000004,-3.0,-0.1
447,2016,14,CHI,Denzel Valentine,Michigan State University,2,134,3071,1074,544,307,0.39899999999999997,0.374,0.754,3071,8.0,4.1,2.3,3.1,0.048,-1.2,0.6
448,2016,15,DEN,Juan Hernangomez,,3,106,1595,555,340,55,0.445,0.389,0.779,1595,5.2,3.2,0.5,3.6,0.109,-0.9,0.4
449,2016,16,BOS,Guerschon Yabusele,,2,44,277,97,62,19,0.40299999999999997,0.302,0.733,277,2.2,1.4,0.4,0.7,0.124,-0.8,0.1
450,2016,17,MEM,Wade Baldwin,Vanderbilt University,3,48,530,151,59,72,0.35100000000000003,0.258,0.787,530,3.1,1.2,1.5,-0.3,-0.025,-5.5,-0.5
451,2016,18,DET,Henry Ellenson,Marquette University,3,58,483,218,125,27,0.363,0.32,0.795,483,3.8,2.2,0.5,0.0,-0.003,-7.4,-0.7
452,2016,19,DEN,Malik Beasley,Florida State University,3,104,1094,413,133,59,0.431,0.349,0.7020000000000001,1094,4.0,1.3,0.6,1.1,0.048,-4.1,-0.6
453,2016,20,IND,Caris LeVert,University of Michigan,3,142,3517,1583,508,461,0.446,0.33299999999999996,0.716,3517,11.1,3.6,3.2,5.0,0.068,-0.5,1.3
454,2016,21,ATL,DeAndre Bembry,Saint Joseph's University,3,84,1290,405,226,127,0.426,0.28600000000000003,0.564,1290,4.8,2.7,1.5,0.1,0.005,-3.5,-0.5
455,2016,22,CHO,Malachi Richardson,Syracuse University,3,60,590,184,67,24,0.358,0.289,0.773,590,3.1,1.1,0.4,-0.1,-0.012,-6.7,-0.7
456,2016,23,BOS,Ante Zizic,,2,47,337,173,102,10,0.6759999999999999,0.0,0.7140000000000001,337,3.7,2.2,0.2,1.2,0.16399999999999998,-2.1,0.0
457,2016,24,PHI,Timothe Luwawu,,3,133,2103,778,237,133,0.389,0.32,0.8320000000000001,2103,5.8,1.8,1.0,1.7,0.039,-4.3,-1.2
458,2016,25,LAC,Brice Johnson,University of North Carolina,2,21,107,47,34,3,0.449,0.0,0.6,107,2.2,1.6,0.1,0.1,0.062,-2.5,0.0
459,2016,26,PHI,Furkan Korkmaz,,2,28,224,76,38,16,0.364,0.289,0.636,224,2.7,1.4,0.6,0.2,0.051,-3.5,-0.1
460,2016,27,TOR,Pascal Siakam,New Mexico State University,3,157,3149,1123,690,224,0.5329999999999999,0.24,0.687,3149,7.2,4.4,1.4,9.0,0.138,1.9,3.1
461,2016,28,PHO,Skal Labissiere,University of Kentucky,3,100,1892,829,459,101,0.47600000000000003,0.344,0.7659999999999999,1892,8.3,4.6,1.0,2.7,0.068,-2.6,-0.3
462,2016,29,SAS,Dejounte Murray,University of Washington,2,119,2065,784,501,279,0.441,0.316,0.708,2065,6.6,4.2,2.3,3.2,0.07400000000000001,0.3,1.2
463,2016,30,GSW,Damian Jones,Vanderbilt University,3,47,553,163,107,28,0.654,0.0,0.563,553,3.5,2.3,0.6,1.5,0.128,0.3,0.3
466,2016,31,BOS,Deyonta Davis,Michigan State University,2,98,1181,418,310,42,0.593,0.0,0.64,1181,4.3,3.2,0.4,3.2,0.13,-1.5,0.2
467,2016,32,LAL,Ivica Zubac,,3,86,1059,459,301,57,0.516,0.0,0.721,1059,5.3,3.5,0.7,2.2,0.1,-2.4,-0.1
468,2016,33,LAC,Cheick Diallo,University of Kansas,3,84,926,403,340,29,0.545,0.0,0.752,926,4.8,4.0,0.3,2.8,0.147,-3.2,-0.3
469,2016,34,PHO,Tyler Ulis,University of Kentucky,3,133,2782,998,223,537,0.40299999999999997,0.28,0.8079999999999999,2782,7.5,1.7,4.0,0.5,0.008,-4.7,-1.9
470,2016,35,BOS,Rade Zagorac,,0,0,0,0,0,0,0.0,0.0,0.0,0,0.0,0.0,0.0,0.0,0.0,0.0,0.0
471,2016,36,MIL,Malcolm Brogdon,University of Virginia,3,143,4024,1685,454,535,0.475,0.401,0.8859999999999999,4024,11.8,3.2,3.7,8.7,0.10400000000000001,-0.6,1.5
472,2016,37,HOU,Chinanu Onuaku,University of Louisville,2,6,74,18,14,4,0.583,0.0,1.0,74,3.0,2.3,0.7,0.1,0.043,-4.1,0.0
473,2016,38,MIL,Patrick McCaw,"University of Nevada, Las Vegas",2,128,2035,511,182,158,0.42100000000000004,0.29600000000000004,0.775,2035,4.0,1.4,1.2,2.3,0.054000000000000006,-2.6,-0.3
474,2016,39,NOP,David Michineau,,0,0,0,0,0,0,0.0,0.0,0.0,0,0.0,0.0,0.0,0.0,0.0,0.0,0.0
475,2016,40,NOP,Diamond Stone,University of Maryland,1,7,24,10,6,0,0.231,0.0,1.0,24,1.4,0.9,0.0,-0.1,-0.21100000000000002,-24.1,-0.1
476,2016,41,ORL,Stephen Zimmerman,"University of Nevada, Las Vegas",1,19,108,23,35,4,0.32299999999999995,0.0,0.6,108,1.2,1.8,0.2,0.0,-0.005,-7.3,-0.1
477,2016,42,UTA,Isaiah Whitehead,Seton Hall University,2,89,1823,643,210,212,0.41100000000000003,0.305,0.7879999999999999,1823,7.2,2.4,2.4,-0.9,-0.025,-4.9,-1.4
478,2016,43,HOU,Zhou Qi,,2,19,125,24,22,2,0.212,0.105,0.667,125,1.3,1.2,0.1,-0.2,-0.09300000000000001,-7.1,-0.2
479,2016,44,ATL,Isaia Cordinier,,0,0,0,0,0,0,0.0,0.0,0.0,0,0.0,0.0,0.0,0.0,0.0,0.0,0.0
480,2016,45,BOS,Demetrius Jackson,University of Notre Dame,2,20,97,26,16,12,0.455,0.25,0.5,97,1.3,0.8,0.6,0.1,0.028999999999999998,-3.4,0.0
481,2016,46,DAL,A.J. Hammons,Purdue University,1,22,163,48,36,4,0.405,0.5,0.45,163,2.2,1.6,0.2,0.0,-0.001,-5.6,-0.1
482,2016,47,ORL,Jake Layman,University of Maryland,3,89,709,208,84,29,0.373,0.29100000000000004,0.6920000000000001,709,2.3,0.9,0.3,0.2,0.013999999999999999,-3.5,-0.3
483,2016,48,CHI,Paul Zipser,,2,98,1667,458,256,82,0.371,0.335,0.769,1667,4.7,2.6,0.8,-0.1,-0.002,-4.8,-1.2
484,2016,49,DET,Michael Gbinije,Syracuse University,1,9,32,4,3,2,0.1,0.0,1.0,32,0.4,0.3,0.2,-0.1,-0.136,-10.5,-0.1
485,2016,50,IND,Georges Niang,Iowa State University,3,49,254,88,48,15,0.363,0.28300000000000003,0.818,254,1.8,1.0,0.3,-0.1,-0.012,-5.7,-0.2
486,2016,51,BOS,Ben Bentil,Providence College,1,3,10,0,2,0,0.0,0.0,0.0,10,0.0,0.7,0.0,-0.1,-0.473,-26.9,-0.1
487,2016,52,UTA,Joel Bolomboy,Weber State University,2,18,91,31,27,2,0.545,0.2,0.5,91,1.7,1.5,0.1,0.3,0.132,-3.7,0.0
488,2016,53,DEN,Petr Cornelie,,0,0,0,0,0,0,0.0,0.0,0.0,0,0.0,0.0,0.0,0.0,0.0,0.0,0.0
489,2016,54,ATL,Kay Felder,Oakland University,2,58,526,223,59,78,0.364,0.268,0.754,526,3.8,1.0,1.3,-0.4,-0.040999999999999995,-7.7,-0.8
490,2016,55,BRK,Marcus Paige,University of North Carolina,1,5,28,12,4,3,0.28600000000000003,0.25,1.0,28,2.4,0.8,0.6,0.0,-0.006,-6.9,0.0
491,2016,56,DEN,Daniel Hamilton,University of Connecticut,2,7,36,13,5,8,0.385,0.33299999999999996,0.5,36,1.9,0.7,1.1,0.0,0.04,-6.0,0.0
492,2016,57,MEM,Wang Zhelin,,0,0,0,0,0,0,0.0,0.0,0.0,0,0.0,0.0,0.0,0.0,0.0,0.0,0.0
493,2016,58,BOS,Abdel Nader,Iowa State University,2,55,537,152,74,27,0.34,0.34299999999999997,0.59,537,2.8,1.3,0.5,-0.2,-0.013999999999999999,-5.5,-0.5
494,2016,59,SAC,Isaiah Cousins,University of Oklahoma,0,0,0,0,0,0,0.0,0.0,0.0,0,0.0,0.0,0.0,0.0,0.0,0.0,0.0
495,2016,60,UTA,Tyrone Wallace,University of California,2,42,933,327,115,74,0.445,0.22699999999999998,0.7440000000000001,933,7.8,2.7,1.8,0.7,0.037000000000000005,-2.5,-0.1
496,2017,1,PHI,Markelle Fultz,University of Washington,2,33,680,255,113,112,0.414,0.267,0.534,680,7.7,3.4,3.4,0.5,0.037000000000000005,-3.0,-0.2
497,2017,2,LAL,Lonzo Ball,"University of California, Los Angeles",2,71,2294,685,466,464,0.369,0.315,0.47100000000000003,2294,9.6,6.6,6.5,2.7,0.055999999999999994,1.3,1.9
498,2017,3,BOS,Jayson Tatum,Duke University,2,101,3108,1456,540,170,0.46799999999999997,0.426,0.828,3108,14.4,5.3,1.7,8.9,0.13699999999999998,0.9,2.2
499,2017,4,PHO,Josh Jackson,University of Kansas,2,96,2288,1149,395,147,0.41600000000000004,0.27,0.63,2288,12.0,4.1,1.5,-1.5,-0.033,-4.7,-1.6
500,2017,5,SAC,De'Aaron Fox,University of Kentucky,2,93,2677,1193,284,470,0.426,0.32899999999999996,0.7070000000000001,2677,12.8,3.1,5.1,0.6,0.011000000000000001,-3.3,-0.8
501,2017,6,ORL,Jonathan Isaac,Florida State University,2,42,864,268,177,27,0.40299999999999997,0.32899999999999996,0.764,864,6.4,4.2,0.6,0.8,0.045,-1.8,0.0
502,2017,7,MIN,Lauri Markkanen,University of Arizona,1,68,2020,1033,508,79,0.434,0.36200000000000004,0.843,2020,15.2,7.5,1.2,3.3,0.079,-1.9,0.1
503,2017,8,NYK,Frank Ntilikina,,2,99,2209,598,221,310,0.361,0.304,0.762,2209,6.0,2.2,3.1,-1.1,-0.024,-3.9,-1.1
504,2017,9,DAL,Dennis Smith,North Carolina State University,2,85,2496,1274,303,420,0.402,0.325,0.6859999999999999,2496,15.0,3.6,4.9,-0.5,-0.01,-2.4,-0.3
505,2017,10,SAC,Zach Collins,Gonzaga University,2,86,1444,461,308,73,0.433,0.325,0.75,1444,5.4,3.6,0.8,1.6,0.054000000000000006,-1.8,0.1
506,2017,11,CHO,Malik Monk,University of Kentucky,2,82,1261,640,101,131,0.364,0.34,0.863,1261,7.8,1.2,1.6,0.2,0.009000000000000001,-4.1,-0.7
507,2017,12,DET,Luke Kennard,Duke University,2,76,1506,575,181,127,0.449,0.41600000000000004,0.855,1506,7.6,2.4,1.7,2.7,0.087,-1.5,0.2
508,2017,13,DEN,Donovan Mitchell,University of Louisville,2,96,3190,1966,340,354,0.433,0.332,0.804,3190,20.5,3.5,3.7,5.6,0.084,0.6,2.1
509,2017,14,MIA,Bam Adebayo,University of Kentucky,2,88,1729,622,515,124,0.513,0.0,0.716,1729,7.1,5.9,1.4,5.4,0.149,0.3,1.0
510,2017,15,POR,Justin Jackson,University of North Carolina,2,87,1903,574,241,103,0.43799999999999994,0.303,0.75,1903,6.6,2.8,1.2,1.6,0.04,-3.0,-0.5
511,2017,16,CHI,Justin Patton,Creighton University,1,1,4,2,0,0,0.5,0.0,0.0,4,2.0,0.0,0.0,0.0,0.151,3.3,0.0
512,2017,17,MIL,D.J. Wilson,University of Michigan,1,22,71,21,10,3,0.563,0.4,0.5,71,1.0,0.5,0.1,0.1,0.054000000000000006,-4.1,0.0
513,2017,18,IND,T.J. Leaf,"University of California, Los Angeles",2,66,549,182,101,13,0.452,0.392,0.625,549,2.8,1.5,0.2,0.8,0.067,-5.1,-0.4
514,2017,19,ATL,John Collins,Wake Forest University,2,79,1905,852,570,113,0.581,0.327,0.716,1905,10.8,7.2,1.4,5.7,0.14400000000000002,1.6,1.7
515,2017,20,POR,Harry Giles,Duke University,1,16,169,81,52,18,0.447,0.0,0.41700000000000004,169,5.1,3.3,1.1,-0.1,-0.023,-3.2,-0.1
516,2017,21,OKC,Terrance Ferguson,,2,76,1083,251,77,29,0.4,0.313,0.857,1083,3.3,1.0,0.4,1.4,0.06,-2.8,-0.2
517,2017,22,BRK,Jarrett Allen,University of Texas at Austin,2,91,1962,823,547,78,0.588,0.233,0.742,1962,9.0,6.0,0.9,6.2,0.152,1.0,1.5
518,2017,23,TOR,OG Anunoby,Indiana University,2,89,1813,575,221,64,0.47200000000000003,0.358,0.581,1813,6.5,2.5,0.7,3.6,0.095,0.3,1.1
519,2017,24,UTA,Tyler Lydon,Syracuse University,2,7,24,11,4,0,0.667,0.667,0.5,24,1.6,0.6,0.0,0.1,0.213,-2.4,0.0
520,2017,25,ORL,Anzejs Pasecniks,,0,0,0,0,0,0,0.0,0.0,0.0,0,0.0,0.0,0.0,0.0,0.0,0.0,0.0
521,2017,26,POR,Caleb Swanigan,Purdue University,2,37,288,86,94,19,0.366,0.16699999999999998,0.696,288,2.3,2.5,0.5,-0.1,-0.024,-6.1,-0.3
522,2017,27,BRK,Kyle Kuzma,University of Utah,2,96,2979,1554,574,168,0.45399999999999996,0.355,0.711,2979,16.2,6.0,1.8,4.6,0.075,-1.6,0.3
523,2017,28,LAL,Tony Bradley,University of North Carolina,1,9,29,8,11,1,0.273,0.0,1.0,29,0.9,1.2,0.1,0.0,0.033,-9.6,-0.1
524,2017,29,SAS,Derrick White,University of Colorado,2,28,334,110,51,38,0.391,0.419,0.735,334,3.9,1.8,1.4,0.4,0.062,-2.7,-0.1
525,2017,30,UTA,Josh Hart,Villanova University,2,82,1934,677,334,102,0.46299999999999997,0.4,0.7020000000000001,1934,8.3,4.1,1.2,4.4,0.10800000000000001,0.2,1.0
528,2017,31,CHO,Frank Jackson,Duke University,1,15,180,64,10,9,0.365,0.29600000000000004,0.7140000000000001,180,4.3,0.7,0.6,-0.2,-0.05,-8.4,-0.3
529,2017,32,PHO,Davon Reed,University of Miami,2,24,248,63,39,13,0.289,0.289,0.667,248,2.6,1.6,0.5,-0.3,-0.057999999999999996,-6.7,-0.3
530,2017,33,ORL,Wesley Iwundu,Kansas State University,2,79,1311,307,172,74,0.415,0.21899999999999997,0.743,1311,3.9,2.2,0.9,0.8,0.031,-3.7,-0.6
531,2017,34,SAC,Frank Mason,University of Kansas,2,71,1256,517,156,207,0.38,0.308,0.797,1256,7.3,2.2,2.9,0.7,0.027999999999999997,-3.6,-0.5
532,2017,35,ORL,Ivan Rabb,University of California,2,44,569,220,176,37,0.57,0.0,0.78,569,5.0,4.0,0.8,1.2,0.102,-1.8,0.0
533,2017,36,PHI,Jonah Bolden,,1,6,40,10,9,2,0.364,0.14300000000000002,0.5,40,1.7,1.5,0.3,0.0,0.003,-3.9,0.0
534,2017,37,BOS,Semi Ojeleye,Southern Methodist University,2,87,1297,231,182,21,0.35600000000000004,0.315,0.583,1297,2.7,2.1,0.2,1.2,0.045,-3.8,-0.6
535,2017,38,CHI,Jordan Bell,University of Oregon,2,78,1056,316,261,128,0.623,0.0,0.6890000000000001,1056,4.1,3.3,1.6,3.8,0.171,3.7,1.5
536,2017,39,PHI,Jawun Evans,Oklahoma State University,1,48,778,231,84,100,0.35200000000000004,0.278,0.7759999999999999,778,4.8,1.8,2.1,-0.2,-0.011000000000000001,-4.7,-0.5
537,2017,40,NOP,Dwayne Bacon,Florida State University,2,65,883,258,149,48,0.406,0.32799999999999996,0.8109999999999999,883,4.0,2.3,0.7,0.2,0.013000000000000001,-5.3,-0.7
538,2017,41,ATL,Tyler Dorsey,University of Oregon,2,66,1079,436,145,85,0.373,0.35100000000000003,0.667,1079,6.6,2.2,1.3,0.3,0.013000000000000001,-4.7,-0.7
539,2017,42,UTA,Thomas Bryant,Indiana University,2,25,169,69,43,13,0.491,0.105,0.684,169,2.8,1.7,0.5,0.4,0.11199999999999999,-0.6,0.1
540,2017,43,HOU,Isaiah Hartenstein,,1,18,154,40,29,9,0.484,0.25,0.75,154,2.2,1.6,0.5,0.2,0.05,-2.4,0.0
541,2017,44,NYK,Damyean Dotson,University of Oregon,2,59,877,333,152,47,0.439,0.32299999999999995,0.6759999999999999,877,5.6,2.6,0.8,1.0,0.053,-2.8,-0.2
542,2017,45,HOU,Dillon Brooks,University of Oregon,2,93,2558,973,280,145,0.43799999999999994,0.35700000000000004,0.75,2558,10.5,3.0,1.6,1.4,0.026000000000000002,-3.1,-0.7
543,2017,46,PHI,Sterling Brown,Southern Methodist University,2,67,883,258,163,32,0.40700000000000003,0.33,0.8390000000000001,883,3.9,2.4,0.5,0.8,0.044000000000000004,-4.0,-0.4
544,2017,47,IND,Ike Anigbogu,"University of California, Los Angeles",2,14,36,13,12,1,0.33299999999999996,0.0,0.833,36,0.9,0.9,0.1,0.0,0.055999999999999994,-6.7,0.0
545,2017,48,MIL,Sindarius Thornwell,University of South Carolina,2,79,1200,288,149,71,0.426,0.365,0.685,1200,3.6,1.9,0.9,1.0,0.040999999999999995,-1.7,0.1
546,2017,49,DEN,Vlatko Cancar,,0,0,0,0,0,0,0.0,0.0,0.0,0,0.0,0.0,0.0,0.0,0.0,0.0,0.0
547,2017,50,PHI,Mathias Lessort,,0,0,0,0,0,0,0.0,0.0,0.0,0,0.0,0.0,0.0,0.0,0.0,0.0,0.0
548,2017,51,DEN,Monte Morris,Iowa State University,2,23,500,185,53,88,0.469,0.415,0.857,500,8.0,2.3,3.8,1.7,0.162,0.2,0.3
549,2017,52,NOP,Edmond Sumner,Xavier University,2,7,26,7,2,1,0.5,0.5,0.0,26,1.0,0.3,0.1,0.0,-0.036000000000000004,-6.9,0.0
550,2017,53,BOS,Kadeem Allen,University of Arizona,1,18,107,19,11,12,0.273,0.0,0.778,107,1.1,0.6,0.7,-0.1,-0.039,-6.4,-0.1
551,2017,54,PHO,Alec Peters,Valparaiso University,1,20,225,82,37,12,0.37799999999999995,0.31,0.8,225,4.1,1.9,0.6,0.3,0.055,-3.3,-0.1
552,2017,55,UTA,Nigel Williams-Goss,Gonzaga University,0,0,0,0,0,0,0.0,0.0,0.0,0,0.0,0.0,0.0,0.0,0.0,0.0,0.0
553,2017,56,BOS,Jabari Bird,University of California,1,13,115,39,19,8,0.5770000000000001,0.429,0.462,115,3.0,1.5,0.6,0.2,0.098,-2.1,0.0
554,2017,57,BRK,Aleksandar Vezenkov,,0,0,0,0,0,0,0.0,0.0,0.0,0,0.0,0.0,0.0,0.0,0.0,0.0,0.0
555,2017,58,NYK,Ognjen Jaramaz,,0,0,0,0,0,0,0.0,0.0,0.0,0,0.0,0.0,0.0,0.0,0.0,0.0,0.0
556,2017,59,SAS,Jaron Blossomgame,Clemson University,0,0,0,0,0,0,0.0,0.0,0.0,0,0.0,0.0,0.0,0.0,0.0,0.0,0.0
557,2017,60,ATL,Alpha Kaba,,0,0,0,0,0,0,0.0,0.0,0.0,0,0.0,0.0,0.0,0.0,0.0,0.0,0.0
